R,G,B,X,Y,Z,label
0.000000000000000000e+00,0.000000000000000000e+00,0.000000000000000000e+00,1.278136867781566322e-01,1.569253504276275635e-01,2.404069363806411452e-01,channels
3.921568627450980338e-03,0.000000000000000000e+00,0.000000000000000000e+00,6.926573005602914002e-01,3.917488157749176025e-01,2.182935281031218866e-01,channels
7.843137254901960675e-03,0.000000000000000000e+00,0.000000000000000000e+00,1.358622606868127525e+00,6.708987951278686523e-01,2.516518286747388422e-01,channels
1.176470588235294101e-02,0.000000000000000000e+00,0.000000000000000000e+00,2.054368117904776803e+00,9.835459589958190918e-01,3.070507375632287039e-01,channels
1.568627450980392135e-02,0.000000000000000000e+00,0.000000000000000000e+00,2.809215106015454655e+00,1.329622745513916016e+00,3.354846604282178957e-01,channels
1.960784313725490169e-02,0.000000000000000000e+00,0.000000000000000000e+00,3.391576962614064161e+00,1.564107775688171387e+00,3.550033928907974645e-01,channels
2.352941176470588203e-02,0.000000000000000000e+00,0.000000000000000000e+00,4.101187180672845933e+00,1.879552841186523438e+00,3.645710000918896965e-01,channels
2.745098039215686236e-02,0.000000000000000000e+00,0.000000000000000000e+00,4.509303817099759470e+00,2.052336215972900391e+00,3.353831139520148108e-01,channels
3.137254901960784270e-02,0.000000000000000000e+00,0.000000000000000000e+00,4.898419891871378162e+00,2.232497215270996094e+00,3.861501376878606617e-01,channels
3.529411764705882304e-02,0.000000000000000000e+00,0.000000000000000000e+00,5.845199544542191816e+00,2.646323680877685547e+00,4.078301484882349559e-01,channels
3.921568627450980338e-02,0.000000000000000000e+00,0.000000000000000000e+00,6.561563366508851303e+00,2.955609321594238281e+00,4.227502571367138806e-01,channels
4.313725490196078372e-02,0.000000000000000000e+00,0.000000000000000000e+00,7.426169460004543588e+00,3.325715780258178711e+00,4.176321801501213793e-01,channels
4.705882352941176405e-02,0.000000000000000000e+00,0.000000000000000000e+00,7.632466560814970435e+00,3.418560981750488281e+00,4.161612535903073118e-01,channels
5.098039215686274439e-02,0.000000000000000000e+00,0.000000000000000000e+00,8.507395509989301274e+00,3.804926395416259766e+00,4.492034066103429701e-01,channels
5.490196078431372473e-02,0.000000000000000000e+00,0.000000000000000000e+00,8.481230762197100148e+00,3.783184051513671875e+00,4.618126697276253023e-01,channels
5.882352941176470507e-02,0.000000000000000000e+00,0.000000000000000000e+00,9.107663069656076971e+00,4.042015075683593750e+00,4.364732832658163031e-01,channels
6.274509803921568540e-02,0.000000000000000000e+00,0.000000000000000000e+00,1.026966412917772864e+01,4.561765193939208984e+00,4.491055035483659252e-01,channels
6.666666666666666574e-02,0.000000000000000000e+00,0.000000000000000000e+00,1.111337705955892474e+01,4.907797813415527344e+00,4.713314179354911038e-01,channels
7.058823529411764608e-02,0.000000000000000000e+00,0.000000000000000000e+00,1.161339922459955076e+01,5.143973827362060547e+00,4.968551071894712345e-01,channels
7.450980392156862642e-02,0.000000000000000000e+00,0.000000000000000000e+00,1.279240991335523425e+01,5.663272380828857422e+00,5.304063422513005666e-01,channels
7.843137254901960675e-02,0.000000000000000000e+00,0.000000000000000000e+00,1.339881851572194194e+01,5.928232192993164062e+00,5.352207690544951157e-01,channels
8.235294117647058709e-02,0.000000000000000000e+00,0.000000000000000000e+00,1.367251017949626046e+01,6.032596588134765625e+00,5.403073919922153356e-01,channels
8.627450980392156743e-02,0.000000000000000000e+00,0.000000000000000000e+00,1.435334212793256725e+01,6.319579601287841797e+00,5.720538392970981878e-01,channels
9.019607843137254777e-02,0.000000000000000000e+00,0.000000000000000000e+00,1.553969204926376158e+01,6.823596954345703125e+00,5.197612606237861366e-01,channels
9.411764705882352811e-02,0.000000000000000000e+00,0.000000000000000000e+00,1.585757376434741062e+01,7.003707885742187500e+00,6.196323058432428033e-01,channels
9.803921568627450844e-02,0.000000000000000000e+00,0.000000000000000000e+00,1.657069588541046912e+01,7.308441638946533203e+00,6.514124525509473740e-01,channels
1.019607843137254888e-01,0.000000000000000000e+00,0.000000000000000000e+00,1.708385132570244380e+01,7.534000396728515625e+00,6.297014134700714694e-01,channels
1.058823529411764691e-01,0.000000000000000000e+00,0.000000000000000000e+00,1.700966402109759557e+01,7.473104000091552734e+00,5.923415817722359478e-01,channels
1.098039215686274495e-01,0.000000000000000000e+00,0.000000000000000000e+00,1.772918785428069199e+01,7.798730850219726562e+00,6.128998021956665321e-01,channels
1.137254901960784298e-01,0.000000000000000000e+00,0.000000000000000000e+00,1.874013532983243380e+01,8.248082160949707031e+00,6.466082172212144208e-01,channels
1.176470588235294101e-01,0.000000000000000000e+00,0.000000000000000000e+00,1.906109665289135791e+01,8.345986366271972656e+00,5.878203249123266083e-01,channels
1.215686274509803905e-01,0.000000000000000000e+00,0.000000000000000000e+00,1.954641683669349916e+01,8.586391448974609375e+00,6.415956005691657582e-01,channels
1.254901960784313708e-01,0.000000000000000000e+00,0.000000000000000000e+00,1.994071575649562433e+01,8.779827117919921875e+00,6.713527426018189859e-01,channels
1.294117647058823373e-01,0.000000000000000000e+00,0.000000000000000000e+00,2.113879937845755563e+01,9.271131515502929688e+00,6.462213952919783067e-01,channels
1.333333333333333315e-01,0.000000000000000000e+00,0.000000000000000000e+00,2.191506172747330439e+01,9.629346847534179688e+00,6.933380142637224353e-01,channels
1.372549019607843257e-01,0.000000000000000000e+00,0.000000000000000000e+00,2.302455623703846044e+01,1.010548782348632812e+01,6.953995865638208373e-01,channels
1.411764705882352922e-01,0.000000000000000000e+00,0.000000000000000000e+00,2.366130069235152433e+01,1.039124107360839844e+01,7.330634470892216648e-01,channels
1.450980392156862586e-01,0.000000000000000000e+00,0.000000000000000000e+00,2.414464654774903707e+01,1.059501266479492188e+01,7.382868267126464490e-01,channels
1.490196078431372528e-01,0.000000000000000000e+00,0.000000000000000000e+00,2.463117064289060920e+01,1.080934333801269531e+01,7.157674887487615045e-01,channels
1.529411764705882470e-01,0.000000000000000000e+00,0.000000000000000000e+00,2.560395283681787504e+01,1.123171138763427734e+01,7.901533006585184093e-01,channels
1.568627450980392135e-01,0.000000000000000000e+00,0.000000000000000000e+00,2.556850446632335050e+01,1.120495128631591797e+01,7.505372969904082758e-01,channels
1.607843137254901800e-01,0.000000000000000000e+00,0.000000000000000000e+00,2.552456891987815268e+01,1.114894866943359375e+01,7.305470222159072824e-01,channels
1.647058823529411742e-01,0.000000000000000000e+00,0.000000000000000000e+00,2.650056733465421033e+01,1.158967590332031250e+01,7.378162046970137000e-01,channels
1.686274509803921684e-01,0.000000000000000000e+00,0.000000000000000000e+00,2.699012831578967209e+01,1.182481384277343750e+01,7.400354094155894291e-01,channels
1.725490196078431349e-01,0.000000000000000000e+00,0.000000000000000000e+00,2.823707564344165277e+01,1.235378932952880859e+01,7.792056164859313405e-01,channels
1.764705882352941013e-01,0.000000000000000000e+00,0.000000000000000000e+00,2.910759463872730990e+01,1.278246116638183594e+01,8.493068415436455521e-01,channels
1.803921568627450955e-01,0.000000000000000000e+00,0.000000000000000000e+00,3.016631400012518682e+01,1.320244312286376953e+01,7.832800029537466679e-01,channels
1.843137254901960898e-01,0.000000000000000000e+00,0.000000000000000000e+00,3.073041310390042469e+01,1.345477008819580078e+01,8.569547719787866669e-01,channels
1.882352941176470562e-01,0.000000000000000000e+00,0.000000000000000000e+00,3.070783845810862545e+01,1.342481613159179688e+01,8.514753110365593791e-01,channels
1.921568627450980227e-01,0.000000000000000000e+00,0.000000000000000000e+00,3.073947218419829497e+01,1.346570968627929688e+01,8.356473682355657351e-01,channels
1.960784313725490169e-01,0.000000000000000000e+00,0.000000000000000000e+00,3.157695295500182908e+01,1.381873989105224609e+01,9.139445489008024559e-01,channels
2.000000000000000111e-01,0.000000000000000000e+00,0.000000000000000000e+00,3.194049671435120885e+01,1.399107742309570312e+01,8.732799568779028299e-01,channels
2.039215686274509776e-01,0.000000000000000000e+00,0.000000000000000000e+00,3.246321558410684105e+01,1.419197177886962891e+01,8.802932364133186915e-01,channels
2.078431372549019440e-01,0.000000000000000000e+00,0.000000000000000000e+00,3.375019825371197868e+01,1.477797412872314453e+01,8.798457280862852503e-01,channels
2.117647058823529382e-01,0.000000000000000000e+00,0.000000000000000000e+00,3.513614619314541443e+01,1.538794326782226562e+01,9.344651373509127446e-01,channels
2.156862745098039325e-01,0.000000000000000000e+00,0.000000000000000000e+00,3.565898536879127079e+01,1.560080337524414062e+01,9.624509251906799845e-01,channels
2.196078431372548989e-01,0.000000000000000000e+00,0.000000000000000000e+00,3.621173227933504535e+01,1.582960987091064453e+01,9.106154988407566542e-01,channels
2.235294117647058654e-01,0.000000000000000000e+00,0.000000000000000000e+00,3.677786662329883427e+01,1.606827926635742188e+01,9.096881063668067480e-01,channels
2.274509803921568596e-01,0.000000000000000000e+00,0.000000000000000000e+00,3.799947817888731549e+01,1.660636520385742188e+01,9.467308943537826593e-01,channels
2.313725490196078538e-01,0.000000000000000000e+00,0.000000000000000000e+00,3.875706462546808950e+01,1.694341850280761719e+01,9.819891439851510251e-01,channels
2.352941176470588203e-01,0.000000000000000000e+00,0.000000000000000000e+00,3.874786289272427808e+01,1.693919181823730469e+01,9.821081634533752602e-01,channels
2.392156862745097867e-01,0.000000000000000000e+00,0.000000000000000000e+00,3.949742107900548405e+01,1.726483726501464844e+01,9.964549381193964495e-01,channels
2.431372549019607809e-01,0.000000000000000000e+00,0.000000000000000000e+00,3.947124355513649618e+01,1.724344635009765625e+01,9.615237050967145871e-01,channels
2.470588235294117752e-01,0.000000000000000000e+00,0.000000000000000000e+00,4.013744574361025030e+01,1.757103538513183594e+01,1.042070866422235564e+00,channels
2.509803921568627416e-01,0.000000000000000000e+00,0.000000000000000000e+00,4.074020010245433809e+01,1.781901359558105469e+01,9.937211202894113971e-01,channels
2.549019607843137081e-01,0.000000000000000000e+00,0.000000000000000000e+00,4.205549956921259991e+01,1.838043785095214844e+01,1.034857418659899775e+00,channels
2.588235294117646745e-01,0.000000000000000000e+00,0.000000000000000000e+00,4.247306699628142468e+01,1.853153228759765625e+01,9.998077288112705574e-01,channels
2.627450980392156965e-01,0.000000000000000000e+00,0.000000000000000000e+00,4.304980747919261574e+01,1.882254791259765625e+01,1.062135749818535979e+00,channels
2.666666666666666630e-01,0.000000000000000000e+00,0.000000000000000000e+00,4.366871998937083532e+01,1.907667922973632812e+01,1.040583606202701406e+00,channels
2.705882352941176294e-01,0.000000000000000000e+00,0.000000000000000000e+00,4.364289227155370554e+01,1.905082511901855469e+01,1.049849913955922309e+00,channels
2.745098039215686514e-01,0.000000000000000000e+00,0.000000000000000000e+00,4.444367952373323760e+01,1.941151237487792969e+01,1.022896607964871807e+00,channels
2.784313725490196179e-01,0.000000000000000000e+00,0.000000000000000000e+00,4.591504620653711299e+01,2.003502082824707031e+01,1.073306970030035501e+00,channels
2.823529411764705843e-01,0.000000000000000000e+00,0.000000000000000000e+00,4.651856155066816001e+01,2.030373954772949219e+01,1.060334397756647506e+00,channels
2.862745098039215508e-01,0.000000000000000000e+00,0.000000000000000000e+00,4.660406005593227263e+01,2.035823440551757812e+01,1.104510369745000276e+00,channels
2.901960784313725172e-01,0.000000000000000000e+00,0.000000000000000000e+00,4.654900425923632667e+01,2.031972885131835938e+01,1.093025047693589880e+00,channels
2.941176470588235392e-01,0.000000000000000000e+00,0.000000000000000000e+00,4.724744573041123630e+01,2.062123298645019531e+01,1.111864714435641721e+00,channels
2.980392156862745057e-01,0.000000000000000000e+00,0.000000000000000000e+00,4.793453814743845953e+01,2.090349388122558594e+01,1.088388619804795843e+00,channels
3.019607843137254721e-01,0.000000000000000000e+00,0.000000000000000000e+00,4.797433082132183557e+01,2.094842720031738281e+01,1.112206625235542923e+00,channels
3.058823529411764941e-01,0.000000000000000000e+00,0.000000000000000000e+00,4.870441567593939425e+01,2.127207756042480469e+01,1.115922997992847998e+00,channels
3.098039215686274606e-01,0.000000000000000000e+00,0.000000000000000000e+00,4.948579791648983672e+01,2.160416603088378906e+01,1.175757672564069711e+00,channels
3.137254901960784270e-01,0.000000000000000000e+00,0.000000000000000000e+00,5.089179254144654152e+01,2.220666885375976562e+01,1.136033769249228609e+00,channels
3.176470588235293935e-01,0.000000000000000000e+00,0.000000000000000000e+00,5.233826936000759389e+01,2.285410308837890625e+01,1.211586236733200650e+00,channels
3.215686274509803599e-01,0.000000000000000000e+00,0.000000000000000000e+00,5.234401947135028621e+01,2.287188339233398438e+01,1.209097915549884661e+00,channels
3.254901960784313819e-01,0.000000000000000000e+00,0.000000000000000000e+00,5.392681597218776801e+01,2.351694488525390625e+01,1.181255720019736000e+00,channels
3.294117647058823484e-01,0.000000000000000000e+00,0.000000000000000000e+00,5.397538912734157890e+01,2.356717109680175781e+01,1.224738971711750724e+00,channels
3.333333333333333148e-01,0.000000000000000000e+00,0.000000000000000000e+00,5.488850580075887109e+01,2.395591545104980469e+01,1.210555279768696479e+00,channels
3.372549019607843368e-01,0.000000000000000000e+00,0.000000000000000000e+00,5.480388039350101081e+01,2.388042831420898438e+01,1.158826546522429668e+00,channels
3.411764705882353033e-01,0.000000000000000000e+00,0.000000000000000000e+00,5.483381726449839277e+01,2.390386962890625000e+01,1.222066895229374950e+00,channels
3.450980392156862697e-01,0.000000000000000000e+00,0.000000000000000000e+00,5.558379362861017370e+01,2.424788856506347656e+01,1.209297767506324339e+00,channels
3.490196078431372362e-01,0.000000000000000000e+00,0.000000000000000000e+00,5.638434339870320855e+01,2.460379981994628906e+01,1.234619386961635978e+00,channels
3.529411764705882026e-01,0.000000000000000000e+00,0.000000000000000000e+00,5.714801494639616664e+01,2.492328071594238281e+01,1.202767847828806635e+00,channels
3.568627450980392246e-01,0.000000000000000000e+00,0.000000000000000000e+00,5.797425041375672805e+01,2.527400588989257812e+01,1.277134655789309292e+00,channels
3.607843137254901911e-01,0.000000000000000000e+00,0.000000000000000000e+00,5.797404454217956982e+01,2.530718994140625000e+01,1.262150422269542771e+00,channels
3.647058823529411575e-01,0.000000000000000000e+00,0.000000000000000000e+00,5.861335415301378760e+01,2.557313537597656250e+01,1.291724928985475529e+00,channels
3.686274509803921795e-01,0.000000000000000000e+00,0.000000000000000000e+00,6.005026648665906919e+01,2.619196891784667969e+01,1.333480621335591643e+00,channels
3.725490196078431460e-01,0.000000000000000000e+00,0.000000000000000000e+00,6.085260831734104414e+01,2.653333282470703125e+01,1.270708697355202865e+00,channels
3.764705882352941124e-01,0.000000000000000000e+00,0.000000000000000000e+00,6.172479424804590309e+01,2.692527770996093750e+01,1.297627774020491120e+00,channels
3.803921568627450789e-01,0.000000000000000000e+00,0.000000000000000000e+00,6.253574522514901446e+01,2.724927902221679688e+01,1.309902333936047603e+00,channels
3.843137254901960453e-01,0.000000000000000000e+00,0.000000000000000000e+00,6.257340835456728456e+01,2.729124641418457031e+01,1.351939529981105892e+00,channels
3.882352941176470673e-01,0.000000000000000000e+00,0.000000000000000000e+00,6.336684570486163182e+01,2.760073661804199219e+01,1.322346878706663453e+00,channels
3.921568627450980338e-01,0.000000000000000000e+00,0.000000000000000000e+00,6.424931218719332549e+01,2.800309371948242188e+01,1.351628311376720681e+00,channels
3.960784313725490002e-01,0.000000000000000000e+00,0.000000000000000000e+00,6.515078082001372195e+01,2.841999435424804688e+01,1.399122307656076369e+00,channels
4.000000000000000222e-01,0.000000000000000000e+00,0.000000000000000000e+00,6.512115461385164394e+01,2.837485885620117188e+01,1.314917494191276903e+00,channels
4.039215686274509887e-01,0.000000000000000000e+00,0.000000000000000000e+00,6.514286455754937322e+01,2.840408325195312500e+01,1.377059332385003554e+00,channels
4.078431372549019551e-01,0.000000000000000000e+00,0.000000000000000000e+00,6.601164271496061531e+01,2.879177856445312500e+01,1.374169001957627145e+00,channels
4.117647058823529216e-01,0.000000000000000000e+00,0.000000000000000000e+00,6.667612522306281164e+01,2.906641006469726562e+01,1.378631599941244401e+00,channels
4.156862745098038880e-01,0.000000000000000000e+00,0.000000000000000000e+00,6.822594606905410330e+01,2.974346923828125000e+01,1.403922782787219159e+00,channels
4.196078431372549100e-01,0.000000000000000000e+00,0.000000000000000000e+00,6.819566584633503226e+01,2.973132705688476562e+01,1.408596882364127501e+00,channels
4.235294117647058765e-01,0.000000000000000000e+00,0.000000000000000000e+00,6.843476484894701173e+01,2.982081031799316406e+01,1.378561307144579473e+00,channels
4.274509803921568429e-01,0.000000000000000000e+00,0.000000000000000000e+00,6.844835107975340804e+01,2.982819557189941406e+01,1.392367557957695734e+00,channels
4.313725490196078649e-01,0.000000000000000000e+00,0.000000000000000000e+00,7.021216947220575832e+01,3.060118293762207031e+01,1.432134468055464183e+00,channels
4.352941176470588314e-01,0.000000000000000000e+00,0.000000000000000000e+00,7.178316291927623638e+01,3.127813339233398438e+01,1.421585995120783652e+00,channels
4.392156862745097978e-01,0.000000000000000000e+00,0.000000000000000000e+00,7.177814318902096602e+01,3.127387809753417969e+01,1.442320372351939772e+00,channels
4.431372549019607643e-01,0.000000000000000000e+00,0.000000000000000000e+00,7.267781770540042885e+01,3.165205764770507812e+01,1.465368543381061706e+00,channels
4.470588235294117307e-01,0.000000000000000000e+00,0.000000000000000000e+00,7.370735327653007118e+01,3.213368988037109375e+01,1.467943346618626244e+00,channels
4.509803921568627527e-01,0.000000000000000000e+00,0.000000000000000000e+00,7.373196852026872250e+01,3.214065170288085938e+01,1.508646734065934858e+00,channels
4.549019607843137192e-01,0.000000000000000000e+00,0.000000000000000000e+00,7.474164106195472357e+01,3.254381942749023438e+01,1.491292775782040447e+00,channels
4.588235294117646856e-01,0.000000000000000000e+00,0.000000000000000000e+00,7.582901898650597161e+01,3.303675842285156250e+01,1.477776937644091237e+00,channels
4.627450980392157076e-01,0.000000000000000000e+00,0.000000000000000000e+00,7.581213198759178340e+01,3.301074218750000000e+01,1.465611035945617813e+00,channels
4.666666666666666741e-01,0.000000000000000000e+00,0.000000000000000000e+00,7.577610099255259968e+01,3.298939514160156250e+01,1.473105706202582077e+00,channels
4.705882352941176405e-01,0.000000000000000000e+00,0.000000000000000000e+00,7.686273742449739643e+01,3.347611999511718750e+01,1.470861676520858641e+00,channels
4.745098039215686070e-01,0.000000000000000000e+00,0.000000000000000000e+00,7.764469521702383759e+01,3.382171630859375000e+01,1.479875544464991366e+00,channels
4.784313725490195734e-01,0.000000000000000000e+00,0.000000000000000000e+00,7.769248285323146774e+01,3.385508728027343750e+01,1.505724896656549516e+00,channels
4.823529411764705954e-01,0.000000000000000000e+00,0.000000000000000000e+00,7.818830945544335975e+01,3.403828430175781250e+01,1.451602481073545503e+00,channels
4.862745098039215619e-01,0.000000000000000000e+00,0.000000000000000000e+00,7.822920040969582089e+01,3.408073806762695312e+01,1.491476646636658021e+00,channels
4.901960784313725283e-01,0.000000000000000000e+00,0.000000000000000000e+00,8.020053211174767682e+01,3.494399642944335938e+01,1.597844119097172610e+00,channels
4.941176470588235503e-01,0.000000000000000000e+00,0.000000000000000000e+00,8.015681420484443720e+01,3.489681625366210938e+01,1.555002706089541498e+00,channels
4.980392156862745168e-01,0.000000000000000000e+00,0.000000000000000000e+00,8.124239387962661851e+01,3.538024520874023438e+01,1.545370014986306995e+00,channels
5.019607843137254832e-01,0.000000000000000000e+00,0.000000000000000000e+00,8.244656396046791258e+01,3.591345596313476562e+01,1.593037892098207120e+00,channels
5.058823529411764497e-01,0.000000000000000000e+00,0.000000000000000000e+00,8.239863990417138950e+01,3.585403823852539062e+01,1.537347416172601289e+00,channels
5.098039215686274161e-01,0.000000000000000000e+00,0.000000000000000000e+00,8.300146823196600110e+01,3.611845397949218750e+01,1.534871458639760267e+00,channels
5.137254901960783826e-01,0.000000000000000000e+00,0.000000000000000000e+00,8.300066228584236683e+01,3.612079238891601562e+01,1.555651514508533229e+00,channels
5.176470588235293491e-01,0.000000000000000000e+00,0.000000000000000000e+00,8.487015689010851816e+01,3.695595169067382812e+01,1.585912695231081804e+00,channels
5.215686274509804266e-01,0.000000000000000000e+00,0.000000000000000000e+00,8.483007260594418142e+01,3.693053054809570312e+01,1.572307120632410626e+00,channels
5.254901960784313930e-01,0.000000000000000000e+00,0.000000000000000000e+00,8.555702905408814729e+01,3.723735046386718750e+01,1.575587142944794516e+00,channels
5.294117647058823595e-01,0.000000000000000000e+00,0.000000000000000000e+00,8.691149614390903366e+01,3.783702087402343750e+01,1.614556133422471618e+00,channels
5.333333333333333259e-01,0.000000000000000000e+00,0.000000000000000000e+00,8.699204651398285648e+01,3.789648437500000000e+01,1.677703344670317342e+00,channels
5.372549019607842924e-01,0.000000000000000000e+00,0.000000000000000000e+00,8.767901084219791130e+01,3.816406250000000000e+01,1.588822171431646391e+00,channels
5.411764705882352589e-01,0.000000000000000000e+00,0.000000000000000000e+00,8.879830158111033711e+01,3.867437744140625000e+01,1.662479263728124490e+00,channels
5.450980392156862253e-01,0.000000000000000000e+00,0.000000000000000000e+00,8.875304603792768887e+01,3.863834381103515625e+01,1.634505640561479733e+00,channels
5.490196078431373028e-01,0.000000000000000000e+00,0.000000000000000000e+00,8.987285672129846148e+01,3.911222076416015625e+01,1.615161724874616622e+00,channels
5.529411764705882693e-01,0.000000000000000000e+00,0.000000000000000000e+00,8.992073526937602423e+01,3.914598846435546875e+01,1.622209934581921642e+00,channels
5.568627450980392357e-01,0.000000000000000000e+00,0.000000000000000000e+00,9.117742310602372413e+01,3.970877075195312500e+01,1.674348384535961687e+00,channels
5.607843137254902022e-01,0.000000000000000000e+00,0.000000000000000000e+00,9.117174773886145545e+01,3.968824768066406250e+01,1.640246902555798636e+00,channels
5.647058823529411686e-01,0.000000000000000000e+00,0.000000000000000000e+00,9.246421954264968690e+01,4.026340866088867188e+01,1.696241216394114737e+00,channels
5.686274509803921351e-01,0.000000000000000000e+00,0.000000000000000000e+00,9.239153422977217645e+01,4.019717407226562500e+01,1.626716079715421426e+00,channels
5.725490196078431016e-01,0.000000000000000000e+00,0.000000000000000000e+00,9.239971256844073366e+01,4.021201324462890625e+01,1.649210757804428606e+00,channels
5.764705882352940680e-01,0.000000000000000000e+00,0.000000000000000000e+00,9.242868890406927562e+01,4.023225784301757812e+01,1.670015742313212481e+00,channels
5.803921568627450345e-01,0.000000000000000000e+00,0.000000000000000000e+00,9.372637778557330535e+01,4.080563735961914062e+01,1.669471660459331153e+00,channels
5.843137254901961120e-01,0.000000000000000000e+00,0.000000000000000000e+00,9.367280067349565797e+01,4.075453948974609375e+01,1.659960605029613179e+00,channels
5.882352941176470784e-01,0.000000000000000000e+00,0.000000000000000000e+00,9.470178421490972198e+01,4.123111724853515625e+01,1.737208332382471854e+00,channels
5.921568627450980449e-01,0.000000000000000000e+00,0.000000000000000000e+00,9.463652572854067557e+01,4.117411422729492188e+01,1.645200778639714922e+00,channels
5.960784313725490113e-01,0.000000000000000000e+00,0.000000000000000000e+00,9.467872300736603108e+01,4.120198059082031250e+01,1.695884114797242548e+00,channels
5.999999999999999778e-01,0.000000000000000000e+00,0.000000000000000000e+00,9.545630619240331782e+01,4.153650283813476562e+01,1.637384365684109611e+00,channels
6.039215686274509443e-01,0.000000000000000000e+00,0.000000000000000000e+00,9.547163988594408579e+01,4.155218887329101562e+01,1.682544435356722490e+00,channels
6.078431372549019107e-01,0.000000000000000000e+00,0.000000000000000000e+00,9.693016969878351574e+01,4.218512344360351562e+01,1.695125113435294262e+00,channels
6.117647058823529882e-01,0.000000000000000000e+00,0.000000000000000000e+00,9.813684324924672353e+01,4.271889495849609375e+01,1.755587676959169618e+00,channels
6.156862745098039547e-01,0.000000000000000000e+00,0.000000000000000000e+00,9.989576688483420241e+01,4.346163940429687500e+01,1.752024401898889971e+00,channels
6.196078431372549211e-01,0.000000000000000000e+00,0.000000000000000000e+00,9.988893620744038060e+01,4.344823074340820312e+01,1.717203935769812340e+00,channels
6.235294117647058876e-01,0.000000000000000000e+00,0.000000000000000000e+00,1.022029048087074585e+02,4.445268630981445312e+01,1.766565405179658876e+00,channels
6.274509803921568540e-01,0.000000000000000000e+00,0.000000000000000000e+00,1.022277207237335404e+02,4.446966552734375000e+01,1.735497542275776128e+00,channels
6.313725490196078205e-01,0.000000000000000000e+00,0.000000000000000000e+00,1.021500422914713937e+02,4.441112136840820312e+01,1.729029726683460888e+00,channels
6.352941176470587870e-01,0.000000000000000000e+00,0.000000000000000000e+00,1.031227301731870369e+02,4.487414169311523438e+01,1.776406768297014160e+00,channels
6.392156862745097534e-01,0.000000000000000000e+00,0.000000000000000000e+00,1.031012717343433280e+02,4.485940170288085938e+01,1.758628089021093022e+00,channels
6.431372549019607199e-01,0.000000000000000000e+00,0.000000000000000000e+00,1.042418365954616348e+02,4.531311035156250000e+01,1.757075499358048853e+00,channels
6.470588235294117974e-01,0.000000000000000000e+00,0.000000000000000000e+00,1.057313357550129638e+02,4.599811553955078125e+01,1.794075511714741555e+00,channels
6.509803921568627638e-01,0.000000000000000000e+00,0.000000000000000000e+00,1.056416527476120990e+02,4.594543457031250000e+01,1.781755151296386730e+00,channels
6.549019607843137303e-01,0.000000000000000000e+00,0.000000000000000000e+00,1.069646168714524919e+02,4.650596618652343750e+01,1.747716866965346449e+00,channels
6.588235294117646967e-01,0.000000000000000000e+00,0.000000000000000000e+00,1.070399745923892283e+02,4.656913375854492188e+01,1.802597885889654306e+00,channels
6.627450980392156632e-01,0.000000000000000000e+00,0.000000000000000000e+00,1.079083430820870575e+02,4.693811035156250000e+01,1.831111022511296316e+00,channels
6.666666666666666297e-01,0.000000000000000000e+00,0.000000000000000000e+00,1.079177522552524238e+02,4.694649505615234375e+01,1.814449872569364519e+00,channels
6.705882352941175961e-01,0.000000000000000000e+00,0.000000000000000000e+00,1.090883596834185738e+02,4.747262191772460938e+01,1.853941565100920119e+00,channels
6.745098039215686736e-01,0.000000000000000000e+00,0.000000000000000000e+00,1.090148735409893419e+02,4.739574432373046875e+01,1.778317942495335036e+00,channels
6.784313725490196401e-01,0.000000000000000000e+00,0.000000000000000000e+00,1.111224388539911700e+02,4.834264755249023438e+01,1.821315039946660441e+00,channels
6.823529411764706065e-01,0.000000000000000000e+00,0.000000000000000000e+00,1.110835202095796888e+02,4.829402923583984375e+01,1.815451592873975617e+00,channels
6.862745098039215730e-01,0.000000000000000000e+00,0.000000000000000000e+00,1.114598054382190639e+02,4.846742248535156250e+01,1.824418812452223593e+00,channels
6.901960784313725394e-01,0.000000000000000000e+00,0.000000000000000000e+00,1.114484292430540080e+02,4.845019531250000000e+01,1.836806714546411534e+00,channels
6.941176470588235059e-01,0.000000000000000000e+00,0.000000000000000000e+00,1.129657007506867501e+02,4.912748336791992188e+01,1.844344292962012855e+00,channels
6.980392156862744724e-01,0.000000000000000000e+00,0.000000000000000000e+00,1.129830906274597879e+02,4.914567947387695312e+01,1.854491240226034732e+00,channels
7.019607843137254388e-01,0.000000000000000000e+00,0.000000000000000000e+00,1.145525600470897132e+02,4.981441879272460938e+01,1.817606259101374855e+00,channels
7.058823529411764053e-01,0.000000000000000000e+00,0.000000000000000000e+00,1.144889337450562294e+02,4.976971435546875000e+01,1.835901782258621662e+00,channels
7.098039215686274828e-01,0.000000000000000000e+00,0.000000000000000000e+00,1.161575241475917295e+02,5.051949691772460938e+01,1.902664082115408162e+00,channels
7.137254901960784492e-01,0.000000000000000000e+00,0.000000000000000000e+00,1.161234820895774931e+02,5.048780822753906250e+01,1.898363312427930216e+00,channels
7.176470588235294157e-01,0.000000000000000000e+00,0.000000000000000000e+00,1.160638155163210001e+02,5.045384979248046875e+01,1.836397364107110075e+00,channels
7.215686274509803821e-01,0.000000000000000000e+00,0.000000000000000000e+00,1.172631559082430215e+02,5.098017501831054688e+01,1.818754962309484968e+00,channels
7.254901960784313486e-01,0.000000000000000000e+00,0.000000000000000000e+00,1.172243852976829572e+02,5.095914840698242188e+01,1.835860517477168496e+00,channels
7.294117647058823151e-01,0.000000000000000000e+00,0.000000000000000000e+00,1.183030204580471292e+02,5.145562362670898438e+01,1.917592840519021458e+00,channels
7.333333333333332815e-01,0.000000000000000000e+00,0.000000000000000000e+00,1.182825607117970463e+02,5.143064498901367188e+01,1.854274218084432047e+00,channels
7.372549019607843590e-01,0.000000000000000000e+00,0.000000000000000000e+00,1.200465627630394181e+02,5.218652725219726562e+01,1.863899234747787403e+00,channels
7.411764705882353255e-01,0.000000000000000000e+00,0.000000000000000000e+00,1.200387057489453468e+02,5.218831253051757812e+01,1.884824383769930556e+00,channels
7.450980392156862919e-01,0.000000000000000000e+00,0.000000000000000000e+00,1.200092824414032151e+02,5.215557861328125000e+01,1.845888321231673457e+00,channels
7.490196078431372584e-01,0.000000000000000000e+00,0.000000000000000000e+00,1.210826627850934898e+02,5.263468551635742188e+01,1.873725314039446310e+00,channels
7.529411764705882248e-01,0.000000000000000000e+00,0.000000000000000000e+00,1.211110415140452687e+02,5.263936233520507812e+01,1.871759366604410557e+00,channels
7.568627450980391913e-01,0.000000000000000000e+00,0.000000000000000000e+00,1.225516889329545762e+02,5.326460266113281250e+01,1.906509862925293675e+00,channels
7.607843137254901578e-01,0.000000000000000000e+00,0.000000000000000000e+00,1.225667343557962568e+02,5.326654052734375000e+01,1.924574512922596181e+00,channels
7.647058823529411242e-01,0.000000000000000000e+00,0.000000000000000000e+00,1.242535653556531798e+02,5.401048660278320312e+01,1.928438662271742654e+00,channels
7.686274509803920907e-01,0.000000000000000000e+00,0.000000000000000000e+00,1.241792394069732950e+02,5.394090270996093750e+01,1.856984525682538578e+00,channels
7.725490196078431682e-01,0.000000000000000000e+00,0.000000000000000000e+00,1.251921777721543521e+02,5.437311553955078125e+01,1.834348772644959213e+00,channels
7.764705882352941346e-01,0.000000000000000000e+00,0.000000000000000000e+00,1.253200195037166509e+02,5.449223327636718750e+01,1.932025019732616311e+00,channels
7.803921568627451011e-01,0.000000000000000000e+00,0.000000000000000000e+00,1.252828564052163074e+02,5.446911621093750000e+01,1.923113831287028397e+00,channels
7.843137254901960675e-01,0.000000000000000000e+00,0.000000000000000000e+00,1.267414427135456947e+02,5.508734893798828125e+01,1.851825373535655572e+00,channels
7.882352941176470340e-01,0.000000000000000000e+00,0.000000000000000000e+00,1.283886846105320103e+02,5.579833602905273438e+01,1.890127751328410488e+00,channels
7.921568627450980005e-01,0.000000000000000000e+00,0.000000000000000000e+00,1.283309226454969121e+02,5.577106475830078125e+01,1.899189809784285643e+00,channels
7.960784313725489669e-01,0.000000000000000000e+00,0.000000000000000000e+00,1.283890331370000695e+02,5.579600143432617188e+01,1.929646156342975871e+00,channels
8.000000000000000444e-01,0.000000000000000000e+00,0.000000000000000000e+00,1.283469063301170650e+02,5.575966644287109375e+01,1.893619889474848828e+00,channels
8.039215686274510109e-01,0.000000000000000000e+00,0.000000000000000000e+00,1.299585890049615386e+02,5.647261428833007812e+01,1.926830613026312644e+00,channels
8.078431372549019773e-01,0.000000000000000000e+00,0.000000000000000000e+00,1.299679325609911871e+02,5.646950149536132812e+01,1.917837718499353361e+00,channels
8.117647058823529438e-01,0.000000000000000000e+00,0.000000000000000000e+00,1.313419181877839321e+02,5.707952880859375000e+01,1.945308283489404655e+00,channels
8.156862745098039102e-01,0.000000000000000000e+00,0.000000000000000000e+00,1.313230112613312031e+02,5.707427215576171875e+01,1.956802785880874529e+00,channels
8.196078431372548767e-01,0.000000000000000000e+00,0.000000000000000000e+00,1.331069905951774217e+02,5.784589385986328125e+01,1.981464416692829689e+00,channels
8.235294117647058432e-01,0.000000000000000000e+00,0.000000000000000000e+00,1.330760668121747301e+02,5.782566833496093750e+01,1.940657774960487414e+00,channels
8.274509803921568096e-01,0.000000000000000000e+00,0.000000000000000000e+00,1.342856398433183358e+02,5.833881759643554688e+01,1.974509762875485519e+00,channels
8.313725490196077761e-01,0.000000000000000000e+00,0.000000000000000000e+00,1.342567926442921191e+02,5.832606887817382812e+01,1.967294562160431859e+00,channels
8.352941176470588536e-01,0.000000000000000000e+00,0.000000000000000000e+00,1.342376882787056616e+02,5.831487274169921875e+01,1.942713475510538190e+00,channels
8.392156862745098200e-01,0.000000000000000000e+00,0.000000000000000000e+00,1.342394916817040382e+02,5.832126998901367188e+01,1.976152820949035327e+00,channels
8.431372549019607865e-01,0.000000000000000000e+00,0.000000000000000000e+00,1.357554018290886404e+02,5.897883605957031250e+01,1.957892125645209536e+00,channels
8.470588235294117530e-01,0.000000000000000000e+00,0.000000000000000000e+00,1.357185881398422396e+02,5.895973968505859375e+01,1.920259626246663354e+00,channels
8.509803921568627194e-01,0.000000000000000000e+00,0.000000000000000000e+00,1.383997084517010876e+02,6.012841796875000000e+01,1.988926188698193931e+00,channels
8.549019607843136859e-01,0.000000000000000000e+00,0.000000000000000000e+00,1.384057019793989411e+02,6.014095687866210938e+01,1.956671958542695933e+00,channels
8.588235294117646523e-01,0.000000000000000000e+00,0.000000000000000000e+00,1.395669821068429712e+02,6.063683700561523438e+01,1.951094531524292686e+00,channels
8.627450980392157298e-01,0.000000000000000000e+00,0.000000000000000000e+00,1.395032143287927795e+02,6.058538055419921875e+01,1.948627960431405182e+00,channels
8.666666666666666963e-01,0.000000000000000000e+00,0.000000000000000000e+00,1.394952639646337502e+02,6.059101486206054688e+01,1.935540872721920325e+00,channels
8.705882352941176627e-01,0.000000000000000000e+00,0.000000000000000000e+00,1.408889960476082308e+02,6.119894790649414062e+01,1.952749004636612273e+00,channels
8.745098039215686292e-01,0.000000000000000000e+00,0.000000000000000000e+00,1.408402885151637633e+02,6.115890884399414062e+01,1.879844587825761471e+00,channels
8.784313725490195957e-01,0.000000000000000000e+00,0.000000000000000000e+00,1.408410737183260721e+02,6.115454864501953125e+01,1.921557697072134863e+00,channels
8.823529411764705621e-01,0.000000000000000000e+00,0.000000000000000000e+00,1.427083550640384431e+02,6.198766708374023438e+01,1.972558888791021259e+00,channels
8.862745098039215286e-01,0.000000000000000000e+00,0.000000000000000000e+00,1.426833378711883142e+02,6.197871398925781250e+01,1.983927359697663206e+00,channels
8.901960784313724950e-01,0.000000000000000000e+00,0.000000000000000000e+00,1.427210024131291561e+02,6.199886703491210938e+01,2.023562939116956283e+00,channels
8.941176470588234615e-01,0.000000000000000000e+00,0.000000000000000000e+00,1.446554315732997509e+02,6.280506515502929688e+01,1.943694459137620401e+00,channels
8.980392156862745390e-01,0.000000000000000000e+00,0.000000000000000000e+00,1.446637713940231151e+02,6.282595825195312500e+01,1.965245901092398828e+00,channels
9.019607843137255054e-01,0.000000000000000000e+00,0.000000000000000000e+00,1.446320875062274922e+02,6.280905914306640625e+01,1.948023072567695690e+00,channels
9.058823529411764719e-01,0.000000000000000000e+00,0.000000000000000000e+00,1.465723915041147052e+02,6.365388107299804688e+01,1.967972892745839975e+00,channels
9.098039215686274384e-01,0.000000000000000000e+00,0.000000000000000000e+00,1.464691384653416719e+02,6.356665420532226562e+01,1.897764333236814593e+00,channels
9.137254901960784048e-01,0.000000000000000000e+00,0.000000000000000000e+00,1.465744630988408801e+02,6.367029190063476562e+01,1.999558076760787895e+00,channels
9.176470588235293713e-01,0.000000000000000000e+00,0.000000000000000000e+00,1.482936136959015698e+02,6.438041687011718750e+01,1.967074621170983750e+00,channels
9.215686274509803377e-01,0.000000000000000000e+00,0.000000000000000000e+00,1.482953269368696851e+02,6.439212799072265625e+01,1.922710661557719858e+00,channels
9.254901960784314152e-01,0.000000000000000000e+00,0.000000000000000000e+00,1.496467413343600299e+02,6.498329162597656250e+01,2.006734112044285201e+00,channels
9.294117647058823817e-01,0.000000000000000000e+00,0.000000000000000000e+00,1.496281120246487149e+02,6.496633148193359375e+01,1.993787965229380399e+00,channels
9.333333333333333481e-01,0.000000000000000000e+00,0.000000000000000000e+00,1.495777620227881641e+02,6.492857360839843750e+01,1.964189574591121090e+00,channels
9.372549019607843146e-01,0.000000000000000000e+00,0.000000000000000000e+00,1.508087419419296111e+02,6.549803161621093750e+01,1.985987055842634241e+00,channels
9.411764705882352811e-01,0.000000000000000000e+00,0.000000000000000000e+00,1.525747108374741856e+02,6.624108123779296875e+01,1.948568775056535474e+00,channels
9.450980392156862475e-01,0.000000000000000000e+00,0.000000000000000000e+00,1.540419345215381384e+02,6.690906524658203125e+01,2.035481371106454329e+00,channels
9.490196078431372140e-01,0.000000000000000000e+00,0.000000000000000000e+00,1.539875525071403501e+02,6.686153411865234375e+01,1.976155676087081092e+00,channels
9.529411764705881804e-01,0.000000000000000000e+00,0.000000000000000000e+00,1.543869506123399162e+02,6.701322174072265625e+01,1.941370400543774855e+00,channels
9.568627450980391469e-01,0.000000000000000000e+00,0.000000000000000000e+00,1.560037796657230729e+02,6.772972869873046875e+01,1.980471052228283346e+00,channels
9.607843137254902244e-01,0.000000000000000000e+00,0.000000000000000000e+00,1.559687017910516715e+02,6.771057128906250000e+01,1.951030795222924885e+00,channels
9.647058823529411908e-01,0.000000000000000000e+00,0.000000000000000000e+00,1.563350697290180733e+02,6.787107086181640625e+01,1.951513087862239093e+00,channels
9.686274509803921573e-01,0.000000000000000000e+00,0.000000000000000000e+00,1.563285320099383284e+02,6.785765075683593750e+01,1.942651755388444146e+00,channels
9.725490196078431238e-01,0.000000000000000000e+00,0.000000000000000000e+00,1.573691158361727958e+02,6.832965850830078125e+01,2.001441074461173031e+00,channels
9.764705882352940902e-01,0.000000000000000000e+00,0.000000000000000000e+00,1.573216540457044630e+02,6.827683258056640625e+01,1.941804960244857714e+00,channels
9.803921568627450567e-01,0.000000000000000000e+00,0.000000000000000000e+00,1.585862130819587321e+02,6.882375335693359375e+01,1.959265428996267655e+00,channels
9.843137254901960231e-01,0.000000000000000000e+00,0.000000000000000000e+00,1.593080996039664399e+02,6.916319274902343750e+01,1.950394135609026636e+00,channels
9.882352941176471006e-01,0.000000000000000000e+00,0.000000000000000000e+00,1.604328065302408390e+02,6.961183929443359375e+01,1.941366201367994648e+00,channels
9.921568627450980671e-01,0.000000000000000000e+00,0.000000000000000000e+00,1.609923236154938877e+02,6.986415863037109375e+01,1.960203273879109087e+00,channels
9.960784313725490335e-01,0.000000000000000000e+00,0.000000000000000000e+00,1.613031334690404037e+02,7.000893402099609375e+01,2.003383069765238833e+00,channels
1.000000000000000000e+00,0.000000000000000000e+00,0.000000000000000000e+00,1.622991682991381879e+02,7.042996215820312500e+01,1.958575674443402193e+00,channels
0.000000000000000000e+00,0.000000000000000000e+00,0.000000000000000000e+00,1.435777069018944752e-01,1.665920168161392212e-01,2.243039136415545254e-01,channels
0.000000000000000000e+00,3.921568627450980338e-03,0.000000000000000000e+00,2.604674443131930750e-01,6.716490387916564941e-01,4.717793761477632186e-01,channels
0.000000000000000000e+00,7.843137254901960675e-03,0.000000000000000000e+00,4.603442369153112890e-01,1.233075737953186035e+00,7.218455900948672621e-01,channels
0.000000000000000000e+00,1.176470588235294101e-02,0.000000000000000000e+00,5.138794595027413870e-01,1.719141364097595215e+00,8.589882539697056840e-01,channels
0.000000000000000000e+00,1.568627450980392135e-02,0.000000000000000000e+00,6.259928862039451092e-01,2.255630016326904297e+00,1.101524248764506275e+00,channels
0.000000000000000000e+00,1.960784313725490169e-02,0.000000000000000000e+00,8.252567022523502605e-01,2.834850788116455078e+00,1.402925756073486019e+00,channels
0.000000000000000000e+00,2.352941176470588203e-02,0.000000000000000000e+00,9.591683547588811809e-01,3.320407867431640625e+00,1.573262300269075764e+00,channels
0.000000000000000000e+00,2.745098039215686236e-02,0.000000000000000000e+00,1.103190417217946750e+00,3.940681934356689453e+00,1.824168650357782528e+00,channels
0.000000000000000000e+00,3.137254901960784270e-02,0.000000000000000000e+00,1.226101215020810820e+00,4.475659847259521484e+00,2.053888368717430524e+00,channels
0.000000000000000000e+00,3.529411764705882304e-02,0.000000000000000000e+00,1.295636213465308773e+00,4.834393501281738281e+00,2.119635473053430808e+00,channels
0.000000000000000000e+00,3.921568627450980338e-02,0.000000000000000000e+00,1.476545278299462360e+00,5.493769645690917969e+00,2.443768917284172559e+00,channels
0.000000000000000000e+00,4.313725490196078372e-02,0.000000000000000000e+00,1.546740625485804710e+00,5.718525886535644531e+00,2.527188758158960269e+00,channels
0.000000000000000000e+00,4.705882352941176405e-02,0.000000000000000000e+00,1.711682206948714757e+00,6.428153991699218750e+00,2.789935552804804875e+00,channels
0.000000000000000000e+00,5.098039215686274439e-02,0.000000000000000000e+00,1.894262037681661459e+00,7.204660415649414062e+00,3.117222012203387127e+00,channels
0.000000000000000000e+00,5.490196078431372473e-02,0.000000000000000000e+00,2.059568024074184933e+00,7.902152538299560547e+00,3.353801976700943932e+00,channels
0.000000000000000000e+00,5.882352941176470507e-02,0.000000000000000000e+00,2.215702739101085506e+00,8.422502517700195312e+00,3.611065672077680144e+00,channels
0.000000000000000000e+00,6.274509803921568540e-02,0.000000000000000000e+00,2.243230918209361935e+00,8.631165504455566406e+00,3.657541804298635846e+00,channels
0.000000000000000000e+00,6.666666666666666574e-02,0.000000000000000000e+00,2.420961090852689512e+00,9.197377204895019531e+00,3.915397508786988112e+00,channels
0.000000000000000000e+00,7.058823529411764608e-02,0.000000000000000000e+00,2.612918837218256574e+00,9.997307777404785156e+00,4.224959746593887289e+00,channels
0.000000000000000000e+00,7.450980392156862642e-02,0.000000000000000000e+00,2.663891997652511723e+00,1.024662971496582031e+01,4.286606222628964069e+00,channels
0.000000000000000000e+00,7.843137254901960675e-02,0.000000000000000000e+00,2.938028230133327146e+00,1.114746475219726562e+01,4.705282565552856511e+00,channels
0.000000000000000000e+00,8.235294117647058709e-02,0.000000000000000000e+00,2.947621231186900559e+00,1.138204574584960938e+01,4.772206358380808311e+00,channels
0.000000000000000000e+00,8.627450980392156743e-02,0.000000000000000000e+00,3.134029533541438983e+00,1.199466609954833984e+01,5.030414163713407660e+00,channels
0.000000000000000000e+00,9.019607843137254777e-02,0.000000000000000000e+00,3.219949698273036454e+00,1.229565238952636719e+01,5.124883806083308180e+00,channels
0.000000000000000000e+00,9.411764705882352811e-02,0.000000000000000000e+00,3.368819147977860418e+00,1.314257621765136719e+01,5.443136488707422060e+00,channels
0.000000000000000000e+00,9.803921568627450844e-02,0.000000000000000000e+00,3.550569824733996072e+00,1.381484317779541016e+01,5.724624298242411591e+00,channels
0.000000000000000000e+00,1.019607843137254888e-01,0.000000000000000000e+00,3.652274082630210472e+00,1.416830062866210938e+01,5.890140657050991990e+00,channels
0.000000000000000000e+00,1.058823529411764691e-01,0.000000000000000000e+00,3.832089772225155677e+00,1.485122776031494141e+01,6.108130231717617598e+00,channels
0.000000000000000000e+00,1.098039215686274495e-01,0.000000000000000000e+00,3.931106179298022862e+00,1.518440341949462891e+01,6.315792487545910383e+00,channels
0.000000000000000000e+00,1.137254901960784298e-01,0.000000000000000000e+00,4.180110072506507457e+00,1.622012901306152344e+01,6.679166280964088820e+00,channels
0.000000000000000000e+00,1.176470588235294101e-01,0.000000000000000000e+00,4.179763900386033626e+00,1.621677017211914062e+01,6.672180912914433826e+00,channels
0.000000000000000000e+00,1.215686274509803905e-01,0.000000000000000000e+00,4.302141686921296504e+00,1.689832496643066406e+01,6.924598871011594881e+00,channels
0.000000000000000000e+00,1.254901960784313708e-01,0.000000000000000000e+00,4.484050686422430765e+00,1.734993934631347656e+01,7.179341897194412958e+00,channels
0.000000000000000000e+00,1.294117647058823373e-01,0.000000000000000000e+00,4.592274170579811354e+00,1.775650978088378906e+01,7.304416556783469794e+00,channels
0.000000000000000000e+00,1.333333333333333315e-01,0.000000000000000000e+00,4.698433271540962686e+00,1.814911651611328125e+01,7.435858775574921253e+00,channels
0.000000000000000000e+00,1.372549019607843257e-01,0.000000000000000000e+00,4.897302676180580683e+00,1.894606399536132812e+01,7.779172702404606454e+00,channels
0.000000000000000000e+00,1.411764705882352922e-01,0.000000000000000000e+00,5.049765128875207232e+00,1.940500640869140625e+01,7.913847478374108846e+00,channels
0.000000000000000000e+00,1.450980392156862586e-01,0.000000000000000000e+00,5.072813439037988203e+00,1.974171829223632812e+01,8.073883354312142657e+00,channels
0.000000000000000000e+00,1.490196078431372528e-01,0.000000000000000000e+00,5.197060141674143985e+00,2.019389724731445312e+01,8.265138817330036858e+00,channels
0.000000000000000000e+00,1.529411764705882470e-01,0.000000000000000000e+00,5.287682488042189100e+00,2.060494804382324219e+01,8.406625794637722748e+00,channels
0.000000000000000000e+00,1.568627450980392135e-01,0.000000000000000000e+00,5.435389025886110836e+00,2.105710792541503906e+01,8.592364841337655434e+00,channels
0.000000000000000000e+00,1.607843137254901800e-01,0.000000000000000000e+00,5.729683143624178854e+00,2.230634117126464844e+01,9.042717938830037383e+00,channels
0.000000000000000000e+00,1.647058823529411742e-01,0.000000000000000000e+00,5.810832217690165891e+00,2.272319412231445312e+01,9.223366090648724480e+00,channels
0.000000000000000000e+00,1.686274509803921684e-01,0.000000000000000000e+00,5.956180148719072420e+00,2.318879890441894531e+01,9.386134264598396726e+00,channels
0.000000000000000000e+00,1.725490196078431349e-01,0.000000000000000000e+00,6.180601908060673999e+00,2.406119155883789062e+01,9.769621606533041458e+00,channels
0.000000000000000000e+00,1.764705882352941013e-01,0.000000000000000000e+00,6.338732565084187698e+00,2.457406616210937500e+01,9.969350626704246210e+00,channels
0.000000000000000000e+00,1.803921568627450955e-01,0.000000000000000000e+00,6.416831327167586529e+00,2.497440910339355469e+01,1.009460412009383745e+01,channels
0.000000000000000000e+00,1.843137254901960898e-01,0.000000000000000000e+00,6.520053471361665132e+00,2.542985153198242188e+01,1.025628045148159906e+01,channels
0.000000000000000000e+00,1.882352941176470562e-01,0.000000000000000000e+00,6.589889896596631935e+00,2.582092857360839844e+01,1.041484474173283914e+01,channels
0.000000000000000000e+00,1.921568627450980227e-01,0.000000000000000000e+00,6.723870588201768861e+00,2.632933235168457031e+01,1.061047046236660663e+01,channels
0.000000000000000000e+00,1.960784313725490169e-01,0.000000000000000000e+00,6.895073890735957001e+00,2.686769676208496094e+01,1.084269300872766451e+01,channels
0.000000000000000000e+00,2.000000000000000111e-01,0.000000000000000000e+00,6.993011380191330950e+00,2.734982681274414062e+01,1.104355629289011986e+01,channels
0.000000000000000000e+00,2.039215686274509776e-01,0.000000000000000000e+00,7.139540442595222913e+00,2.787012672424316406e+01,1.125648560642079055e+01,channels
0.000000000000000000e+00,2.078431372549019440e-01,0.000000000000000000e+00,7.268638001312812236e+00,2.837394332885742188e+01,1.140439292679051420e+01,channels
0.000000000000000000e+00,2.117647058823529382e-01,0.000000000000000000e+00,7.371504002936556610e+00,2.883331871032714844e+01,1.157302413559852283e+01,channels
0.000000000000000000e+00,2.156862745098039325e-01,0.000000000000000000e+00,7.500027364797144713e+00,2.931465148925781250e+01,1.179663787171968004e+01,channels
0.000000000000000000e+00,2.196078431372548989e-01,0.000000000000000000e+00,7.633238918508319593e+00,2.984186744689941406e+01,1.197086535045914246e+01,channels
0.000000000000000000e+00,2.235294117647058654e-01,0.000000000000000000e+00,7.796920075600218603e+00,3.049465942382812500e+01,1.223647882217044369e+01,channels
0.000000000000000000e+00,2.274509803921568596e-01,0.000000000000000000e+00,7.817074035830460232e+00,3.053246879577636719e+01,1.222102107208467281e+01,channels
0.000000000000000000e+00,2.313725490196078538e-01,0.000000000000000000e+00,7.935896321438254297e+00,3.104409599304199219e+01,1.243527326609235040e+01,channels
0.000000000000000000e+00,2.352941176470588203e-01,0.000000000000000000e+00,8.077069135841057346e+00,3.163430595397949219e+01,1.263916476913345122e+01,channels
0.000000000000000000e+00,2.392156862745097867e-01,0.000000000000000000e+00,8.219081206028198139e+00,3.221060180664062500e+01,1.288922788506306816e+01,channels
0.000000000000000000e+00,2.431372549019607809e-01,0.000000000000000000e+00,8.364491883892666735e+00,3.274885940551757812e+01,1.307733303831952831e+01,channels
0.000000000000000000e+00,2.470588235294117752e-01,0.000000000000000000e+00,8.589079371033475852e+00,3.374859237670898438e+01,1.342413803902607228e+01,channels
0.000000000000000000e+00,2.509803921568627416e-01,0.000000000000000000e+00,8.780034106567555341e+00,3.432469177246093750e+01,1.367721828508628334e+01,channels
0.000000000000000000e+00,2.549019607843137081e-01,0.000000000000000000e+00,8.863283160791089799e+00,3.482611083984375000e+01,1.386029461446174338e+01,channels
0.000000000000000000e+00,2.588235294117646745e-01,0.000000000000000000e+00,9.023893562635375787e+00,3.537167739868164062e+01,1.406370887547252124e+01,channels
0.000000000000000000e+00,2.627450980392156965e-01,0.000000000000000000e+00,9.083211724798871955e+00,3.543853378295898438e+01,1.413149057657393648e+01,channels
0.000000000000000000e+00,2.666666666666666630e-01,0.000000000000000000e+00,9.183999655453604305e+00,3.596645355224609375e+01,1.427905920625845937e+01,channels
0.000000000000000000e+00,2.705882352941176294e-01,0.000000000000000000e+00,9.300847405888022834e+00,3.649795150756835938e+01,1.451085776804998773e+01,channels
0.000000000000000000e+00,2.745098039215686514e-01,0.000000000000000000e+00,9.322984026812386915e+00,3.652138519287109375e+01,1.450734422216583397e+01,channels
0.000000000000000000e+00,2.784313725490196179e-01,0.000000000000000000e+00,9.525730715092679546e+00,3.711617279052734375e+01,1.476699928859104816e+01,channels
0.000000000000000000e+00,2.823529411764705843e-01,0.000000000000000000e+00,9.662177293268204181e+00,3.769591903686523438e+01,1.499213757471755315e+01,channels
0.000000000000000000e+00,2.862745098039215508e-01,0.000000000000000000e+00,9.769221756543505109e+00,3.822768783569335938e+01,1.515584483362133916e+01,channels
0.000000000000000000e+00,2.901960784313725172e-01,0.000000000000000000e+00,1.015578193520294370e+01,3.947093963623046875e+01,1.570642036367173588e+01,channels
0.000000000000000000e+00,2.941176470588235392e-01,0.000000000000000000e+00,1.038462236912699588e+01,4.060282516479492188e+01,1.607270241567485769e+01,channels
0.000000000000000000e+00,2.980392156862745057e-01,0.000000000000000000e+00,1.051526309109188873e+01,4.119658660888671875e+01,1.625285755326160952e+01,channels
0.000000000000000000e+00,3.019607843137254721e-01,0.000000000000000000e+00,1.072395091601837080e+01,4.185631561279296875e+01,1.654896667814859512e+01,channels
0.000000000000000000e+00,3.058823529411764941e-01,0.000000000000000000e+00,1.090860302785133662e+01,4.249496078491210938e+01,1.679009210057985158e+01,channels
0.000000000000000000e+00,3.098039215686274606e-01,0.000000000000000000e+00,1.083495517279977527e+01,4.243573760986328125e+01,1.673372466636877931e+01,channels
0.000000000000000000e+00,3.137254901960784270e-01,0.000000000000000000e+00,1.100374281835101087e+01,4.306340026855468750e+01,1.698850647399998337e+01,channels
0.000000000000000000e+00,3.176470588235293935e-01,0.000000000000000000e+00,1.117356236692270954e+01,4.369541168212890625e+01,1.721932152454648346e+01,channels
0.000000000000000000e+00,3.215686274509803599e-01,0.000000000000000000e+00,1.127461451153521743e+01,4.429006958007812500e+01,1.740027610810684067e+01,channels
0.000000000000000000e+00,3.254901960784313819e-01,0.000000000000000000e+00,1.132130775754713525e+01,4.433939743041992188e+01,1.747154297606258311e+01,channels
0.000000000000000000e+00,3.294117647058823484e-01,0.000000000000000000e+00,1.151410343761065391e+01,4.500005722045898438e+01,1.771962173692501707e+01,channels
0.000000000000000000e+00,3.333333333333333148e-01,0.000000000000000000e+00,1.164315892134692554e+01,4.563787460327148438e+01,1.791297779597806539e+01,channels
0.000000000000000000e+00,3.372549019607843368e-01,0.000000000000000000e+00,1.180353632090463023e+01,4.628517913818359375e+01,1.818238596669699447e+01,channels
0.000000000000000000e+00,3.411764705882353033e-01,0.000000000000000000e+00,1.183846047582872174e+01,4.630768585205078125e+01,1.815315483265617402e+01,channels
0.000000000000000000e+00,3.450980392156862697e-01,0.000000000000000000e+00,1.215730453350760776e+01,4.758444213867187500e+01,1.863509743090238047e+01,channels
0.000000000000000000e+00,3.490196078431372362e-01,0.000000000000000000e+00,1.226402948983643348e+01,4.814586257934570312e+01,1.881049214137928161e+01,channels
0.000000000000000000e+00,3.529411764705882026e-01,0.000000000000000000e+00,1.243268265291718855e+01,4.881350326538085938e+01,1.908100689999472976e+01,channels
0.000000000000000000e+00,3.568627450980392246e-01,0.000000000000000000e+00,1.248652780423121911e+01,4.884296798706054688e+01,1.910996599351325287e+01,channels
0.000000000000000000e+00,3.607843137254901911e-01,0.000000000000000000e+00,1.260265362529236199e+01,4.948442840576171875e+01,1.932129611617370557e+01,channels
0.000000000000000000e+00,3.647058823529411575e-01,0.000000000000000000e+00,1.281954659345486647e+01,5.022732543945312500e+01,1.959167530509371957e+01,channels
0.000000000000000000e+00,3.686274509803921795e-01,0.000000000000000000e+00,1.281045482803807189e+01,5.023720932006835938e+01,1.960310860143532352e+01,channels
0.000000000000000000e+00,3.725490196078431460e-01,0.000000000000000000e+00,1.296827025220432539e+01,5.093395233154296875e+01,1.986020901184518195e+01,channels
0.000000000000000000e+00,3.764705882352941124e-01,0.000000000000000000e+00,1.303035399257270655e+01,5.098426818847656250e+01,1.987682719308527268e+01,channels
0.000000000000000000e+00,3.803921568627450789e-01,0.000000000000000000e+00,1.339134891270189875e+01,5.240368270874023438e+01,2.040979983755745408e+01,channels
0.000000000000000000e+00,3.843137254901960453e-01,0.000000000000000000e+00,1.352967352778389554e+01,5.304362869262695312e+01,2.061944617559620951e+01,channels
0.000000000000000000e+00,3.882352941176470673e-01,0.000000000000000000e+00,1.357633232860038497e+01,5.307968139648437500e+01,2.067536820912259898e+01,channels
0.000000000000000000e+00,3.921568627450980338e-01,0.000000000000000000e+00,1.365753886719279286e+01,5.367967605590820312e+01,2.081995817573008978e+01,channels
0.000000000000000000e+00,3.960784313725490002e-01,0.000000000000000000e+00,1.386575607279445244e+01,5.439222717285156250e+01,2.112632484714164960e+01,channels
0.000000000000000000e+00,4.000000000000000222e-01,0.000000000000000000e+00,1.389111296466527889e+01,5.440797424316406250e+01,2.114538939831953712e+01,channels
0.000000000000000000e+00,4.039215686274509887e-01,0.000000000000000000e+00,1.406726767181413784e+01,5.510848617553710938e+01,2.137110229875816714e+01,channels
0.000000000000000000e+00,4.078431372549019551e-01,0.000000000000000000e+00,1.422594005942640827e+01,5.580853271484375000e+01,2.164413699486676279e+01,channels
0.000000000000000000e+00,4.117647058823529216e-01,0.000000000000000000e+00,1.426998064566051561e+01,5.583781433105468750e+01,2.167144297791163510e+01,channels
0.000000000000000000e+00,4.156862745098038880e-01,0.000000000000000000e+00,1.440591974528248365e+01,5.652312088012695312e+01,2.186804936618177919e+01,channels
0.000000000000000000e+00,4.196078431372549100e-01,0.000000000000000000e+00,1.457435820024317685e+01,5.721138000488281250e+01,2.210663818697601712e+01,channels
0.000000000000000000e+00,4.235294117647058765e-01,0.000000000000000000e+00,1.463738144461797042e+01,5.726718521118164062e+01,2.217330797902809536e+01,channels
0.000000000000000000e+00,4.274509803921568429e-01,0.000000000000000000e+00,1.480346836112925679e+01,5.797797393798828125e+01,2.238191215512610910e+01,channels
0.000000000000000000e+00,4.313725490196078649e-01,0.000000000000000000e+00,1.478545453811902988e+01,5.795324707031250000e+01,2.238381562070515329e+01,channels
0.000000000000000000e+00,4.352941176470588314e-01,0.000000000000000000e+00,1.498688761037649542e+01,5.871281433105468750e+01,2.271438556731304459e+01,channels
0.000000000000000000e+00,4.392156862745097978e-01,0.000000000000000000e+00,1.516049804722813299e+01,5.946217727661132812e+01,2.294243520306466522e+01,channels
0.000000000000000000e+00,4.431372549019607643e-01,0.000000000000000000e+00,1.522076938162693871e+01,5.951386642456054688e+01,2.298254546233308560e+01,channels
0.000000000000000000e+00,4.470588235294117307e-01,0.000000000000000000e+00,1.537014811890644062e+01,6.025640869140625000e+01,2.321409601027408343e+01,channels
0.000000000000000000e+00,4.509803921568627527e-01,0.000000000000000000e+00,1.555999689053784962e+01,6.102572631835937500e+01,2.348168534160079091e+01,channels
0.000000000000000000e+00,4.549019607843137192e-01,0.000000000000000000e+00,1.557957121589549487e+01,6.102084350585937500e+01,2.349225841856808117e+01,channels
0.000000000000000000e+00,4.588235294117646856e-01,0.000000000000000000e+00,1.577218642587472708e+01,6.180347061157226562e+01,2.377534497268234048e+01,channels
0.000000000000000000e+00,4.627450980392157076e-01,0.000000000000000000e+00,1.579102530837195850e+01,6.182565689086914062e+01,2.380729438664523201e+01,channels
0.000000000000000000e+00,4.666666666666666741e-01,0.000000000000000000e+00,1.599259045320122929e+01,6.261501693725585938e+01,2.404373035300018202e+01,channels
0.000000000000000000e+00,4.705882352941176405e-01,0.000000000000000000e+00,1.595031432073986544e+01,6.255363082885742188e+01,2.403757765110253075e+01,channels
0.000000000000000000e+00,4.745098039215686070e-01,0.000000000000000000e+00,1.618530545381854324e+01,6.335882186889648438e+01,2.436031596135405053e+01,channels
0.000000000000000000e+00,4.784313725490195734e-01,0.000000000000000000e+00,1.637578649069784476e+01,6.414729309082031250e+01,2.459640736500077551e+01,channels
0.000000000000000000e+00,4.823529411764705954e-01,0.000000000000000000e+00,1.658491069240689342e+01,6.495315551757812500e+01,2.488147478094737863e+01,channels
0.000000000000000000e+00,4.862745098039215619e-01,0.000000000000000000e+00,1.680342613897939685e+01,6.578048706054687500e+01,2.520480512363923964e+01,channels
0.000000000000000000e+00,4.901960784313725283e-01,0.000000000000000000e+00,1.702253981604416211e+01,6.661498260498046875e+01,2.548277955021448093e+01,channels
0.000000000000000000e+00,4.941176470588235503e-01,0.000000000000000000e+00,1.722337419063742914e+01,6.740053558349609375e+01,2.576569362730764468e+01,channels
0.000000000000000000e+00,4.980392156862745168e-01,0.000000000000000000e+00,1.738318703973479984e+01,6.818600463867187500e+01,2.602674909309959261e+01,channels
0.000000000000000000e+00,5.019607843137254832e-01,0.000000000000000000e+00,1.744101501242664298e+01,6.824401855468750000e+01,2.604655407986879112e+01,channels
0.000000000000000000e+00,5.058823529411764497e-01,0.000000000000000000e+00,1.764237304293198605e+01,6.904492950439453125e+01,2.628886441036760857e+01,channels
0.000000000000000000e+00,5.098039215686274161e-01,0.000000000000000000e+00,1.780253514899950318e+01,6.979818725585937500e+01,2.655867698034779067e+01,channels
0.000000000000000000e+00,5.137254901960783826e-01,0.000000000000000000e+00,1.786326725732282128e+01,6.984032440185546875e+01,2.659754456644790466e+01,channels
0.000000000000000000e+00,5.176470588235293491e-01,0.000000000000000000e+00,1.805460585714740418e+01,7.065941619873046875e+01,2.688048827199515145e+01,channels
0.000000000000000000e+00,5.215686274509804266e-01,0.000000000000000000e+00,1.831250331653149743e+01,7.151100921630859375e+01,2.718516845125899550e+01,channels
0.000000000000000000e+00,5.254901960784313930e-01,0.000000000000000000e+00,1.823672303907566672e+01,7.145133209228515625e+01,2.712340023216287577e+01,channels
0.000000000000000000e+00,5.294117647058823595e-01,0.000000000000000000e+00,1.841594016624939911e+01,7.223072052001953125e+01,2.741264806352039329e+01,channels
0.000000000000000000e+00,5.333333333333333259e-01,0.000000000000000000e+00,1.864755329845539933e+01,7.308139038085937500e+01,2.771712142232330223e+01,channels
0.000000000000000000e+00,5.372549019607842924e-01,0.000000000000000000e+00,1.869471667103743684e+01,7.312818145751953125e+01,2.775095647382198294e+01,channels
0.000000000000000000e+00,5.411764705882352589e-01,0.000000000000000000e+00,1.896083592774694893e+01,7.423093414306640625e+01,2.810398687570751619e+01,channels
0.000000000000000000e+00,5.450980392156862253e-01,0.000000000000000000e+00,1.895385985579130761e+01,7.421604156494140625e+01,2.813258054154962906e+01,channels
0.000000000000000000e+00,5.490196078431373028e-01,0.000000000000000000e+00,1.916765025682043344e+01,7.515104675292968750e+01,2.842275373037821495e+01,channels
0.000000000000000000e+00,5.529411764705882693e-01,0.000000000000000000e+00,1.942133769258241571e+01,7.609209442138671875e+01,2.874641675705068167e+01,channels
0.000000000000000000e+00,5.568627450980392357e-01,0.000000000000000000e+00,1.948091400652628025e+01,7.614170074462890625e+01,2.879216150164767285e+01,channels
0.000000000000000000e+00,5.607843137254902022e-01,0.000000000000000000e+00,1.971651698761376181e+01,7.707131958007812500e+01,2.907535684239245555e+01,channels
0.000000000000000000e+00,5.647058823529411686e-01,0.000000000000000000e+00,1.969758433118773766e+01,7.705068206787109375e+01,2.910094694109707447e+01,channels
0.000000000000000000e+00,5.686274509803921351e-01,0.000000000000000000e+00,1.991191700950163934e+01,7.801379394531250000e+01,2.939779036632642217e+01,channels
0.000000000000000000e+00,5.725490196078431016e-01,0.000000000000000000e+00,1.994570306406320270e+01,7.804067993164062500e+01,2.941871227261694344e+01,channels
0.000000000000000000e+00,5.764705882352940680e-01,0.000000000000000000e+00,2.023970577672537630e+01,7.904341888427734375e+01,2.977422243789214562e+01,channels
0.000000000000000000e+00,5.803921568627450345e-01,0.000000000000000000e+00,2.017393509003070307e+01,7.900784301757812500e+01,2.971785547803955296e+01,channels
0.000000000000000000e+00,5.843137254901961120e-01,0.000000000000000000e+00,2.043873382505946523e+01,7.999218750000000000e+01,3.005047798629081157e+01,channels
0.000000000000000000e+00,5.882352941176470784e-01,0.000000000000000000e+00,2.040201673559159801e+01,7.994937896728515625e+01,3.002366899487237362e+01,channels
0.000000000000000000e+00,5.921568627450980449e-01,0.000000000000000000e+00,2.068107694512741901e+01,8.094463348388671875e+01,3.039227673126346829e+01,channels
0.000000000000000000e+00,5.960784313725490113e-01,0.000000000000000000e+00,2.065286359729292087e+01,8.090284729003906250e+01,3.036056398027790593e+01,channels
0.000000000000000000e+00,5.999999999999999778e-01,0.000000000000000000e+00,2.073533000985981190e+01,8.098449707031250000e+01,3.040205500753900836e+01,channels
0.000000000000000000e+00,6.039215686274509443e-01,0.000000000000000000e+00,2.097190969534901583e+01,8.199067687988281250e+01,3.072811332797770945e+01,channels
0.000000000000000000e+00,6.078431372549019107e-01,0.000000000000000000e+00,2.122914813754859864e+01,8.302272796630859375e+01,3.106565941906631778e+01,channels
0.000000000000000000e+00,6.117647058823529882e-01,0.000000000000000000e+00,2.124779230028892840e+01,8.303974151611328125e+01,3.107078968533949492e+01,channels
0.000000000000000000e+00,6.156862745098039547e-01,0.000000000000000000e+00,2.149229710466119769e+01,8.406524658203125000e+01,3.140394605198081379e+01,channels
0.000000000000000000e+00,6.196078431372549211e-01,0.000000000000000000e+00,2.150657518866206885e+01,8.405111694335937500e+01,3.140031480181496093e+01,channels
0.000000000000000000e+00,6.235294117647058876e-01,0.000000000000000000e+00,2.170384066380322352e+01,8.504893493652343750e+01,3.169511157383840327e+01,channels
0.000000000000000000e+00,6.274509803921568540e-01,0.000000000000000000e+00,2.180093511378904481e+01,8.514133453369140625e+01,3.174526191302430789e+01,channels
0.000000000000000000e+00,6.313725490196078205e-01,0.000000000000000000e+00,2.201179457213040180e+01,8.611738586425781250e+01,3.203751510809180303e+01,channels
0.000000000000000000e+00,6.352941176470587870e-01,0.000000000000000000e+00,2.202193103481560499e+01,8.614008331298828125e+01,3.203617002950586823e+01,channels
0.000000000000000000e+00,6.392156862745097534e-01,0.000000000000000000e+00,2.225793855464488402e+01,8.710634613037109375e+01,3.235091334264938467e+01,channels
0.000000000000000000e+00,6.431372549019607199e-01,0.000000000000000000e+00,2.231750022726027538e+01,8.717027282714843750e+01,3.245479961878680797e+01,channels
0.000000000000000000e+00,6.470588235294117974e-01,0.000000000000000000e+00,2.258603568381022697e+01,8.818196105957031250e+01,3.275310490117999507e+01,channels
0.000000000000000000e+00,6.509803921568627638e-01,0.000000000000000000e+00,2.256929432345774345e+01,8.816651916503906250e+01,3.272367916613114858e+01,channels
0.000000000000000000e+00,6.549019607843137303e-01,0.000000000000000000e+00,2.258359120602825953e+01,8.816233062744140625e+01,3.273490657924049430e+01,channels
0.000000000000000000e+00,6.588235294117646967e-01,0.000000000000000000e+00,2.281345928326000205e+01,8.914154052734375000e+01,3.303678230697774865e+01,channels
0.000000000000000000e+00,6.627450980392156632e-01,0.000000000000000000e+00,2.280401144545265169e+01,8.913417053222656250e+01,3.305835479787052833e+01,channels
0.000000000000000000e+00,6.666666666666666297e-01,0.000000000000000000e+00,2.310808458876933713e+01,9.021897888183593750e+01,3.340476187778050843e+01,channels
0.000000000000000000e+00,6.705882352941175961e-01,0.000000000000000000e+00,2.312362615460326509e+01,9.024227905273437500e+01,3.340976298892265817e+01,channels
0.000000000000000000e+00,6.745098039215686736e-01,0.000000000000000000e+00,2.308052126363568135e+01,9.018817138671875000e+01,3.336350369311096387e+01,channels
0.000000000000000000e+00,6.784313725490196401e-01,0.000000000000000000e+00,2.339616436740233141e+01,9.129611206054687500e+01,3.373368209151480102e+01,channels
0.000000000000000000e+00,6.823529411764706065e-01,0.000000000000000000e+00,2.362272240194166173e+01,9.230513000488281250e+01,3.405869530031193193e+01,channels
0.000000000000000000e+00,6.862745098039215730e-01,0.000000000000000000e+00,2.371594046583521376e+01,9.240131378173828125e+01,3.412339450681164976e+01,channels
0.000000000000000000e+00,6.901960784313725394e-01,0.000000000000000000e+00,2.392369409649322520e+01,9.341318511962890625e+01,3.442320475088718013e+01,channels
0.000000000000000000e+00,6.941176470588235059e-01,0.000000000000000000e+00,2.419644554225270383e+01,9.447503662109375000e+01,3.472250985372652821e+01,channels
0.000000000000000000e+00,6.980392156862744724e-01,0.000000000000000000e+00,2.421540413467060660e+01,9.447992706298828125e+01,3.477016731465215571e+01,channels
0.000000000000000000e+00,7.019607843137254388e-01,0.000000000000000000e+00,2.445508616759510545e+01,9.551905822753906250e+01,3.504544819067275085e+01,channels
0.000000000000000000e+00,7.058823529411764053e-01,0.000000000000000000e+00,2.475832458343193210e+01,9.660255432128906250e+01,3.542866568522769910e+01,channels
0.000000000000000000e+00,7.098039215686274828e-01,0.000000000000000000e+00,2.480030713299376899e+01,9.664134979248046875e+01,3.541146112187580286e+01,channels
0.000000000000000000e+00,7.137254901960784492e-01,0.000000000000000000e+00,2.474546188032197591e+01,9.659988403320312500e+01,3.542651844531467731e+01,channels
0.000000000000000000e+00,7.176470588235294157e-01,0.000000000000000000e+00,2.500175973192452972e+01,9.762378692626953125e+01,3.571319979917115717e+01,channels
0.000000000000000000e+00,7.215686274509803821e-01,0.000000000000000000e+00,2.502627421388661233e+01,9.764559936523437500e+01,3.572753313183286394e+01,channels
0.000000000000000000e+00,7.254901960784313486e-01,0.000000000000000000e+00,2.530111678554361276e+01,9.872023773193359375e+01,3.609194832288557819e+01,channels
0.000000000000000000e+00,7.294117647058823151e-01,0.000000000000000000e+00,2.537921174022082482e+01,9.878540039062500000e+01,3.613029248736830823e+01,channels
0.000000000000000000e+00,7.333333333333332815e-01,0.000000000000000000e+00,2.529849096920191798e+01,9.872133636474609375e+01,3.608872563596961669e+01,channels
0.000000000000000000e+00,7.372549019607843590e-01,0.000000000000000000e+00,2.559320034514183106e+01,9.981188201904296875e+01,3.638119863788283226e+01,channels
0.000000000000000000e+00,7.411764705882353255e-01,0.000000000000000000e+00,2.561812235798841897e+01,9.983430480957031250e+01,3.640449251943097408e+01,channels
0.000000000000000000e+00,7.450980392156862919e-01,0.000000000000000000e+00,2.589063978585006609e+01,1.009225692749023438e+02,3.669712858544195200e+01,channels
0.000000000000000000e+00,7.490196078431372584e-01,0.000000000000000000e+00,2.587064244472927399e+01,1.008796005249023438e+02,3.674322754601729457e+01,channels
0.000000000000000000e+00,7.529411764705882248e-01,0.000000000000000000e+00,2.604756865118794451e+01,1.018259582519531250e+02,3.696391203384433055e+01,channels
0.000000000000000000e+00,7.568627450980391913e-01,0.000000000000000000e+00,2.616728218064093880e+01,1.019586105346679688e+02,3.708976567847746253e+01,channels
0.000000000000000000e+00,7.607843137254901578e-01,0.000000000000000000e+00,2.643966012114486119e+01,1.030688934326171875e+02,3.735890447145707327e+01,channels
0.000000000000000000e+00,7.647058823529411242e-01,0.000000000000000000e+00,2.646506500583530297e+01,1.030946044921875000e+02,3.737923312248798169e+01,channels
0.000000000000000000e+00,7.686274509803920907e-01,0.000000000000000000e+00,2.671045231100981354e+01,1.041862640380859375e+02,3.768326835679942377e+01,channels
0.000000000000000000e+00,7.725490196078431682e-01,0.000000000000000000e+00,2.703520534600543357e+01,1.053141174316406250e+02,3.801588722189304548e+01,channels
0.000000000000000000e+00,7.764705882352941346e-01,0.000000000000000000e+00,2.702809730487617301e+01,1.053318023681640625e+02,3.803547983773704999e+01,channels
0.000000000000000000e+00,7.803921568627451011e-01,0.000000000000000000e+00,2.699743011684802596e+01,1.052953414916992188e+02,3.797227515750030591e+01,channels
0.000000000000000000e+00,7.843137254901960675e-01,0.000000000000000000e+00,2.737110554655310324e+01,1.064854049682617188e+02,3.836013522719807867e+01,channels
0.000000000000000000e+00,7.882352941176470340e-01,0.000000000000000000e+00,2.737342131242385435e+01,1.064981384277343750e+02,3.834444666831937099e+01,channels
0.000000000000000000e+00,7.921568627450980005e-01,0.000000000000000000e+00,2.767771229167090397e+01,1.076564102172851562e+02,3.871043051061733564e+01,channels
0.000000000000000000e+00,7.960784313725489669e-01,0.000000000000000000e+00,2.765066531616629320e+01,1.076350097656250000e+02,3.868227070403636958e+01,channels
0.000000000000000000e+00,8.000000000000000444e-01,0.000000000000000000e+00,2.766403129853995679e+01,1.076585540771484375e+02,3.869496522296905283e+01,channels
0.000000000000000000e+00,8.039215686274510109e-01,0.000000000000000000e+00,2.798804638279999324e+01,1.088105087280273438e+02,3.905090734798422147e+01,channels
0.000000000000000000e+00,8.078431372549019773e-01,0.000000000000000000e+00,2.830042782240402133e+01,1.099757537841796875e+02,3.935837826845988019e+01,channels
0.000000000000000000e+00,8.117647058823529438e-01,0.000000000000000000e+00,2.820573812239648959e+01,1.099022293090820312e+02,3.930808376231657775e+01,channels
0.000000000000000000e+00,8.156862745098039102e-01,0.000000000000000000e+00,2.823941690231291446e+01,1.099220199584960938e+02,3.932989008546821452e+01,channels
0.000000000000000000e+00,8.196078431372548767e-01,0.000000000000000000e+00,2.858416710651131254e+01,1.110820541381835938e+02,3.967108256924325360e+01,channels
0.000000000000000000e+00,8.235294117647058432e-01,0.000000000000000000e+00,2.854972260040826981e+01,1.110509796142578125e+02,3.967801418668510394e+01,channels
0.000000000000000000e+00,8.274509803921568096e-01,0.000000000000000000e+00,2.888740264374975908e+01,1.122603912353515625e+02,3.998151931187837960e+01,channels
0.000000000000000000e+00,8.313725490196077761e-01,0.000000000000000000e+00,2.882105240217761377e+01,1.122202224731445312e+02,3.994246637429370139e+01,channels
0.000000000000000000e+00,8.352941176470588536e-01,0.000000000000000000e+00,2.918789138148858697e+01,1.134295730590820312e+02,4.031838653933071726e+01,channels
0.000000000000000000e+00,8.392156862745098200e-01,0.000000000000000000e+00,2.915092052353318408e+01,1.134233322143554688e+02,4.033201659091020019e+01,channels
0.000000000000000000e+00,8.431372549019607865e-01,0.000000000000000000e+00,2.916327229151018230e+01,1.134272003173828125e+02,4.030596656723368909e+01,channels
0.000000000000000000e+00,8.470588235294117530e-01,0.000000000000000000e+00,2.952164492479240820e+01,1.146319503784179688e+02,4.063302407414142436e+01,channels
0.000000000000000000e+00,8.509803921568627194e-01,0.000000000000000000e+00,2.948938387518399651e+01,1.146017227172851562e+02,4.061622519297267786e+01,channels
0.000000000000000000e+00,8.549019607843136859e-01,0.000000000000000000e+00,2.981312617237888674e+01,1.157353286743164062e+02,4.091621108796033468e+01,channels
0.000000000000000000e+00,8.588235294117646523e-01,0.000000000000000000e+00,2.980111506311519065e+01,1.157218704223632812e+02,4.093876302402099299e+01,channels
0.000000000000000000e+00,8.627450980392157298e-01,0.000000000000000000e+00,3.006956117099927184e+01,1.168938980102539062e+02,4.118095683215631198e+01,channels
0.000000000000000000e+00,8.666666666666666963e-01,0.000000000000000000e+00,3.013517907829828246e+01,1.169616699218750000e+02,4.123153736775790179e+01,channels
0.000000000000000000e+00,8.705882352941176627e-01,0.000000000000000000e+00,3.007581193818336729e+01,1.169154357910156250e+02,4.123167707549787764e+01,channels
0.000000000000000000e+00,8.745098039215686292e-01,0.000000000000000000e+00,3.045111159894894115e+01,1.181782989501953125e+02,4.154457801818018226e+01,channels
0.000000000000000000e+00,8.784313725490195957e-01,0.000000000000000000e+00,3.075945100136506838e+01,1.193488845825195312e+02,4.185515731717195820e+01,channels
0.000000000000000000e+00,8.823529411764705621e-01,0.000000000000000000e+00,3.075370790686646671e+01,1.193562164306640625e+02,4.181183730595034120e+01,channels
0.000000000000000000e+00,8.862745098039215286e-01,0.000000000000000000e+00,3.109202235089542654e+01,1.205271759033203125e+02,4.208403414276721577e+01,channels
0.000000000000000000e+00,8.901960784313724950e-01,0.000000000000000000e+00,3.110340422129981164e+01,1.205425415039062500e+02,4.216157079718239231e+01,channels
0.000000000000000000e+00,8.941176470588234615e-01,0.000000000000000000e+00,3.140570936509371336e+01,1.217496643066406250e+02,4.238224851651904856e+01,channels
0.000000000000000000e+00,8.980392156862745390e-01,0.000000000000000000e+00,3.142235512263889063e+01,1.217635192871093750e+02,4.242555146086905893e+01,channels
0.000000000000000000e+00,9.019607843137255054e-01,0.000000000000000000e+00,3.176426895004506079e+01,1.229702377319335938e+02,4.270261168105751892e+01,channels
0.000000000000000000e+00,9.058823529411764719e-01,0.000000000000000000e+00,3.174459821012196059e+01,1.229399337768554688e+02,4.270196677114473260e+01,channels
0.000000000000000000e+00,9.098039215686274384e-01,0.000000000000000000e+00,3.182924068982882915e+01,1.230295639038085938e+02,4.277721270792212493e+01,channels
0.000000000000000000e+00,9.137254901960784048e-01,0.000000000000000000e+00,3.206545271435112454e+01,1.241230316162109375e+02,4.295455027371883716e+01,channels
0.000000000000000000e+00,9.176470588235293713e-01,0.000000000000000000e+00,3.200848087658505392e+01,1.240910644531250000e+02,4.289330416520488143e+01,channels
0.000000000000000000e+00,9.215686274509803377e-01,0.000000000000000000e+00,3.231825613631286842e+01,1.251621170043945312e+02,4.321563261216454066e+01,channels
0.000000000000000000e+00,9.254901960784314152e-01,0.000000000000000000e+00,3.229158667653214820e+01,1.251478652954101562e+02,4.314944322333312954e+01,channels
0.000000000000000000e+00,9.294117647058823817e-01,0.000000000000000000e+00,3.268393851897497626e+01,1.264024963378906250e+02,4.344817586786625441e+01,channels
0.000000000000000000e+00,9.333333333333333481e-01,0.000000000000000000e+00,3.270612057772178360e+01,1.264103393554687500e+02,4.348698609934006498e+01,channels
0.000000000000000000e+00,9.372549019607843146e-01,0.000000000000000000e+00,3.304999131878726359e+01,1.275731124877929688e+02,4.375134787901687616e+01,channels
0.000000000000000000e+00,9.411764705882352811e-01,0.000000000000000000e+00,3.294192946135449063e+01,1.274727554321289062e+02,4.363505251616709302e+01,channels
0.000000000000000000e+00,9.450980392156862475e-01,0.000000000000000000e+00,3.325724479371910292e+01,1.285596160888671875e+02,4.386806972158431250e+01,channels
0.000000000000000000e+00,9.490196078431372140e-01,0.000000000000000000e+00,3.328174656736361925e+01,1.285590515136718750e+02,4.388236774275165430e+01,channels
0.000000000000000000e+00,9.529411764705881804e-01,0.000000000000000000e+00,3.356722602241570286e+01,1.295364227294921875e+02,4.410463248364146693e+01,channels
0.000000000000000000e+00,9.568627450980391469e-01,0.000000000000000000e+00,3.375546717411000230e+01,1.302236022949218750e+02,4.420580507630000255e+01,channels
0.000000000000000000e+00,9.607843137254902244e-01,0.000000000000000000e+00,3.371702970364318475e+01,1.302022857666015625e+02,4.418666498385485397e+01,channels
0.000000000000000000e+00,9.647058823529411908e-01,0.000000000000000000e+00,3.397132465296090231e+01,1.308742828369140625e+02,4.437496652394820984e+01,channels
0.000000000000000000e+00,9.686274509803921573e-01,0.000000000000000000e+00,3.417763428330726327e+01,1.317416992187500000e+02,4.444097758534482523e+01,channels
0.000000000000000000e+00,9.725490196078431238e-01,0.000000000000000000e+00,3.427712872713767922e+01,1.321523284912109375e+02,4.448363460566706351e+01,channels
0.000000000000000000e+00,9.764705882352940902e-01,0.000000000000000000e+00,3.428552637394687963e+01,1.321819610595703125e+02,4.452573430035763380e+01,channels
0.000000000000000000e+00,9.803921568627450567e-01,0.000000000000000000e+00,3.446021873500963295e+01,1.328232879638671875e+02,4.461822262037755848e+01,channels
0.000000000000000000e+00,9.843137254901960231e-01,0.000000000000000000e+00,3.468239782972318608e+01,1.334199523925781250e+02,4.471723802063803532e+01,channels
0.000000000000000000e+00,9.882352941176471006e-01,0.000000000000000000e+00,3.497154954700778973e+01,1.344326629638671875e+02,4.485656823462217346e+01,channels
0.000000000000000000e+00,9.921568627450980671e-01,0.000000000000000000e+00,3.513129162696775154e+01,1.351152343750000000e+02,4.483309470542018005e+01,channels
0.000000000000000000e+00,9.960784313725490335e-01,0.000000000000000000e+00,3.529905594447219386e+01,1.356740570068359375e+02,4.494954987291029624e+01,channels
0.000000000000000000e+00,1.000000000000000000e+00,0.000000000000000000e+00,3.539508675754642297e+01,1.360743865966796875e+02,4.495288020526585626e+01,channels
0.000000000000000000e+00,0.000000000000000000e+00,0.000000000000000000e+00,1.184595163007151342e-01,1.551145017147064209e-01,2.400882007364042170e-01,channels
0.000000000000000000e+00,0.000000000000000000e+00,3.921568627450980338e-03,2.707530467492624271e-01,2.692905664443969727e-01,9.985506880478389746e-01,channels
0.000000000000000000e+00,0.000000000000000000e+00,7.843137254901960675e-03,4.303630565294058186e-01,3.989129960536956787e-01,2.032388588764367121e+00,channels
0.000000000000000000e+00,0.000000000000000000e+00,1.176470588235294101e-02,6.849262916159786219e-01,6.121344566345214844e-01,3.278160407895963413e+00,channels
0.000000000000000000e+00,0.000000000000000000e+00,1.568627450980392135e-02,8.312703902714078108e-01,7.290880084037780762e-01,4.309504075164131365e+00,channels
0.000000000000000000e+00,0.000000000000000000e+00,1.960784313725490169e-02,1.000547182419188497e+00,8.699274659156799316e-01,5.257056552247739489e+00,channels
0.000000000000000000e+00,0.000000000000000000e+00,2.352941176470588203e-02,1.148210743637078091e+00,9.868165850639343262e-01,6.424558274696861027e+00,channels
0.000000000000000000e+00,0.000000000000000000e+00,2.745098039215686236e-02,1.287512196912210527e+00,1.104872941970825195e+00,7.278658273277628155e+00,channels
0.000000000000000000e+00,0.000000000000000000e+00,3.137254901960784270e-02,1.449610336385058984e+00,1.217300176620483398e+00,8.176240383434613790e+00,channels
0.000000000000000000e+00,0.000000000000000000e+00,3.529411764705882304e-02,1.710080317534436789e+00,1.450198650360107422e+00,9.297684110797810320e+00,channels
0.000000000000000000e+00,0.000000000000000000e+00,3.921568627450980338e-02,1.849048814960088105e+00,1.571316599845886230e+00,1.068477552655449081e+01,channels
0.000000000000000000e+00,0.000000000000000000e+00,4.313725490196078372e-02,1.959802799439092746e+00,1.656607031822204590e+00,1.112277727231975000e+01,channels
0.000000000000000000e+00,0.000000000000000000e+00,4.705882352941176405e-02,2.099847148827897136e+00,1.770469307899475098e+00,1.177515523348502491e+01,channels
0.000000000000000000e+00,0.000000000000000000e+00,5.098039215686274439e-02,2.339002045606140889e+00,1.963213682174682617e+00,1.316082763032259706e+01,channels
0.000000000000000000e+00,0.000000000000000000e+00,5.490196078431372473e-02,2.578570307512645599e+00,2.158260107040405273e+00,1.456685815179555554e+01,channels
0.000000000000000000e+00,0.000000000000000000e+00,5.882352941176470507e-02,2.691237534093416262e+00,2.263999938964843750e+00,1.553788792808730079e+01,channels
0.000000000000000000e+00,0.000000000000000000e+00,6.274509803921568540e-02,2.877703904913651467e+00,2.416135787963867188e+00,1.633750101921358322e+01,channels
0.000000000000000000e+00,0.000000000000000000e+00,6.666666666666666574e-02,3.123695541123528763e+00,2.626507043838500977e+00,1.767653618466900056e+01,channels
0.000000000000000000e+00,0.000000000000000000e+00,7.058823529411764608e-02,3.193382428667957740e+00,2.688834905624389648e+00,1.847081149551367218e+01,channels
0.000000000000000000e+00,0.000000000000000000e+00,7.450980392156862642e-02,3.462536187298691281e+00,2.908791303634643555e+00,1.980388876007754106e+01,channels
0.000000000000000000e+00,0.000000000000000000e+00,7.843137254901960675e-02,3.639515519491482554e+00,3.053150415420532227e+00,2.073570874811715825e+01,channels
0.000000000000000000e+00,0.000000000000000000e+00,8.235294117647058709e-02,3.793663146861939062e+00,3.191059350967407227e+00,2.158090307512990336e+01,channels
0.000000000000000000e+00,0.000000000000000000e+00,8.627450980392156743e-02,3.840091967433155506e+00,3.211776018142700195e+00,2.220752823047100222e+01,channels
0.000000000000000000e+00,0.000000000000000000e+00,9.019607843137254777e-02,3.870851847679640301e+00,3.247271060943603516e+00,2.219702465035545202e+01,channels
0.000000000000000000e+00,0.000000000000000000e+00,9.411764705882352811e-02,3.986428451888423208e+00,3.342330217361450195e+00,2.278297479879644527e+01,channels
0.000000000000000000e+00,0.000000000000000000e+00,9.803921568627450844e-02,4.123539670024628734e+00,3.460181951522827148e+00,2.371933136762812566e+01,channels
0.000000000000000000e+00,0.000000000000000000e+00,1.019607843137254888e-01,4.545169746437427882e+00,3.803223133087158203e+00,2.624947603639003546e+01,channels
0.000000000000000000e+00,0.000000000000000000e+00,1.058823529411764691e-01,4.759556734529830635e+00,3.998833417892456055e+00,2.743890933274271404e+01,channels
0.000000000000000000e+00,0.000000000000000000e+00,1.098039215686274495e-01,4.995966770450929850e+00,4.184819221496582031e+00,2.901572910782245529e+01,channels
0.000000000000000000e+00,0.000000000000000000e+00,1.137254901960784298e-01,5.194631465390799008e+00,4.352371215820312500e+00,3.016042662354821502e+01,channels
0.000000000000000000e+00,0.000000000000000000e+00,1.176470588235294101e-01,5.283771306050114802e+00,4.436648845672607422e+00,3.052362758720405722e+01,channels
0.000000000000000000e+00,0.000000000000000000e+00,1.215686274509803905e-01,5.620651544151190393e+00,4.716633319854736328e+00,3.242318554616187498e+01,channels
0.000000000000000000e+00,0.000000000000000000e+00,1.254901960784313708e-01,5.692294915708345115e+00,4.791840076446533203e+00,3.307931949318835052e+01,channels
0.000000000000000000e+00,0.000000000000000000e+00,1.294117647058823373e-01,5.930866280202207186e+00,4.977459430694580078e+00,3.438797972868085395e+01,channels
0.000000000000000000e+00,0.000000000000000000e+00,1.333333333333333315e-01,6.142503634689277625e+00,5.159578323364257812e+00,3.562813495972513778e+01,channels
0.000000000000000000e+00,0.000000000000000000e+00,1.372549019607843257e-01,6.225878683435799310e+00,5.239799499511718750e+00,3.614443546476319824e+01,channels
0.000000000000000000e+00,0.000000000000000000e+00,1.411764705882352922e-01,6.283683676526449879e+00,5.281930446624755859e+00,3.621013401820887623e+01,channels
0.000000000000000000e+00,0.000000000000000000e+00,1.450980392156862586e-01,6.414563007080854362e+00,5.400166511535644531e+00,3.696264498782925756e+01,channels
0.000000000000000000e+00,0.000000000000000000e+00,1.490196078431372528e-01,6.454762797263992269e+00,5.418359756469726562e+00,3.771206652544174887e+01,channels
0.000000000000000000e+00,0.000000000000000000e+00,1.529411764705882470e-01,6.763585430535107967e+00,5.678205966949462891e+00,3.915581229217148973e+01,channels
0.000000000000000000e+00,0.000000000000000000e+00,1.568627450980392135e-01,7.023397487613563861e+00,5.910895824432373047e+00,4.049788299439371997e+01,channels
0.000000000000000000e+00,0.000000000000000000e+00,1.607843137254901800e-01,7.324656540881491651e+00,6.161962985992431641e+00,4.262814260111360909e+01,channels
0.000000000000000000e+00,0.000000000000000000e+00,1.647058823529411742e-01,7.471259017894428922e+00,6.289510250091552734e+00,4.330539408804320090e+01,channels
0.000000000000000000e+00,0.000000000000000000e+00,1.686274509803921684e-01,7.562064031350670845e+00,6.355575561523437500e+00,4.398557905777591515e+01,channels
0.000000000000000000e+00,0.000000000000000000e+00,1.725490196078431349e-01,7.685779558482945362e+00,6.455835819244384766e+00,4.485607384074535986e+01,channels
0.000000000000000000e+00,0.000000000000000000e+00,1.764705882352941013e-01,7.842616370254258840e+00,6.597592353820800781e+00,4.555736945788109438e+01,channels
0.000000000000000000e+00,0.000000000000000000e+00,1.803921568627450955e-01,7.982052874489091288e+00,6.704545974731445312e+00,4.625760280631925525e+01,channels
0.000000000000000000e+00,0.000000000000000000e+00,1.843137254901960898e-01,8.075917217265283554e+00,6.796401023864746094e+00,4.690190320143675251e+01,channels
0.000000000000000000e+00,0.000000000000000000e+00,1.882352941176470562e-01,8.162393283288341905e+00,6.870185375213623047e+00,4.759772311052259397e+01,channels
0.000000000000000000e+00,0.000000000000000000e+00,1.921568627450980227e-01,8.404913972887667839e+00,7.079049587249755859e+00,4.912193968936694688e+01,channels
0.000000000000000000e+00,0.000000000000000000e+00,1.960784313725490169e-01,8.740714520308623392e+00,7.357376098632812500e+00,5.083216323729570973e+01,channels
0.000000000000000000e+00,0.000000000000000000e+00,2.000000000000000111e-01,8.860683093772491858e+00,7.475222110748291016e+00,5.152000622431151555e+01,channels
0.000000000000000000e+00,0.000000000000000000e+00,2.039215686274509776e-01,9.112444519029562429e+00,7.676376819610595703e+00,5.313706605777044700e+01,channels
0.000000000000000000e+00,0.000000000000000000e+00,2.078431372549019440e-01,9.295113099686266978e+00,7.834593296051025391e+00,5.390525372626915868e+01,channels
0.000000000000000000e+00,0.000000000000000000e+00,2.117647058823529382e-01,9.372538687792530965e+00,7.898615360260009766e+00,5.454046213737463944e+01,channels
0.000000000000000000e+00,0.000000000000000000e+00,2.156862745098039325e-01,9.676525855506984186e+00,8.173907279968261719e+00,5.644463594929319328e+01,channels
0.000000000000000000e+00,0.000000000000000000e+00,2.196078431372548989e-01,9.818382405171963256e+00,8.294962882995605469e+00,5.721047769408409778e+01,channels
0.000000000000000000e+00,0.000000000000000000e+00,2.235294117647058654e-01,9.940934957845085407e+00,8.380846023559570312e+00,5.793891733742127315e+01,channels
0.000000000000000000e+00,0.000000000000000000e+00,2.274509803921568596e-01,1.004596143827825649e+01,8.480182647705078125e+00,5.895042525770343644e+01,channels
0.000000000000000000e+00,0.000000000000000000e+00,2.313725490196078538e-01,1.031236455608867253e+01,8.706303596496582031e+00,5.982864532495530341e+01,channels
0.000000000000000000e+00,0.000000000000000000e+00,2.352941176470588203e-01,1.040174588242484432e+01,8.778508186340332031e+00,6.062726902904424975e+01,channels
0.000000000000000000e+00,0.000000000000000000e+00,2.392156862745097867e-01,1.050072572498281076e+01,8.878400802612304688e+00,6.137104115433384521e+01,channels
0.000000000000000000e+00,0.000000000000000000e+00,2.431372549019607809e-01,1.062299848856224571e+01,8.986721038818359375e+00,6.211980242722091106e+01,channels
0.000000000000000000e+00,0.000000000000000000e+00,2.470588235294117752e-01,1.085240185681709058e+01,9.176660537719726562e+00,6.312561460929276791e+01,channels
0.000000000000000000e+00,0.000000000000000000e+00,2.509803921568627416e-01,1.103420705646518130e+01,9.332780838012695312e+00,6.421594192332869966e+01,channels
0.000000000000000000e+00,0.000000000000000000e+00,2.549019607843137081e-01,1.116728746036139697e+01,9.434316635131835938e+00,6.498091746433118487e+01,channels
0.000000000000000000e+00,0.000000000000000000e+00,2.588235294117646745e-01,1.152232206741516762e+01,9.752111434936523438e+00,6.698846068140149157e+01,channels
0.000000000000000000e+00,0.000000000000000000e+00,2.627450980392156965e-01,1.177987925708685069e+01,9.969766616821289062e+00,6.877026913155403065e+01,channels
0.000000000000000000e+00,0.000000000000000000e+00,2.666666666666666630e-01,1.195380357589920628e+01,1.013330650329589844e+01,6.965392493488540993e+01,channels
0.000000000000000000e+00,0.000000000000000000e+00,2.705882352941176294e-01,1.212624054501154092e+01,1.027155971527099609e+01,7.054629206023369647e+01,channels
0.000000000000000000e+00,0.000000000000000000e+00,2.745098039215686514e-01,1.210709576501377072e+01,1.027468585968017578e+01,7.054103841743732062e+01,channels
0.000000000000000000e+00,0.000000000000000000e+00,2.784313725490196179e-01,1.230794360785002439e+01,1.043413448333740234e+01,7.161064252872820646e+01,channels
0.000000000000000000e+00,0.000000000000000000e+00,2.823529411764705843e-01,1.249546443536679519e+01,1.060283565521240234e+01,7.260670311362407858e+01,channels
0.000000000000000000e+00,0.000000000000000000e+00,2.862745098039215508e-01,1.261343216612371165e+01,1.070288467407226562e+01,7.368946184066247440e+01,channels
0.000000000000000000e+00,0.000000000000000000e+00,2.901960784313725172e-01,1.265760348317273554e+01,1.073955154418945312e+01,7.369083531663298459e+01,channels
0.000000000000000000e+00,0.000000000000000000e+00,2.941176470588235392e-01,1.276291334787795506e+01,1.082907295227050781e+01,7.447140846414474424e+01,channels
0.000000000000000000e+00,0.000000000000000000e+00,2.980392156862745057e-01,1.276385820919507808e+01,1.083831024169921875e+01,7.446782365331290521e+01,channels
0.000000000000000000e+00,0.000000000000000000e+00,3.019607843137254721e-01,1.329887326574458584e+01,1.129099273681640625e+01,7.761290135004279023e+01,channels
0.000000000000000000e+00,0.000000000000000000e+00,3.058823529411764941e-01,1.349457762058893451e+01,1.147253227233886719e+01,7.874986165924890713e+01,channels
0.000000000000000000e+00,0.000000000000000000e+00,3.098039215686274606e-01,1.371900541103661197e+01,1.166101741790771484e+01,7.989262259215055906e+01,channels
0.000000000000000000e+00,0.000000000000000000e+00,3.137254901960784270e-01,1.379267288490356869e+01,1.173215198516845703e+01,8.043163283980672418e+01,channels
0.000000000000000000e+00,0.000000000000000000e+00,3.176470588235293935e-01,1.407732709199095567e+01,1.197256755828857422e+01,8.217639248473820146e+01,channels
0.000000000000000000e+00,0.000000000000000000e+00,3.215686274509803599e-01,1.418587045962415694e+01,1.207420158386230469e+01,8.249723797907674339e+01,channels
0.000000000000000000e+00,0.000000000000000000e+00,3.254901960784313819e-01,1.437588962959857675e+01,1.224443626403808594e+01,8.388687366116619160e+01,channels
0.000000000000000000e+00,0.000000000000000000e+00,3.294117647058823484e-01,1.452999331530153171e+01,1.237312412261962891e+01,8.484978500789489431e+01,channels
0.000000000000000000e+00,0.000000000000000000e+00,3.333333333333333148e-01,1.481133017135014640e+01,1.263105201721191406e+01,8.636972400234496661e+01,channels
0.000000000000000000e+00,0.000000000000000000e+00,3.372549019607843368e-01,1.492338196169525588e+01,1.273339176177978516e+01,8.696473397946233774e+01,channels
0.000000000000000000e+00,0.000000000000000000e+00,3.411764705882353033e-01,1.492903954016282597e+01,1.272830390930175781e+01,8.695302421711876661e+01,channels
0.000000000000000000e+00,0.000000000000000000e+00,3.450980392156862697e-01,1.491327480573580821e+01,1.271119022369384766e+01,8.696322905844047568e+01,channels
0.000000000000000000e+00,0.000000000000000000e+00,3.490196078431372362e-01,1.510804046640711462e+01,1.289006233215332031e+01,8.814405791469073392e+01,channels
0.000000000000000000e+00,0.000000000000000000e+00,3.529411764705882026e-01,1.534170231554912078e+01,1.309516906738281250e+01,8.936462347831079001e+01,channels
0.000000000000000000e+00,0.000000000000000000e+00,3.568627450980392246e-01,1.533655928442998118e+01,1.307840251922607422e+01,8.937267569578447990e+01,channels
0.000000000000000000e+00,0.000000000000000000e+00,3.607843137254901911e-01,1.555201301301064198e+01,1.328632164001464844e+01,9.061598963648415861e+01,channels
0.000000000000000000e+00,0.000000000000000000e+00,3.647058823529411575e-01,1.575309674892053025e+01,1.343193244934082031e+01,9.184201339266299158e+01,channels
0.000000000000000000e+00,0.000000000000000000e+00,3.686274509803921795e-01,1.575479529589227923e+01,1.345554733276367188e+01,9.186950408706107396e+01,channels
0.000000000000000000e+00,0.000000000000000000e+00,3.725490196078431460e-01,1.599406670984505752e+01,1.367600440979003906e+01,9.317427708419782562e+01,channels
0.000000000000000000e+00,0.000000000000000000e+00,3.764705882352941124e-01,1.599284597445462985e+01,1.367282772064208984e+01,9.317097148623122393e+01,channels
0.000000000000000000e+00,0.000000000000000000e+00,3.803921568627450789e-01,1.614851915078632416e+01,1.379477405548095703e+01,9.407735279582047383e+01,channels
0.000000000000000000e+00,0.000000000000000000e+00,3.843137254901960453e-01,1.612349057438879285e+01,1.376851272583007812e+01,9.402003207788352768e+01,channels
0.000000000000000000e+00,0.000000000000000000e+00,3.882352941176470673e-01,1.626682178749218366e+01,1.390142059326171875e+01,9.474358525776671058e+01,channels
0.000000000000000000e+00,0.000000000000000000e+00,3.921568627450980338e-01,1.661437190203121261e+01,1.419838905334472656e+01,9.699827935883789110e+01,channels
0.000000000000000000e+00,0.000000000000000000e+00,3.960784313725490002e-01,1.695660939863754280e+01,1.452225208282470703e+01,9.913581048410144092e+01,channels
0.000000000000000000e+00,0.000000000000000000e+00,4.000000000000000222e-01,1.695838997381316915e+01,1.452425670623779297e+01,9.916471070053154335e+01,channels
0.000000000000000000e+00,0.000000000000000000e+00,4.039215686274509887e-01,1.717234308389341280e+01,1.471122741699218750e+01,1.002604723150935655e+02,channels
0.000000000000000000e+00,0.000000000000000000e+00,4.078431372549019551e-01,1.729964208970856987e+01,1.480635356903076172e+01,1.003521773820692715e+02,channels
0.000000000000000000e+00,0.000000000000000000e+00,4.117647058823529216e-01,1.753152975823952531e+01,1.502676391601562500e+01,1.022585421959899179e+02,channels
0.000000000000000000e+00,0.000000000000000000e+00,4.156862745098038880e-01,1.761617129057883702e+01,1.510235691070556641e+01,1.023289586512659497e+02,channels
0.000000000000000000e+00,0.000000000000000000e+00,4.196078431372549100e-01,1.775383689676229793e+01,1.524254035949707031e+01,1.035355152690931959e+02,channels
0.000000000000000000e+00,0.000000000000000000e+00,4.235294117647058765e-01,1.775196816159222735e+01,1.522092056274414062e+01,1.035145870244392938e+02,channels
0.000000000000000000e+00,0.000000000000000000e+00,4.274509803921568429e-01,1.827447353975140842e+01,1.569502258300781250e+01,1.063227064142546681e+02,channels
0.000000000000000000e+00,0.000000000000000000e+00,4.313725490196078649e-01,1.869895001907527998e+01,1.608082962036132812e+01,1.090535380221671886e+02,channels
0.000000000000000000e+00,0.000000000000000000e+00,4.352941176470588314e-01,1.898276442313511225e+01,1.632739830017089844e+01,1.106547235314880453e+02,channels
0.000000000000000000e+00,0.000000000000000000e+00,4.392156862745097978e-01,1.902195841517730557e+01,1.636442565917968750e+01,1.107509292258059617e+02,channels
0.000000000000000000e+00,0.000000000000000000e+00,4.431372549019607643e-01,1.936902605555514967e+01,1.666914176940917969e+01,1.126693790639273942e+02,channels
0.000000000000000000e+00,0.000000000000000000e+00,4.470588235294117307e-01,1.936823754197801506e+01,1.666790580749511719e+01,1.126460773182956814e+02,channels
0.000000000000000000e+00,0.000000000000000000e+00,4.509803921568627527e-01,1.941287857374787151e+01,1.672728347778320312e+01,1.133456215720139681e+02,channels
0.000000000000000000e+00,0.000000000000000000e+00,4.549019607843137192e-01,1.973160724449896719e+01,1.700296592712402344e+01,1.149068945102840189e+02,channels
0.000000000000000000e+00,0.000000000000000000e+00,4.588235294117646856e-01,1.971802596177371569e+01,1.700611495971679688e+01,1.148973034904415300e+02,channels
0.000000000000000000e+00,0.000000000000000000e+00,4.627450980392157076e-01,2.004846479988927399e+01,1.728981590270996094e+01,1.167421492087928954e+02,channels
0.000000000000000000e+00,0.000000000000000000e+00,4.666666666666666741e-01,1.998679097801274551e+01,1.723314666748046875e+01,1.166736362459427880e+02,channels
0.000000000000000000e+00,0.000000000000000000e+00,4.705882352941176405e-01,2.028243378899639637e+01,1.750932312011718750e+01,1.182626203081286036e+02,channels
0.000000000000000000e+00,0.000000000000000000e+00,4.745098039215686070e-01,2.045510436823049361e+01,1.766150093078613281e+01,1.194514977104947491e+02,channels
0.000000000000000000e+00,0.000000000000000000e+00,4.784313725490195734e-01,2.074078566193667328e+01,1.791932296752929688e+01,1.209120031994898028e+02,channels
0.000000000000000000e+00,0.000000000000000000e+00,4.823529411764705954e-01,2.075878203406628586e+01,1.794384574890136719e+01,1.209078127680330823e+02,channels
0.000000000000000000e+00,0.000000000000000000e+00,4.862745098039215619e-01,2.098635220474948326e+01,1.815222740173339844e+01,1.223948708725745291e+02,channels
0.000000000000000000e+00,0.000000000000000000e+00,4.901960784313725283e-01,2.098636396877152777e+01,1.814513969421386719e+01,1.224005737339398792e+02,channels
0.000000000000000000e+00,0.000000000000000000e+00,4.941176470588235503e-01,2.135079035398180380e+01,1.847047996520996094e+01,1.243474267801919666e+02,channels
0.000000000000000000e+00,0.000000000000000000e+00,4.980392156862745168e-01,2.158496884674796945e+01,1.868238830566406250e+01,1.259125708526337206e+02,channels
0.000000000000000000e+00,0.000000000000000000e+00,5.019607843137254832e-01,2.188270471971568654e+01,1.896932220458984375e+01,1.272104406153287925e+02,channels
0.000000000000000000e+00,0.000000000000000000e+00,5.058823529411764497e-01,2.182811223156507907e+01,1.891640090942382812e+01,1.271603534168677641e+02,channels
0.000000000000000000e+00,0.000000000000000000e+00,5.098039215686274161e-01,2.183292151024215144e+01,1.892770576477050781e+01,1.271899920363420762e+02,channels
0.000000000000000000e+00,0.000000000000000000e+00,5.137254901960783826e-01,2.217440044873458405e+01,1.923121833801269531e+01,1.291200804677987435e+02,channels
0.000000000000000000e+00,0.000000000000000000e+00,5.176470588235293491e-01,2.218637327575394025e+01,1.924018287658691406e+01,1.291324451902041517e+02,channels
0.000000000000000000e+00,0.000000000000000000e+00,5.215686274509804266e-01,2.237826002961812932e+01,1.942403030395507812e+01,1.305354421452754821e+02,channels
0.000000000000000000e+00,0.000000000000000000e+00,5.254901960784313930e-01,2.277676779109401295e+01,1.978091812133789062e+01,1.324548214886604285e+02,channels
0.000000000000000000e+00,0.000000000000000000e+00,5.294117647058823595e-01,2.283298284243126020e+01,1.983408546447753906e+01,1.324583862842364681e+02,channels
0.000000000000000000e+00,0.000000000000000000e+00,5.333333333333333259e-01,2.275454109136074621e+01,1.977056884765625000e+01,1.324128758183841512e+02,channels
0.000000000000000000e+00,0.000000000000000000e+00,5.372549019607842924e-01,2.299757036805855748e+01,1.999099540710449219e+01,1.339160309359486689e+02,channels
0.000000000000000000e+00,0.000000000000000000e+00,5.411764705882352589e-01,2.299710385420752701e+01,1.998977279663085938e+01,1.338911806968035023e+02,channels
0.000000000000000000e+00,0.000000000000000000e+00,5.450980392156862253e-01,2.324357501535071435e+01,2.022719955444335938e+01,1.353018031787141524e+02,channels
0.000000000000000000e+00,0.000000000000000000e+00,5.490196078431373028e-01,2.325546482743150989e+01,2.022155952453613281e+01,1.353487779287287651e+02,channels
0.000000000000000000e+00,0.000000000000000000e+00,5.529411764705882693e-01,2.359932048833342932e+01,2.055031967163085938e+01,1.373326146353990111e+02,channels
0.000000000000000000e+00,0.000000000000000000e+00,5.568627450980392357e-01,2.358403270969042254e+01,2.053716468811035156e+01,1.373435549318716653e+02,channels
0.000000000000000000e+00,0.000000000000000000e+00,5.607843137254902022e-01,2.379997347265436858e+01,2.073350334167480469e+01,1.387523937001852232e+02,channels
0.000000000000000000e+00,0.000000000000000000e+00,5.647058823529411686e-01,2.383861533847522551e+01,2.078553009033203125e+01,1.387568250725348378e+02,channels
0.000000000000000000e+00,0.000000000000000000e+00,5.686274509803921351e-01,2.422216056113234117e+01,2.113493156433105469e+01,1.407962903621509554e+02,channels
0.000000000000000000e+00,0.000000000000000000e+00,5.725490196078431016e-01,2.440899498255729227e+01,2.130319976806640625e+01,1.421955173354059525e+02,channels
0.000000000000000000e+00,0.000000000000000000e+00,5.764705882352940680e-01,2.443728164044528484e+01,2.132410049438476562e+01,1.422217867688367221e+02,channels
0.000000000000000000e+00,0.000000000000000000e+00,5.803921568627450345e-01,2.481640400430456594e+01,2.168525314331054688e+01,1.443665707428048108e+02,channels
0.000000000000000000e+00,0.000000000000000000e+00,5.843137254901961120e-01,2.481331728416829208e+01,2.169094848632812500e+01,1.443844356668257944e+02,channels
0.000000000000000000e+00,0.000000000000000000e+00,5.882352941176470784e-01,2.516661654655518277e+01,2.201748085021972656e+01,1.464820757879816995e+02,channels
0.000000000000000000e+00,0.000000000000000000e+00,5.921568627450980449e-01,2.512213037840801633e+01,2.197099876403808594e+01,1.464910703718763330e+02,channels
0.000000000000000000e+00,0.000000000000000000e+00,5.960784313725490113e-01,2.515827388606320980e+01,2.201591873168945312e+01,1.463990800598049589e+02,channels
0.000000000000000000e+00,0.000000000000000000e+00,5.999999999999999778e-01,2.520258647170609478e+01,2.204774284362792969e+01,1.464310630029864626e+02,channels
0.000000000000000000e+00,0.000000000000000000e+00,6.039215686274509443e-01,2.538667454992006256e+01,2.222598648071289062e+01,1.478052222861214489e+02,channels
0.000000000000000000e+00,0.000000000000000000e+00,6.078431372549019107e-01,2.571027574773922098e+01,2.253546714782714844e+01,1.497727492053879530e+02,channels
0.000000000000000000e+00,0.000000000000000000e+00,6.117647058823529882e-01,2.572826741389498650e+01,2.254765510559082031e+01,1.498257104682770091e+02,channels
0.000000000000000000e+00,0.000000000000000000e+00,6.156862745098039547e-01,2.614523027810274058e+01,2.294863319396972656e+01,1.522526379605727982e+02,channels
0.000000000000000000e+00,0.000000000000000000e+00,6.196078431372549211e-01,2.619597925257219728e+01,2.299006462097167969e+01,1.522577437530417512e+02,channels
0.000000000000000000e+00,0.000000000000000000e+00,6.235294117647058876e-01,2.615772823594168273e+01,2.297459793090820312e+01,1.522101932552113510e+02,channels
0.000000000000000000e+00,0.000000000000000000e+00,6.274509803921568540e-01,2.643318489108530756e+01,2.321502494812011719e+01,1.536508754979637104e+02,channels
0.000000000000000000e+00,0.000000000000000000e+00,6.313725490196078205e-01,2.638230279195710182e+01,2.316161346435546875e+01,1.536496583096778181e+02,channels
0.000000000000000000e+00,0.000000000000000000e+00,6.352941176470587870e-01,2.681570062253456754e+01,2.358612823486328125e+01,1.560892509710391778e+02,channels
0.000000000000000000e+00,0.000000000000000000e+00,6.392156862745097534e-01,2.726963032771390516e+01,2.404014396667480469e+01,1.586789534204344250e+02,channels
0.000000000000000000e+00,0.000000000000000000e+00,6.431372549019607199e-01,2.729405052289643052e+01,2.405481719970703125e+01,1.586801258776128236e+02,channels
0.000000000000000000e+00,0.000000000000000000e+00,6.470588235294117974e-01,2.726737371379354968e+01,2.401205253601074219e+01,1.586915149114286692e+02,channels
0.000000000000000000e+00,0.000000000000000000e+00,6.509803921568627638e-01,2.728841330542320875e+01,2.405034637451171875e+01,1.587003461915937237e+02,channels
0.000000000000000000e+00,0.000000000000000000e+00,6.549019607843137303e-01,2.753815501655319764e+01,2.429357910156250000e+01,1.601169945843335825e+02,channels
0.000000000000000000e+00,0.000000000000000000e+00,6.588235294117646967e-01,2.749981365186707549e+01,2.425079154968261719e+01,1.600786498909256466e+02,channels
0.000000000000000000e+00,0.000000000000000000e+00,6.627450980392156632e-01,2.751382725700010567e+01,2.426971435546875000e+01,1.600773009891335050e+02,channels
0.000000000000000000e+00,0.000000000000000000e+00,6.666666666666666297e-01,2.798700901724333789e+01,2.471424293518066406e+01,1.626274485307769169e+02,channels
0.000000000000000000e+00,0.000000000000000000e+00,6.705882352941175961e-01,2.792973593037672586e+01,2.466206550598144531e+01,1.625894996796495491e+02,channels
0.000000000000000000e+00,0.000000000000000000e+00,6.745098039215686736e-01,2.841192401966428349e+01,2.514900016784667969e+01,1.653305123435753501e+02,channels
0.000000000000000000e+00,0.000000000000000000e+00,6.784313725490196401e-01,2.844478121602718446e+01,2.517389488220214844e+01,1.653731447221593385e+02,channels
0.000000000000000000e+00,0.000000000000000000e+00,6.823529411764706065e-01,2.840211124001830711e+01,2.513174819946289062e+01,1.653223784761873674e+02,channels
0.000000000000000000e+00,0.000000000000000000e+00,6.862745098039215730e-01,2.883574774836562682e+01,2.554861640930175781e+01,1.674174440587887034e+02,channels
0.000000000000000000e+00,0.000000000000000000e+00,6.901960784313725394e-01,2.887289684133666867e+01,2.558112716674804688e+01,1.674754394058873004e+02,channels
0.000000000000000000e+00,0.000000000000000000e+00,6.941176470588235059e-01,2.875784320926497628e+01,2.548419189453125000e+01,1.674018903875952162e+02,channels
0.000000000000000000e+00,0.000000000000000000e+00,6.980392156862744724e-01,2.926724861574481906e+01,2.596744346618652344e+01,1.698311035850908013e+02,channels
0.000000000000000000e+00,0.000000000000000000e+00,7.019607843137254388e-01,2.920067818177321328e+01,2.590263366699218750e+01,1.698572597901599011e+02,channels
0.000000000000000000e+00,0.000000000000000000e+00,7.058823529411764053e-01,2.925603643204213355e+01,2.595474433898925781e+01,1.699752001139445952e+02,channels
0.000000000000000000e+00,0.000000000000000000e+00,7.098039215686274828e-01,2.925194852456098715e+01,2.596099853515625000e+01,1.698778786396165401e+02,channels
0.000000000000000000e+00,0.000000000000000000e+00,7.137254901960784492e-01,2.973356139815846433e+01,2.643175697326660156e+01,1.727047668165638470e+02,channels
0.000000000000000000e+00,0.000000000000000000e+00,7.176470588235294157e-01,2.976477182013885425e+01,2.646422004699707031e+01,1.726171393994848984e+02,channels
0.000000000000000000e+00,0.000000000000000000e+00,7.215686274509803821e-01,2.970915103551595493e+01,2.641471099853515625e+01,1.726511662908188498e+02,channels
0.000000000000000000e+00,0.000000000000000000e+00,7.254901960784313486e-01,3.017231207680507765e+01,2.688229370117187500e+01,1.754721597571942198e+02,channels
0.000000000000000000e+00,0.000000000000000000e+00,7.294117647058823151e-01,3.022334816639057564e+01,2.691798210144042969e+01,1.755361591775832721e+02,channels
0.000000000000000000e+00,0.000000000000000000e+00,7.333333333333332815e-01,3.019466565646778378e+01,2.690224266052246094e+01,1.754577550644524706e+02,channels
0.000000000000000000e+00,0.000000000000000000e+00,7.372549019607843590e-01,3.073125369535273066e+01,2.743700599670410156e+01,1.783435029147915998e+02,channels
0.000000000000000000e+00,0.000000000000000000e+00,7.411764705882353255e-01,3.072829930735609238e+01,2.743842315673828125e+01,1.783862439522342243e+02,channels
0.000000000000000000e+00,0.000000000000000000e+00,7.450980392156862919e-01,3.072600907979986573e+01,2.742358589172363281e+01,1.783689192059720199e+02,channels
0.000000000000000000e+00,0.000000000000000000e+00,7.490196078431372584e-01,3.106720615830464993e+01,2.778139114379882812e+01,1.803985888565541984e+02,channels
0.000000000000000000e+00,0.000000000000000000e+00,7.529411764705882248e-01,3.108239600169614292e+01,2.779250144958496094e+01,1.803583701688648944e+02,channels
0.000000000000000000e+00,0.000000000000000000e+00,7.568627450980391913e-01,3.104765954195985600e+01,2.774697113037109375e+01,1.803627890388154071e+02,channels
0.000000000000000000e+00,0.000000000000000000e+00,7.607843137254901578e-01,3.140125097947758448e+01,2.813545227050781250e+01,1.823284374721072538e+02,channels
0.000000000000000000e+00,0.000000000000000000e+00,7.647058823529411242e-01,3.138614840564509834e+01,2.810249328613281250e+01,1.823581860927109801e+02,channels
0.000000000000000000e+00,0.000000000000000000e+00,7.686274509803920907e-01,3.182355536823705222e+01,2.854671478271484375e+01,1.846652549540162624e+02,channels
0.000000000000000000e+00,0.000000000000000000e+00,7.725490196078431682e-01,3.190072512418940320e+01,2.862124824523925781e+01,1.847151972694657047e+02,channels
0.000000000000000000e+00,0.000000000000000000e+00,7.764705882352941346e-01,3.217725736712759499e+01,2.891369056701660156e+01,1.865537655839611659e+02,channels
0.000000000000000000e+00,0.000000000000000000e+00,7.803921568627451011e-01,3.220857635041151923e+01,2.895252799987792969e+01,1.865661763920466001e+02,channels
0.000000000000000000e+00,0.000000000000000000e+00,7.843137254901960675e-01,3.208942367033952792e+01,2.884904670715332031e+01,1.864423608246700326e+02,channels
0.000000000000000000e+00,0.000000000000000000e+00,7.882352941176470340e-01,3.269267688394013760e+01,2.946723937988281250e+01,1.895596845770614038e+02,channels
0.000000000000000000e+00,0.000000000000000000e+00,7.921568627450980005e-01,3.271885882116468736e+01,2.949371528625488281e+01,1.895977045074118905e+02,channels
0.000000000000000000e+00,0.000000000000000000e+00,7.960784313725489669e-01,3.274078648842041162e+01,2.950567245483398438e+01,1.896436350747996755e+02,channels
0.000000000000000000e+00,0.000000000000000000e+00,8.000000000000000444e-01,3.304118654227328022e+01,2.985122871398925781e+01,1.918619763174503134e+02,channels
0.000000000000000000e+00,0.000000000000000000e+00,8.039215686274510109e-01,3.317040773031071410e+01,2.994757270812988281e+01,1.920334838610371833e+02,channels
0.000000000000000000e+00,0.000000000000000000e+00,8.078431372549019773e-01,3.315951758898539481e+01,2.995427703857421875e+01,1.920209869420454254e+02,channels
0.000000000000000000e+00,0.000000000000000000e+00,8.117647058823529438e-01,3.316155751467920965e+01,2.993548583984375000e+01,1.920289509015952092e+02,channels
0.000000000000000000e+00,0.000000000000000000e+00,8.156862745098039102e-01,3.319463317690789239e+01,2.996730041503906250e+01,1.920926672213736879e+02,channels
0.000000000000000000e+00,0.000000000000000000e+00,8.196078431372548767e-01,3.367358099489995737e+01,3.052559089660644531e+01,1.953108664711870688e+02,channels
0.000000000000000000e+00,0.000000000000000000e+00,8.235294117647058432e-01,3.368583553600798552e+01,3.055018615722656250e+01,1.952688035140401439e+02,channels
0.000000000000000000e+00,0.000000000000000000e+00,8.274509803921568096e-01,3.360610447131654155e+01,3.047698402404785156e+01,1.952022786954381388e+02,channels
0.000000000000000000e+00,0.000000000000000000e+00,8.313725490196077761e-01,3.372509201938353840e+01,3.056782722473144531e+01,1.952770219108818992e+02,channels
0.000000000000000000e+00,0.000000000000000000e+00,8.352941176470588536e-01,3.428924129064576931e+01,3.118768501281738281e+01,1.984025356697719360e+02,channels
0.000000000000000000e+00,0.000000000000000000e+00,8.392156862745098200e-01,3.425932914597547807e+01,3.116671371459960938e+01,1.983572287622726833e+02,channels
0.000000000000000000e+00,0.000000000000000000e+00,8.431372549019607865e-01,3.426768869847664689e+01,3.116429710388183594e+01,1.984161354188767348e+02,channels
0.000000000000000000e+00,0.000000000000000000e+00,8.470588235294117530e-01,3.427463494784264242e+01,3.118003845214843750e+01,1.984080294230195989e+02,channels
0.000000000000000000e+00,0.000000000000000000e+00,8.509803921568627194e-01,3.428809059121739722e+01,3.117259407043457031e+01,1.983780626891865495e+02,channels
0.000000000000000000e+00,0.000000000000000000e+00,8.549019607843136859e-01,3.493341474415443315e+01,3.189907646179199219e+01,2.019273433934029356e+02,channels
0.000000000000000000e+00,0.000000000000000000e+00,8.588235294117646523e-01,3.493097921767915182e+01,3.190285110473632812e+01,2.019965190611917762e+02,channels
0.000000000000000000e+00,0.000000000000000000e+00,8.627450980392157298e-01,3.495378968482952331e+01,3.192682456970214844e+01,2.020393043078669848e+02,channels
0.000000000000000000e+00,0.000000000000000000e+00,8.666666666666666963e-01,3.491544172907396160e+01,3.187791633605957031e+01,2.020644239987588264e+02,channels
0.000000000000000000e+00,0.000000000000000000e+00,8.705882352941176627e-01,3.490414613229395258e+01,3.188011360168457031e+01,2.020699900985874820e+02,channels
0.000000000000000000e+00,0.000000000000000000e+00,8.745098039215686292e-01,3.492370217262118359e+01,3.189505767822265625e+01,2.020172452956767586e+02,channels
0.000000000000000000e+00,0.000000000000000000e+00,8.784313725490195957e-01,3.551850840182649449e+01,3.259260559082031250e+01,2.053407342882436808e+02,channels
0.000000000000000000e+00,0.000000000000000000e+00,8.823529411764705621e-01,3.556001876331325917e+01,3.262871932983398438e+01,2.053975131024077712e+02,channels
0.000000000000000000e+00,0.000000000000000000e+00,8.862745098039215286e-01,3.552917456947997010e+01,3.259101486206054688e+01,2.054610430728440633e+02,channels
0.000000000000000000e+00,0.000000000000000000e+00,8.901960784313724950e-01,3.546501041991935921e+01,3.254858398437500000e+01,2.053322225183299281e+02,channels
0.000000000000000000e+00,0.000000000000000000e+00,8.941176470588234615e-01,3.554264348953995523e+01,3.261793136596679688e+01,2.053477797322460106e+02,channels
0.000000000000000000e+00,0.000000000000000000e+00,8.980392156862745390e-01,3.634320339359332053e+01,3.357105255126953125e+01,2.096838225123429993e+02,channels
0.000000000000000000e+00,0.000000000000000000e+00,9.019607843137255054e-01,3.635146166926731581e+01,3.358635330200195312e+01,2.097132172206929113e+02,channels
0.000000000000000000e+00,0.000000000000000000e+00,9.058823529411764719e-01,3.628368580533605581e+01,3.351805114746093750e+01,2.096386855971732928e+02,channels
0.000000000000000000e+00,0.000000000000000000e+00,9.098039215686274384e-01,3.628636342207992982e+01,3.351823425292968750e+01,2.096480441802104338e+02,channels
0.000000000000000000e+00,0.000000000000000000e+00,9.137254901960784048e-01,3.630889942334211185e+01,3.353123474121093750e+01,2.097044526665923172e+02,channels
0.000000000000000000e+00,0.000000000000000000e+00,9.176470588235293713e-01,3.629799988076190687e+01,3.352150726318359375e+01,2.097035362111407721e+02,channels
0.000000000000000000e+00,0.000000000000000000e+00,9.215686274509803377e-01,3.694938976103808415e+01,3.435293197631835938e+01,2.131004529271816068e+02,channels
0.000000000000000000e+00,0.000000000000000000e+00,9.254901960784314152e-01,3.686950402841267049e+01,3.428522872924804688e+01,2.129768013481408673e+02,channels
0.000000000000000000e+00,0.000000000000000000e+00,9.294117647058823817e-01,3.695304628126772428e+01,3.433693695068359375e+01,2.129949253367179836e+02,channels
0.000000000000000000e+00,0.000000000000000000e+00,9.333333333333333481e-01,3.690564476878888200e+01,3.430781173706054688e+01,2.129121472056702373e+02,channels
0.000000000000000000e+00,0.000000000000000000e+00,9.372549019607843146e-01,3.692587186676428246e+01,3.432555389404296875e+01,2.129930854659338024e+02,channels
0.000000000000000000e+00,0.000000000000000000e+00,9.411764705882352811e-01,3.750661521457558223e+01,3.506787872314453125e+01,2.157917775214304470e+02,channels
0.000000000000000000e+00,0.000000000000000000e+00,9.450980392156862475e-01,3.748712637812615611e+01,3.505319213867187500e+01,2.157826432192289019e+02,channels
0.000000000000000000e+00,0.000000000000000000e+00,9.490196078431372140e-01,3.746129954937453732e+01,3.501589202880859375e+01,2.157728312070297818e+02,channels
0.000000000000000000e+00,0.000000000000000000e+00,9.529411764705881804e-01,3.741860400320400259e+01,3.499980926513671875e+01,2.157549267180480683e+02,channels
0.000000000000000000e+00,0.000000000000000000e+00,9.568627450980391469e-01,3.745820975680000231e+01,3.503357696533203125e+01,2.157413023389333091e+02,channels
0.000000000000000000e+00,0.000000000000000000e+00,9.607843137254902244e-01,3.796946151268114278e+01,3.580506134033203125e+01,2.183837647279399619e+02,channels
0.000000000000000000e+00,0.000000000000000000e+00,9.647058823529411908e-01,3.799051351144907329e+01,3.580437469482421875e+01,2.185178776604495567e+02,channels
0.000000000000000000e+00,0.000000000000000000e+00,9.686274509803921573e-01,3.797996511222922322e+01,3.581256866455078125e+01,2.183691255342028228e+02,channels
0.000000000000000000e+00,0.000000000000000000e+00,9.725490196078431238e-01,3.799553997450220777e+01,3.581367874145507812e+01,2.183574122111559177e+02,channels
0.000000000000000000e+00,0.000000000000000000e+00,9.764705882352940902e-01,3.796424729933944775e+01,3.577570343017578125e+01,2.183386316484830445e+02,channels
0.000000000000000000e+00,0.000000000000000000e+00,9.803921568627450567e-01,3.846430086926360303e+01,3.662887573242187500e+01,2.205132741290743184e+02,channels
0.000000000000000000e+00,0.000000000000000000e+00,9.843137254901960231e-01,3.841715024397344536e+01,3.660268783569335938e+01,2.205030475566672408e+02,channels
0.000000000000000000e+00,0.000000000000000000e+00,9.882352941176471006e-01,3.837498078863028184e+01,3.655950546264648438e+01,2.204325858769273907e+02,channels
0.000000000000000000e+00,0.000000000000000000e+00,9.921568627450980671e-01,3.866606906601337101e+01,3.742601776123046875e+01,2.208917481466271795e+02,channels
0.000000000000000000e+00,0.000000000000000000e+00,9.960784313725490335e-01,3.864910762924914422e+01,3.740372085571289062e+01,2.209074174383019340e+02,channels
0.000000000000000000e+00,0.000000000000000000e+00,1.000000000000000000e+00,3.861336685764666754e+01,3.752683258056640625e+01,2.208303952758069499e+02,channels
0.000000000000000000e+00,0.000000000000000000e+00,0.000000000000000000e+00,1.631662607761766859e-01,1.848402619361877441e-01,3.179798629337418081e-01,additivity
6.274509803921568540e-02,6.274509803921568540e-02,6.274509803921568540e-02,1.494034484983541589e+01,1.532202529907226562e+01,2.029651295735468608e+01,additivity
1.254901960784313708e-01,1.254901960784313708e-01,1.254901960784313708e-01,2.979206683651947429e+01,3.079113769531250000e+01,4.114730617903564536e+01,additivity
1.882352941176470562e-01,1.882352941176470562e-01,1.882352941176470562e-01,4.558380605998573998e+01,4.655319976806640625e+01,5.983772346018753296e+01,additivity
2.509803921568627416e-01,2.509803921568627416e-01,2.509803921568627416e-01,6.115194351538475814e+01,6.237490081787109375e+01,8.072404485573235888e+01,additivity
3.137254901960784270e-01,3.137254901960784270e-01,3.137254901960784270e-01,7.697400660583849685e+01,7.863336944580078125e+01,1.012263228128891797e+02,additivity
3.764705882352941124e-01,3.764705882352941124e-01,3.764705882352941124e-01,9.263694566691791010e+01,9.379115295410156250e+01,1.176632489218199851e+02,additivity
4.392156862745097978e-01,4.392156862745097978e-01,4.392156862745097978e-01,1.084635898189929435e+02,1.099169769287109375e+02,1.390717640474173606e+02,additivity
5.019607843137254832e-01,5.019607843137254832e-01,5.019607843137254832e-01,1.248358173790967669e+02,1.265123367309570312e+02,1.595667010676258428e+02,additivity
5.607843137254902022e-01,5.607843137254902022e-01,5.607843137254902022e-01,1.382485128863805812e+02,1.414642181396484375e+02,1.746787457632777603e+02,additivity
6.235294117647058876e-01,6.235294117647058876e-01,6.235294117647058876e-01,1.542257502896060259e+02,1.569891662597656250e+02,1.913451943334473242e+02,additivity
6.862745098039215730e-01,6.862745098039215730e-01,6.862745098039215730e-01,1.682996780353649626e+02,1.710468444824218750e+02,2.090837378981631502e+02,additivity
7.490196078431372584e-01,7.490196078431372584e-01,7.490196078431372584e-01,1.823765637699482340e+02,1.860135955810546875e+02,2.242744672551601468e+02,additivity
8.117647058823529438e-01,8.117647058823529438e-01,8.117647058823529438e-01,1.968351674533145399e+02,2.014252471923828125e+02,2.380730625176680917e+02,additivity
8.745098039215686292e-01,8.745098039215686292e-01,8.745098039215686292e-01,2.097336844577652357e+02,2.151008605957031250e+02,2.495052102587557954e+02,additivity
9.372549019607843146e-01,9.372549019607843146e-01,9.372549019607843146e-01,2.227974027097719443e+02,2.296840667724609375e+02,2.610616991792340968e+02,additivity
1.000000000000000000e+00,1.000000000000000000e+00,1.000000000000000000e+00,2.361224831112255629e+02,2.438958129882812500e+02,2.677474595890391242e+02,additivity
0.000000000000000000e+00,0.000000000000000000e+00,0.000000000000000000e+00,1.282173778831291466e-01,1.658179759979248047e-01,2.831046480503777163e-01,additivity
2.500000000000000000e-01,0.000000000000000000e+00,0.000000000000000000e+00,3.945095478393557897e+01,1.723110389709472656e+01,9.561351371731886539e-01,additivity
5.000000000000000000e-01,0.000000000000000000e+00,0.000000000000000000e+00,7.997877692562455820e+01,3.482130432128906250e+01,1.486107546684273251e+00,additivity
7.500000000000000000e-01,0.000000000000000000e+00,0.000000000000000000e+00,1.202973331724081874e+02,5.233555221557617188e+01,1.937880155177353680e+00,additivity
1.000000000000000000e+00,0.000000000000000000e+00,0.000000000000000000e+00,1.621001254296479601e+02,7.034931182861328125e+01,1.962005642527362204e+00,additivity
0.000000000000000000e+00,2.500000000000000000e-01,0.000000000000000000e+00,8.648417058215954967e+00,3.380544281005859375e+01,1.351270709701601191e+01,additivity
0.000000000000000000e+00,5.000000000000000000e-01,0.000000000000000000e+00,1.727805235180493071e+01,6.764757537841796875e+01,2.585803665287408393e+01,additivity
0.000000000000000000e+00,7.500000000000000000e-01,0.000000000000000000e+00,2.581588691045568851e+01,1.005440597534179688e+02,3.663227877285550704e+01,additivity
0.000000000000000000e+00,1.000000000000000000e+00,0.000000000000000000e+00,3.540473131336156598e+01,1.360551452636718750e+02,4.502030437424106424e+01,additivity
0.000000000000000000e+00,0.000000000000000000e+00,2.500000000000000000e-01,1.100048488175029071e+01,9.307394027709960938e+00,6.401383679096933577e+01,additivity
0.000000000000000000e+00,0.000000000000000000e+00,5.000000000000000000e-01,2.158809468829631228e+01,1.869839477539062500e+01,1.257662095205135273e+02,additivity
0.000000000000000000e+00,0.000000000000000000e+00,7.500000000000000000e-01,3.105732803218571902e+01,2.776472091674804688e+01,1.802348096825012647e+02,additivity
0.000000000000000000e+00,0.000000000000000000e+00,1.000000000000000000e+00,3.872033477211492425e+01,3.759690475463867188e+01,2.209773031530083642e+02,additivity
2.500000000000000000e-01,2.500000000000000000e-01,2.500000000000000000e-01,6.120012724182136310e+01,6.242690277099609375e+01,8.068089325937205558e+01,additivity
2.500000000000000000e-01,2.500000000000000000e-01,5.000000000000000000e-01,7.226175125935071719e+01,7.217117309570312500e+01,1.444875407619188650e+02,additivity
2.500000000000000000e-01,2.500000000000000000e-01,7.500000000000000000e-01,8.195960071208776299e+01,8.144352722167968750e+01,1.990536300467923638e+02,additivity
2.500000000000000000e-01,2.500000000000000000e-01,1.000000000000000000e+00,8.989832718511769372e+01,9.104133605957031250e+01,2.357054238062946183e+02,additivity
2.500000000000000000e-01,5.000000000000000000e-01,2.500000000000000000e-01,7.011134500813533066e+01,9.739333343505859375e+01,9.362202567372642648e+01,additivity
2.500000000000000000e-01,5.000000000000000000e-01,5.000000000000000000e-01,8.138406420283345710e+01,1.073670043945312500e+02,1.577257749947341381e+02,additivity
2.500000000000000000e-01,5.000000000000000000e-01,7.500000000000000000e-01,9.095818064262054747e+01,1.166044692993164062e+02,2.121084193095321098e+02,additivity
2.500000000000000000e-01,5.000000000000000000e-01,1.000000000000000000e+00,9.891316853119390373e+01,1.262223281860351562e+02,2.484218138316043962e+02,additivity
2.500000000000000000e-01,7.500000000000000000e-01,2.500000000000000000e-01,7.876245052713964867e+01,1.305133209228515625e+02,1.046049583260513600e+02,additivity
2.500000000000000000e-01,7.500000000000000000e-01,5.000000000000000000e-01,8.999719440621379363e+01,1.404893188476562500e+02,1.687543169026710359e+02,additivity
2.500000000000000000e-01,7.500000000000000000e-01,7.500000000000000000e-01,9.958763921484158743e+01,1.497085876464843750e+02,2.231518282141842064e+02,additivity
2.500000000000000000e-01,7.500000000000000000e-01,1.000000000000000000e+00,1.074901500109497334e+02,1.593078460693359375e+02,2.591229623570293938e+02,additivity
2.500000000000000000e-01,1.000000000000000000e+00,2.500000000000000000e-01,8.802676824124078792e+01,1.636571350097656250e+02,1.136301127920375933e+02,additivity
2.500000000000000000e-01,1.000000000000000000e+00,5.000000000000000000e-01,9.935982702302089820e+01,1.736795959472656250e+02,1.784778029135226234e+02,additivity
2.500000000000000000e-01,1.000000000000000000e+00,7.500000000000000000e-01,1.089626131864866920e+02,1.829491119384765625e+02,2.325708229766053989e+02,additivity
2.500000000000000000e-01,1.000000000000000000e+00,1.000000000000000000e+00,1.163801919178475686e+02,1.920011749267578125e+02,2.666620051915626277e+02,additivity
5.000000000000000000e-01,2.500000000000000000e-01,2.500000000000000000e-01,1.030013830897081988e+02,8.052325439453125000e+01,8.114495252804721304e+01,additivity
5.000000000000000000e-01,2.500000000000000000e-01,5.000000000000000000e-01,1.142578187451425293e+02,9.042838287353515625e+01,1.449408952925976166e+02,additivity
5.000000000000000000e-01,2.500000000000000000e-01,7.500000000000000000e-01,1.240776132272226704e+02,9.980967712402343750e+01,1.996064933489087139e+02,additivity
5.000000000000000000e-01,2.500000000000000000e-01,1.000000000000000000e+00,1.326308285338057829e+02,1.097023620605468750e+02,2.361743921444860916e+02,additivity
5.000000000000000000e-01,5.000000000000000000e-01,2.500000000000000000e-01,1.120911899544088328e+02,1.158135223388671875e+02,9.423192253571595245e+01,additivity
5.000000000000000000e-01,5.000000000000000000e-01,5.000000000000000000e-01,1.233510549782080687e+02,1.257073135375976562e+02,1.581990431073217280e+02,additivity
5.000000000000000000e-01,5.000000000000000000e-01,7.500000000000000000e-01,1.331776497573517588e+02,1.351087799072265625e+02,2.128354457085207798e+02,additivity
5.000000000000000000e-01,5.000000000000000000e-01,1.000000000000000000e+00,1.416286850731438847e+02,1.449134521484375000e+02,2.489956354889355623e+02,additivity
5.000000000000000000e-01,7.500000000000000000e-01,2.500000000000000000e-01,1.207190534611758181e+02,1.489263305664062500e+02,1.051833004561929101e+02,additivity
5.000000000000000000e-01,7.500000000000000000e-01,5.000000000000000000e-01,1.320721944785606183e+02,1.589220428466796875e+02,1.693462317153299637e+02,additivity
5.000000000000000000e-01,7.500000000000000000e-01,7.500000000000000000e-01,1.418800973494930417e+02,1.683003692626953125e+02,2.239802830258698521e+02,additivity
5.000000000000000000e-01,7.500000000000000000e-01,1.000000000000000000e+00,1.502863235019048602e+02,1.780819854736328125e+02,2.598102289999856680e+02,additivity
5.000000000000000000e-01,1.000000000000000000e+00,2.500000000000000000e-01,1.300018624793857498e+02,1.819170837402343750e+02,1.142446186413409066e+02,additivity
5.000000000000000000e-01,1.000000000000000000e+00,5.000000000000000000e-01,1.414629216592761907e+02,1.919773254394531250e+02,1.790196518601919422e+02,additivity
5.000000000000000000e-01,1.000000000000000000e+00,7.500000000000000000e-01,1.512210417800690720e+02,2.012955474853515625e+02,2.332309828597097123e+02,additivity
5.000000000000000000e-01,1.000000000000000000e+00,1.000000000000000000e+00,1.591803343448048906e+02,2.106000366210937500e+02,2.673528171891314287e+02,additivity
7.500000000000000000e-01,2.500000000000000000e-01,2.500000000000000000e-01,1.435231951592603821e+02,9.819762420654296875e+01,8.161219543947109401e+01,additivity
7.500000000000000000e-01,2.500000000000000000e-01,5.000000000000000000e-01,1.548411599666378606e+02,1.081512527465820312e+02,1.455108507954478796e+02,additivity
7.500000000000000000e-01,2.500000000000000000e-01,7.500000000000000000e-01,1.646060424394217137e+02,1.174579238891601562e+02,2.001302455921885723e+02,additivity
7.500000000000000000e-01,2.500000000000000000e-01,1.000000000000000000e+00,1.730406559055138302e+02,1.272722244262695312e+02,2.366623973255641999e+02,additivity
7.500000000000000000e-01,5.000000000000000000e-01,2.500000000000000000e-01,1.526632752856173454e+02,1.335573120117187500e+02,9.472581342269330662e+01,additivity
7.500000000000000000e-01,5.000000000000000000e-01,5.000000000000000000e-01,1.640288646114052256e+02,1.435818023681640625e+02,1.588154927407496189e+02,additivity
7.500000000000000000e-01,5.000000000000000000e-01,7.500000000000000000e-01,1.737678221042535256e+02,1.528838348388671875e+02,2.133603266436603008e+02,additivity
7.500000000000000000e-01,5.000000000000000000e-01,1.000000000000000000e+00,1.821825101548872965e+02,1.627166900634765625e+02,2.495795801251596515e+02,additivity
7.500000000000000000e-01,7.500000000000000000e-01,2.500000000000000000e-01,1.612811530169326772e+02,1.666804656982421875e+02,1.056368223093974876e+02,additivity
7.500000000000000000e-01,7.500000000000000000e-01,5.000000000000000000e-01,1.726942924993468296e+02,1.767106475830078125e+02,1.698844952333093374e+02,additivity
7.500000000000000000e-01,7.500000000000000000e-01,7.500000000000000000e-01,1.824090698421781838e+02,1.860356292724609375e+02,2.244107681914656780e+02,additivity
7.500000000000000000e-01,7.500000000000000000e-01,1.000000000000000000e+00,1.907766614192965164e+02,1.957967224121093750e+02,2.603277606882790565e+02,additivity
7.500000000000000000e-01,1.000000000000000000e+00,2.500000000000000000e-01,1.704822622618255821e+02,1.994007873535156250e+02,1.145108712185821531e+02,additivity
7.500000000000000000e-01,1.000000000000000000e+00,5.000000000000000000e-01,1.820422789522796734e+02,2.095325775146484375e+02,1.794749704210094592e+02,additivity
7.500000000000000000e-01,1.000000000000000000e+00,7.500000000000000000e-01,1.916834343265825282e+02,2.187989501953125000e+02,2.336178837539882522e+02,additivity
7.500000000000000000e-01,1.000000000000000000e+00,1.000000000000000000e+00,1.995957968571112247e+02,2.280794830322265625e+02,2.676293404007774370e+02,additivity
1.000000000000000000e+00,2.500000000000000000e-01,2.500000000000000000e-01,1.824284572359379126e+02,1.156573944091796875e+02,8.205378456350292993e+01,additivity
1.000000000000000000e+00,2.500000000000000000e-01,5.000000000000000000e-01,1.934170862922560445e+02,1.254608306884765625e+02,1.460191326589963978e+02,additivity
1.000000000000000000e+00,2.500000000000000000e-01,7.500000000000000000e-01,2.030137016643392656e+02,1.347352447509765625e+02,2.007220279734654014e+02,additivity
1.000000000000000000e+00,2.500000000000000000e-01,1.000000000000000000e+00,2.098326629233419851e+02,1.438031311035156250e+02,2.370134345764968202e+02,additivity
1.000000000000000000e+00,5.000000000000000000e-01,2.500000000000000000e-01,1.915966435775549428e+02,1.514220123291015625e+02,9.527540350244424872e+01,additivity
1.000000000000000000e+00,5.000000000000000000e-01,5.000000000000000000e-01,2.026930688145957618e+02,1.613333587646484375e+02,1.595458336145330520e+02,additivity
1.000000000000000000e+00,5.000000000000000000e-01,7.500000000000000000e-01,2.121544788411527804e+02,1.705209503173828125e+02,2.139716203720444128e+02,additivity
1.000000000000000000e+00,5.000000000000000000e-01,1.000000000000000000e+00,2.189979027198435233e+02,1.795801544189453125e+02,2.500124585822151460e+02,additivity
1.000000000000000000e+00,7.500000000000000000e-01,2.500000000000000000e-01,2.002122780197813086e+02,1.844569091796875000e+02,1.060922501363684347e+02,additivity
1.000000000000000000e+00,7.500000000000000000e-01,5.000000000000000000e-01,2.112097193037476757e+02,1.943202667236328125e+02,1.704026520972165031e+02,additivity
1.000000000000000000e+00,7.500000000000000000e-01,7.500000000000000000e-01,2.207688245360862140e+02,2.035922241210937500e+02,2.249337472110849205e+02,additivity
1.000000000000000000e+00,7.500000000000000000e-01,1.000000000000000000e+00,2.276360469304925118e+02,2.126595458984375000e+02,2.606975796378980021e+02,additivity
1.000000000000000000e+00,1.000000000000000000e+00,2.500000000000000000e-01,2.090493952916799287e+02,2.160959320068359375e+02,1.146038783906722927e+02,additivity
1.000000000000000000e+00,1.000000000000000000e+00,5.000000000000000000e-01,2.201935513792295751e+02,2.260401458740234375e+02,1.795710749581109837e+02,additivity
1.000000000000000000e+00,1.000000000000000000e+00,7.500000000000000000e-01,2.296173080617901405e+02,2.351976013183593750e+02,2.336831120683418987e+02,additivity
1.000000000000000000e+00,1.000000000000000000e+00,1.000000000000000000e+00,2.360565103087379839e+02,2.438376464843750000e+02,2.677373263142023916e+02,additivity
5.062288557557567126e-01,5.192859188019783856e-01,4.133682121211325611e-01,1.207749365229623919e+02,1.247630844116210938e+02,1.346692636779703207e+02,isoluminant background
6.303896816076173248e-01,4.509460508675270929e-01,4.261433086634698886e-01,1.393851540516667171e+02,1.245210952758789062e+02,1.355381377136688457e+02,isoluminant
7.536741738221724995e-01,3.831075584690657454e-01,4.387587272292899909e-01,1.570003158399194945e+02,1.246242752075195312e+02,1.371032499646300664e+02,isoluminant
9.509828732326414125e-01,2.737954320954670284e-01,4.616559756382702107e-01,1.852837159399580003e+02,1.227819366455078125e+02,1.371906917756010671e+02,isoluminant
6.301540280122224225e-01,4.253733997964345703e-01,5.200059551493136922e-01,1.430072038078172341e+02,1.253257141113281250e+02,1.595044481894271371e+02,isoluminant
7.537306306740895190e-01,3.298137388266744185e-01,6.333254253953150004e-01,1.627729604750823853e+02,1.240208282470703125e+02,1.780269437344868493e+02,isoluminant
9.506505551211699157e-01,1.716499454999979024e-01,8.354122125616522121e-01,1.957893873797781339e+02,1.231646652221679688e+02,2.132081250402189312e+02,isoluminant
4.795567608826428740e-01,5.005917164916747764e-01,5.325374245280338759e-01,1.208117452560608456e+02,1.251834793090820312e+02,1.648281330331263064e+02,isoluminant
4.533839454328395524e-01,4.798029508894867678e-01,6.584052952314923823e-01,1.216504210985342809e+02,1.243392715454101562e+02,1.913378053704824993e+02,isoluminant
4.115238090433605000e-01,4.379206329390025743e-01,8.912513114254702051e-01,1.199035166027863539e+02,1.234698028564453125e+02,2.327923156391308908e+02,isoluminant
3.797737886389545015e-01,5.693633633813144357e-01,4.716797326936474355e-01,1.043149426650660274e+02,1.256983642578125000e+02,1.536183371830289559e+02,isoluminant
2.533013355346805384e-01,6.188336838061919698e-01,5.322421546077091836e-01,8.733482338195419459e+01,1.248874588012695312e+02,1.698723506468263906e+02,isoluminant
5.082638940962604795e-02,6.967921096960736360e-01,6.337309065887951620e-01,5.997559386557684036e+01,1.238293380737304688e+02,1.940413674064174927e+02,isoluminant
3.802036573510462758e-01,5.884242039505500621e-01,4.012332597977206206e-01,1.022424172013284931e+02,1.249736557006835938e+02,1.345546117863286213e+02,isoluminant
2.537110667355244042e-01,6.575812894116799256e-01,3.899212718559995627e-01,8.297956587421954566e+01,1.245691757202148438e+02,1.350898862666407751e+02,isoluminant
5.096942918239678877e-02,7.680203454075182901e-01,3.732718751382534950e-01,5.181566172175867280e+01,1.236777420043945312e+02,1.349918812902406557e+02,isoluminant
3.805219671035868778e-01,6.134978353276274721e-01,3.090357757998501431e-01,9.954614529748734242e+01,1.249725646972656250e+02,1.156108408295254719e+02,isoluminant
2.541929696379309767e-01,7.067648562852923977e-01,2.093416928557824963e-01,7.732001298847593773e+01,1.254670944213867188e+02,9.343233708911178326e+01,isoluminant
5.103852169784410531e-02,8.542354768126426690e-01,5.820901011844417661e-02,4.093062142791709590e+01,1.230045471191406250e+02,5.732957388430988743e+01,isoluminant
5.305172923525042217e-01,5.361674263167751642e-01,3.053677837553378516e-01,1.219774706735704228e+02,1.257868041992187500e+02,1.113795983049025580e+02,isoluminant
5.550026159112786406e-01,5.518488181032988882e-01,2.013756005767387558e-01,1.218914001600409165e+02,1.255487213134765625e+02,8.446429306608911247e+01,isoluminant
5.937891729596093127e-01,5.757884541811434387e-01,3.993496832026151994e-02,1.186711773545795694e+02,1.246246643066406250e+02,4.278692326949501279e+01,isoluminant
6.301236869174948740e-01,4.700841946998298715e-01,3.567419496199207285e-01,1.368152775692722969e+02,1.235097427368164062e+02,1.187843477759393664e+02,isoluminant
7.537557581603612222e-01,4.207445273965284005e-01,3.011208374161825074e-01,1.520095132291027085e+02,1.241299209594726562e+02,1.034914969109884169e+02,isoluminant
9.509305383876175410e-01,3.413419365402478034e-01,2.150184752368627938e-01,1.772152353795781892e+02,1.236187057495117188e+02,7.882635956912459108e+01,isoluminant
