R,G,B,X,Y,Z,label
0.000000000000000000e+00,0.000000000000000000e+00,7.764705882352941346e-01,2.098628151039016743e+01,1.813332557678222656e+01,1.220151544525384111e+02,channels
0.000000000000000000e+00,0.000000000000000000e+00,4.588235294117646856e-01,7.198582052373681428e+00,6.067287921905517578e+00,4.157137604227478533e+01,channels
0.000000000000000000e+00,0.000000000000000000e+00,2.196078431372548989e-01,1.687567139483081124e+00,1.451721310615539551e+00,9.308799629537768183e+00,channels
0.000000000000000000e+00,0.000000000000000000e+00,4.039215686274509887e-01,5.499198099337481160e+00,4.630190849304199219e+00,3.191459023306536835e+01,channels
0.000000000000000000e+00,6.705882352941175961e-01,0.000000000000000000e+00,1.686920004560285591e+01,6.593601226806640625e+01,2.545806777124843023e+01,channels
0.000000000000000000e+00,0.000000000000000000e+00,9.333333333333333481e-01,3.276597055417145299e+01,2.946924972534179688e+01,1.900407217938422093e+02,channels
0.000000000000000000e+00,0.000000000000000000e+00,2.941176470588235392e-01,2.994765911527638824e+00,2.534516811370849609e+00,1.708051631415962035e+01,channels
0.000000000000000000e+00,0.000000000000000000e+00,3.803921568627450789e-01,4.867155211012837768e+00,4.103421688079833984e+00,2.814826538799958655e+01,channels
0.000000000000000000e+00,0.000000000000000000e+00,9.019607843137254777e-02,4.087381293605160670e-01,3.923381567001342773e-01,1.696101209666398990e+00,channels
1.000000000000000000e+00,0.000000000000000000e+00,0.000000000000000000e+00,1.666412085807649817e+02,7.236136627197265625e+01,2.062642219132248211e+00,channels
3.372549019607843368e-01,0.000000000000000000e+00,0.000000000000000000e+00,1.893803487973498179e+01,8.359296798706054688e+00,7.207614689237407113e-01,channels
0.000000000000000000e+00,8.196078431372548767e-01,0.000000000000000000e+00,2.530784254507937803e+01,9.861003112792968750e+01,3.627755524291234224e+01,channels
0.000000000000000000e+00,8.117647058823529438e-01,0.000000000000000000e+00,2.480483909317644020e+01,9.667072296142578125e+01,3.571094239481320898e+01,channels
0.000000000000000000e+00,1.058823529411764691e-01,0.000000000000000000e+00,5.247536691183980473e-01,1.684911131858825684e+00,9.860168639718521755e-01,channels
8.588235294117646523e-01,0.000000000000000000e+00,0.000000000000000000e+00,1.263897011431761683e+02,5.499536895751953125e+01,2.013565822665882354e+00,channels
6.235294117647058876e-01,0.000000000000000000e+00,0.000000000000000000e+00,6.523153276028159553e+01,2.847112083435058594e+01,1.405887038877008166e+00,channels
1.843137254901960898e-01,0.000000000000000000e+00,0.000000000000000000e+00,5.357638415659776499e+00,2.457599878311157227e+00,4.139735162519923573e-01,channels
2.039215686274509776e-01,0.000000000000000000e+00,0.000000000000000000e+00,6.647459035651577253e+00,3.030867815017700195e+00,5.405488454416250699e-01,channels
0.000000000000000000e+00,0.000000000000000000e+00,4.039215686274509887e-01,5.506894551855836539e+00,4.631931781768798828e+00,3.186575095437580529e+01,channels
0.000000000000000000e+00,0.000000000000000000e+00,9.843137254901960231e-01,3.819032219351363722e+01,3.588937377929687500e+01,2.196154370066653030e+02,channels
0.000000000000000000e+00,2.509803921568627416e-01,0.000000000000000000e+00,2.520335335140564847e+00,9.626369476318359375e+00,4.179550838535156743e+00,channels
0.000000000000000000e+00,1.294117647058823373e-01,0.000000000000000000e+00,6.796333731671202472e-01,2.285750865936279297e+00,1.188408356226801077e+00,channels
3.529411764705882026e-01,0.000000000000000000e+00,0.000000000000000000e+00,2.010886383820571055e+01,8.874925613403320312e+00,7.494625410543328536e-01,channels
0.000000000000000000e+00,0.000000000000000000e+00,8.901960784313724950e-01,2.873780548601683194e+01,2.538916015625000000e+01,1.668453710178123970e+02,channels
0.000000000000000000e+00,0.000000000000000000e+00,6.078431372549019107e-01,1.256741093782486374e+01,1.066816711425781250e+01,7.300760272059056888e+01,channels
0.000000000000000000e+00,9.254901960784314152e-01,0.000000000000000000e+00,3.247195039921801651e+01,1.254172973632812500e+02,4.366512609940963330e+01,channels
0.000000000000000000e+00,0.000000000000000000e+00,9.921568627450980671e-01,3.885056647313126632e+01,3.714355087280273438e+01,2.225461666328153854e+02,channels
0.000000000000000000e+00,1.450980392156862586e-01,0.000000000000000000e+00,8.329145829969670789e-01,2.883648157119750977e+00,1.445625901392369572e+00,channels
9.843137254901960231e-01,0.000000000000000000e+00,0.000000000000000000e+00,1.656793429681599150e+02,7.197523498535156250e+01,2.102235904899562247e+00,channels
2.039215686274509776e-01,0.000000000000000000e+00,0.000000000000000000e+00,6.554924601671491935e+00,2.961301565170288086e+00,4.512028971448044379e-01,channels
0.000000000000000000e+00,0.000000000000000000e+00,2.941176470588235392e-01,3.000616826760879707e+00,2.539741516113281250e+00,1.698917850791636752e+01,channels
0.000000000000000000e+00,0.000000000000000000e+00,8.862745098039215286e-01,2.833453316494348329e+01,2.500650215148925781e+01,1.645452166929502766e+02,channels
1.411764705882352922e-01,0.000000000000000000e+00,0.000000000000000000e+00,3.137758709304741878e+00,1.492098331451416016e+00,4.174425867943197810e-01,channels
4.627450980392157076e-01,0.000000000000000000e+00,0.000000000000000000e+00,3.532960078785513502e+01,1.547664451599121094e+01,9.896053829565771842e-01,channels
4.470588235294117307e-01,0.000000000000000000e+00,0.000000000000000000e+00,3.249271441879522371e+01,1.423874568939208984e+01,9.140785546406366979e-01,channels
0.000000000000000000e+00,0.000000000000000000e+00,2.156862745098039325e-01,1.572265718503941034e+00,1.358094930648803711e+00,8.754043969035462780e+00,channels
0.000000000000000000e+00,0.000000000000000000e+00,5.254901960784313930e-01,9.316764146520888801e+00,7.867425918579101562e+00,5.418066177255428073e+01,channels
0.000000000000000000e+00,5.882352941176470507e-02,0.000000000000000000e+00,1.979069216968903921e-01,5.603446364402770996e-01,4.535438055613554287e-01,channels
0.000000000000000000e+00,0.000000000000000000e+00,7.921568627450980005e-01,2.183737094703414883e+01,1.889153099060058594e+01,1.270477406891786103e+02,channels
0.000000000000000000e+00,0.000000000000000000e+00,4.117647058823529216e-01,5.666404086873407131e+00,4.773597717285156250e+00,3.270435915905682833e+01,channels
0.000000000000000000e+00,0.000000000000000000e+00,1.137254901960784298e-01,5.007564862273381490e-01,4.762443006038665771e-01,2.353831729171743881e+00,channels
0.000000000000000000e+00,0.000000000000000000e+00,3.764705882352941124e-01,4.689864742042789025e+00,3.956862211227416992e+00,2.709358735197951873e+01,channels
0.000000000000000000e+00,8.901960784313724950e-01,0.000000000000000000e+00,2.991950095453085368e+01,1.161441497802734375e+02,4.135805436825489778e+01,channels
0.000000000000000000e+00,0.000000000000000000e+00,7.176470588235294157e-01,1.756454251593385862e+01,1.504448223114013672e+01,1.021761934672941976e+02,channels
0.000000000000000000e+00,5.529411764705882693e-01,0.000000000000000000e+00,1.150841109068187151e+01,4.502536392211914062e+01,1.785034369767382145e+01,channels
0.000000000000000000e+00,0.000000000000000000e+00,6.117647058823529882e-01,1.267912502498120553e+01,1.076219463348388672e+01,7.356615664954630063e+01,channels
0.000000000000000000e+00,0.000000000000000000e+00,8.039215686274510109e-01,2.251411419865872787e+01,1.951698684692382812e+01,1.310076242392531185e+02,channels
0.000000000000000000e+00,1.058823529411764691e-01,0.000000000000000000e+00,5.013503706528540382e-01,1.625507235527038574e+00,9.384629856161739170e-01,channels
1.568627450980392135e-01,0.000000000000000000e+00,0.000000000000000000e+00,3.908322648642500674e+00,1.836166620254516602e+00,4.409326525539880026e-01,channels
3.137254901960784270e-01,0.000000000000000000e+00,0.000000000000000000e+00,1.623588986434998205e+01,7.171978473663330078e+00,6.324115642318850483e-01,channels
0.000000000000000000e+00,4.078431372549019551e-01,0.000000000000000000e+00,6.297424179011385625e+00,2.448552894592285156e+01,1.006292123790388082e+01,channels
0.000000000000000000e+00,6.039215686274509443e-01,0.000000000000000000e+00,1.369709288518061108e+01,5.346405029296875000e+01,2.098516797006862333e+01,channels
0.000000000000000000e+00,0.000000000000000000e+00,8.117647058823529438e-01,2.309171570671508533e+01,2.005528831481933594e+01,1.343367968885745825e+02,channels
0.000000000000000000e+00,8.509803921568627194e-01,0.000000000000000000e+00,2.731555807552363291e+01,1.061497039794921875e+02,3.858012501550022222e+01,channels
0.000000000000000000e+00,6.196078431372549211e-01,0.000000000000000000e+00,1.431374954573709424e+01,5.601778030395507812e+01,2.187990933562475604e+01,channels
0.000000000000000000e+00,7.372549019607843590e-01,0.000000000000000000e+00,2.018133944047481521e+01,7.872706604003906250e+01,2.990310506107978838e+01,channels
0.000000000000000000e+00,0.000000000000000000e+00,1.098039215686274495e-01,4.991789042471802551e-01,4.869905114173889160e-01,2.294077287013697397e+00,channels
1.176470588235294101e-01,0.000000000000000000e+00,0.000000000000000000e+00,2.105705971308966973e+00,1.030760407447814941e+00,3.724320286403298152e-01,channels
0.000000000000000000e+00,2.274509803921568596e-01,0.000000000000000000e+00,2.010079633733823368e+00,7.555459976196289062e+00,3.340013746502160430e+00,channels
0.000000000000000000e+00,9.529411764705881804e-01,0.000000000000000000e+00,3.421035397220668273e+01,1.318803863525390625e+02,4.492568598802598956e+01,channels
0.000000000000000000e+00,1.450980392156862586e-01,0.000000000000000000e+00,7.803188167367755002e-01,2.786668777465820312e+00,1.361604835279936365e+00,channels
6.941176470588235059e-01,0.000000000000000000e+00,0.000000000000000000e+00,8.070259048591215389e+01,3.517781829833984375e+01,1.606781381145736320e+00,channels
0.000000000000000000e+00,0.000000000000000000e+00,8.000000000000000444e-01,2.225558182585677258e+01,1.927119064331054688e+01,1.293860098147181930e+02,channels
0.000000000000000000e+00,5.372549019607842924e-01,0.000000000000000000e+00,1.086702137617812980e+01,4.243510055541992188e+01,1.690436462322425371e+01,channels
0.000000000000000000e+00,2.941176470588235392e-01,0.000000000000000000e+00,3.298007882208956243e+00,1.280322170257568359e+01,5.442166480781567728e+00,channels
2.039215686274509776e-01,0.000000000000000000e+00,0.000000000000000000e+00,6.526314050597485483e+00,2.958566427230834961e+00,4.483443041091493275e-01,channels
0.000000000000000000e+00,2.039215686274509776e-01,0.000000000000000000e+00,1.629982333445628928e+00,5.994509696960449219e+00,2.721079526632973256e+00,channels
4.470588235294117307e-01,0.000000000000000000e+00,0.000000000000000000e+00,3.228239822080876564e+01,1.414355278015136719e+01,9.264217069348679168e-01,channels
0.000000000000000000e+00,0.000000000000000000e+00,8.549019607843136859e-01,2.592815266619308190e+01,2.269194984436035156e+01,1.504798183701490188e+02,channels
0.000000000000000000e+00,0.000000000000000000e+00,6.549019607843137303e-01,1.440742130066567128e+01,1.226425266265869141e+01,8.387183165323459377e+01,channels
1.450980392156862586e-01,0.000000000000000000e+00,0.000000000000000000e+00,3.093058275897239806e+00,1.469810724258422852e+00,4.056661832045724281e-01,channels
0.000000000000000000e+00,1.686274509803921684e-01,0.000000000000000000e+00,1.160252301423226884e+00,4.054991245269775391e+00,1.925030162457151306e+00,channels
0.000000000000000000e+00,0.000000000000000000e+00,3.137254901960784270e-01,3.300964622991265252e+00,2.794374465942382812e+00,1.894201066544231082e+01,channels
0.000000000000000000e+00,0.000000000000000000e+00,7.098039215686274828e-01,1.706259329262866586e+01,1.458690261840820312e+01,9.920551851006354127e+01,channels
0.000000000000000000e+00,6.980392156862744724e-01,0.000000000000000000e+00,1.803993591586587897e+01,7.059899902343750000e+01,2.707928368417840304e+01,channels
8.392156862745098200e-01,0.000000000000000000e+00,0.000000000000000000e+00,1.194844835372273053e+02,5.201187133789062500e+01,1.954081079375430630e+00,channels
0.000000000000000000e+00,3.098039215686274606e-01,0.000000000000000000e+00,3.708297759278476491e+00,1.420696830749511719e+01,6.008301650969442242e+00,channels
0.000000000000000000e+00,8.000000000000000444e-01,0.000000000000000000e+00,2.396141949687578077e+01,9.336415100097656250e+01,3.470499497405429423e+01,channels
9.058823529411764719e-01,0.000000000000000000e+00,0.000000000000000000e+00,1.421232647186840268e+02,6.180741882324218750e+01,2.028196836815705950e+00,channels
0.000000000000000000e+00,0.000000000000000000e+00,4.156862745098038880e-01,5.688840177205663373e+00,4.776560783386230469e+00,3.251475754529752038e+01,channels
1.803921568627450955e-01,0.000000000000000000e+00,0.000000000000000000e+00,4.979648825940946821e+00,2.280311107635498047e+00,3.814696749201684778e-01,channels
5.999999999999999778e-01,0.000000000000000000e+00,0.000000000000000000e+00,5.948771886198409220e+01,2.597035980224609375e+01,1.350046359615585168e+00,channels
0.000000000000000000e+00,8.627450980392157298e-01,0.000000000000000000e+00,2.802037812816340789e+01,1.088661880493164062e+02,3.940625530639124463e+01,channels
0.000000000000000000e+00,2.392156862745097867e-01,0.000000000000000000e+00,2.121741932857477142e+00,8.033646583557128906e+00,3.523853074613875869e+00,channels
0.000000000000000000e+00,2.000000000000000111e-01,0.000000000000000000e+00,1.509932646006904466e+00,5.666260242462158203e+00,2.563961457573572300e+00,channels
0.000000000000000000e+00,0.000000000000000000e+00,1.568627450980392135e-02,2.022156022302543654e-01,2.270525693893432617e-01,4.593762892971666734e-01,channels
0.000000000000000000e+00,0.000000000000000000e+00,3.607843137254901911e-01,4.354346964651202967e+00,3.672792434692382812e+00,2.479852860060500674e+01,channels
0.000000000000000000e+00,0.000000000000000000e+00,8.196078431372548767e-01,2.348915556565612306e+01,2.038160896301269531e+01,1.364586389967936384e+02,channels
4.392156862745097978e-01,0.000000000000000000e+00,0.000000000000000000e+00,3.164883939555364023e+01,1.391141510009765625e+01,9.742794712755525888e-01,channels
6.588235294117646967e-01,0.000000000000000000e+00,0.000000000000000000e+00,7.181879226861039456e+01,3.134229087829589844e+01,1.527942775970232425e+00,channels
9.333333333333333481e-01,0.000000000000000000e+00,0.000000000000000000e+00,1.535627656367708767e+02,6.674240112304687500e+01,2.080265194065960443e+00,channels
0.000000000000000000e+00,0.000000000000000000e+00,6.823529411764706065e-01,1.568625472206005611e+01,1.336305999755859375e+01,9.102042798686365188e+01,channels
0.000000000000000000e+00,0.000000000000000000e+00,1.411764705882352922e-01,6.944845918856594746e-01,6.252928376197814941e-01,3.476741042707113039e+00,channels
0.000000000000000000e+00,0.000000000000000000e+00,3.803921568627450789e-01,4.785823073298937302e+00,4.013332843780517578e+00,2.746098471017350562e+01,channels
0.000000000000000000e+00,0.000000000000000000e+00,1.607843137254901800e-01,8.701641043474014348e-01,7.795111536979675293e-01,4.396497331439523037e+00,channels
0.000000000000000000e+00,7.568627450980391913e-01,0.000000000000000000e+00,2.118117261704876952e+01,8.274832153320312500e+01,3.124253264957004461e+01,channels
0.000000000000000000e+00,0.000000000000000000e+00,9.725490196078431238e-01,3.674618288648637332e+01,3.390052795410156250e+01,2.117951255815168849e+02,channels
0.000000000000000000e+00,0.000000000000000000e+00,6.274509803921568540e-02,2.668116679018924242e-01,2.928647994995117188e-01,1.032514516864004639e+00,channels
7.098039215686274828e-01,0.000000000000000000e+00,0.000000000000000000e+00,8.341656380637074619e+01,3.638621520996093750e+01,1.676177309526204029e+00,channels
4.666666666666666741e-01,0.000000000000000000e+00,0.000000000000000000e+00,3.546250437295422842e+01,1.554599189758300781e+01,9.762183554768599780e-01,channels
0.000000000000000000e+00,0.000000000000000000e+00,1.568627450980392135e-02,1.686275883111547635e-01,2.035610675811767578e-01,3.807019044269205899e-01,channels
0.000000000000000000e+00,0.000000000000000000e+00,6.705882352941175961e-01,1.506425018972379348e+01,1.282966995239257812e+01,8.786979368351198616e+01,channels
0.000000000000000000e+00,7.803921568627451011e-01,0.000000000000000000e+00,2.261124490353148531e+01,8.824145507812500000e+01,3.303700795676755320e+01,channels
0.000000000000000000e+00,3.686274509803921795e-01,0.000000000000000000e+00,5.118789278925050645e+00,1.968186759948730469e+01,8.199488331165641242e+00,channels
9.686274509803921573e-01,0.000000000000000000e+00,0.000000000000000000e+00,1.630202146792680367e+02,7.085961914062500000e+01,2.105555587804704754e+00,channels
0.000000000000000000e+00,0.000000000000000000e+00,8.901960784313724950e-01,2.857318832766148020e+01,2.520431709289550781e+01,1.657770282613689119e+02,channels
8.980392156862745390e-01,0.000000000000000000e+00,0.000000000000000000e+00,1.395814217240613857e+02,6.071601486206054688e+01,2.116719051776462912e+00,channels
0.000000000000000000e+00,2.588235294117646745e-01,0.000000000000000000e+00,2.586195746686184460e+00,9.658352851867675781e+00,4.211240658019228533e+00,channels
0.000000000000000000e+00,0.000000000000000000e+00,2.705882352941176294e-01,2.487230376398127163e+00,2.098402976989746094e+00,1.402273104862797304e+01,channels
0.000000000000000000e+00,9.960784313725490335e-01,0.000000000000000000e+00,3.575323779580531891e+01,1.372621459960937500e+02,4.551802684990995118e+01,channels
0.000000000000000000e+00,7.333333333333332815e-01,0.000000000000000000e+00,1.982220471616016155e+01,7.740976715087890625e+01,2.946300006920178660e+01,channels
0.000000000000000000e+00,9.098039215686274384e-01,0.000000000000000000e+00,3.121616854645536421e+01,1.209987792968750000e+02,4.259119974783693152e+01,channels
0.000000000000000000e+00,7.843137254901960675e-01,0.000000000000000000e+00,2.282755158141948115e+01,8.912241363525390625e+01,3.332804554296233590e+01,channels
0.000000000000000000e+00,9.058823529411764719e-01,0.000000000000000000e+00,3.095636400270184296e+01,1.199760589599609375e+02,4.239262580646128953e+01,channels
0.000000000000000000e+00,5.176470588235293491e-01,0.000000000000000000e+00,9.835509759818391373e+00,3.842009735107421875e+01,1.539581916562465125e+01,channels
0.000000000000000000e+00,0.000000000000000000e+00,3.450980392156862697e-01,3.960480037226085326e+00,3.350097656250000000e+00,2.261285563741266813e+01,channels
0.000000000000000000e+00,5.450980392156862253e-01,0.000000000000000000e+00,1.100939166977480177e+01,4.315378570556640625e+01,1.713363553079314272e+01,channels
0.000000000000000000e+00,0.000000000000000000e+00,3.568627450980392246e-01,4.192958508424159625e+00,3.538936614990234375e+00,2.407618548444463613e+01,channels
5.882352941176470507e-02,0.000000000000000000e+00,0.000000000000000000e+00,5.724511812636695618e-01,3.797222971916198730e-01,3.336327127946375204e-01,channels
2.823529411764705843e-01,0.000000000000000000e+00,0.000000000000000000e+00,1.295469373850315797e+01,5.763530254364013672e+00,5.861049976772075842e-01,channels
0.000000000000000000e+00,5.960784313725490113e-01,0.000000000000000000e+00,1.313027203902014328e+01,5.143861770629882812e+01,2.022946922839501127e+01,channels
0.000000000000000000e+00,0.000000000000000000e+00,5.176470588235293491e-01,8.678660498621058039e+00,7.321338653564453125e+00,5.066905388258404486e+01,channels
2.745098039215686514e-01,0.000000000000000000e+00,0.000000000000000000e+00,1.222828488476894826e+01,5.439345836639404297e+00,5.349858837349181773e-01,channels
0.000000000000000000e+00,4.627450980392157076e-01,0.000000000000000000e+00,7.935776475248549566e+00,3.092574501037597656e+01,1.252801255793745305e+01,channels
0.000000000000000000e+00,0.000000000000000000e+00,6.941176470588235059e-01,1.615231129591660775e+01,1.377917385101318359e+01,9.414171297141251671e+01,channels
0.000000000000000000e+00,6.941176470588235059e-01,0.000000000000000000e+00,1.775056752843217467e+01,6.938420867919921875e+01,2.668873598904550448e+01,channels
0.000000000000000000e+00,1.411764705882352922e-01,0.000000000000000000e+00,7.732436297517979451e-01,2.721629142761230469e+00,1.375709180694297151e+00,channels
4.549019607843137192e-01,0.000000000000000000e+00,0.000000000000000000e+00,3.372406406970022630e+01,1.477043056488037109e+01,9.057962770185002954e-01,channels
0.000000000000000000e+00,4.941176470588235503e-01,0.000000000000000000e+00,9.032709592231993767e+00,3.522304153442382812e+01,1.415877886855887802e+01,channels
8.117647058823529438e-01,0.000000000000000000e+00,0.000000000000000000e+00,1.110367725353308828e+02,4.833701324462890625e+01,1.895998596214431231e+00,channels
0.000000000000000000e+00,5.294117647058823595e-01,0.000000000000000000e+00,1.040284178601481102e+01,4.067638778686523438e+01,1.619479091502370238e+01,channels
1.294117647058823373e-01,0.000000000000000000e+00,0.000000000000000000e+00,2.388971351304192137e+00,1.174122452735900879e+00,3.941434973372303086e-01,channels
2.980392156862745057e-01,0.000000000000000000e+00,0.000000000000000000e+00,1.430097114612541453e+01,6.333111763000488281e+00,6.091931447408418521e-01,channels
1.686274509803921684e-01,0.000000000000000000e+00,0.000000000000000000e+00,4.301451083906576933e+00,2.005504608154296875e+00,4.046763588558598412e-01,channels
0.000000000000000000e+00,0.000000000000000000e+00,6.588235294117646967e-01,1.447054491149861555e+01,1.229868412017822266e+01,8.403681357427333865e+01,channels
2.078431372549019440e-01,0.000000000000000000e+00,0.000000000000000000e+00,6.405484391275581224e+00,2.929453849792480469e+00,4.926827518703720821e-01,channels
0.000000000000000000e+00,9.137254901960784048e-01,0.000000000000000000e+00,3.146837620344408393e+01,1.218753738403320312e+02,4.283290599021212586e+01,channels
2.352941176470588203e-02,0.000000000000000000e+00,0.000000000000000000e+00,2.618214731074689494e-01,2.612607181072235107e-01,3.314441507806604181e-01,channels
0.000000000000000000e+00,0.000000000000000000e+00,7.725490196078431682e-01,2.037227280338671420e+01,1.753145217895507812e+01,1.183581430065140268e+02,channels
6.823529411764706065e-01,0.000000000000000000e+00,0.000000000000000000e+00,7.649728686808578004e+01,3.332442092895507812e+01,1.556294524384171263e+00,channels
0.000000000000000000e+00,0.000000000000000000e+00,7.490196078431372584e-01,1.881604260293563158e+01,1.612431716918945312e+01,1.093258735430630537e+02,channels
0.000000000000000000e+00,0.000000000000000000e+00,9.333333333333333481e-01,3.261033224262190799e+01,2.924755859375000000e+01,1.888852038039009358e+02,channels
1.019607843137254888e-01,0.000000000000000000e+00,0.000000000000000000e+00,1.499115487779474787e+00,7.693841457366943359e-01,3.417900627837483496e-01,channels
0.000000000000000000e+00,2.901960784313725172e-01,0.000000000000000000e+00,3.106126854671583448e+00,1.191455268859863281e+01,5.101906819763977197e+00,channels
5.372549019607842924e-01,0.000000000000000000e+00,0.000000000000000000e+00,4.735044352638672649e+01,2.070042037963867188e+01,1.142580342161389817e+00,channels
0.000000000000000000e+00,0.000000000000000000e+00,3.019607843137254721e-01,3.060732991560641381e+00,2.578843832015991211e+00,1.731345682268358388e+01,channels
0.000000000000000000e+00,2.784313725490196179e-01,0.000000000000000000e+00,2.928006478088990505e+00,1.126715373992919922e+01,4.808718943867300588e+00,channels
0.000000000000000000e+00,0.000000000000000000e+00,7.333333333333332815e-01,1.802628975111939269e+01,1.542609500885009766e+01,1.050030257198428387e+02,channels
0.000000000000000000e+00,0.000000000000000000e+00,6.156862745098039547e-01,1.254370668000125377e+01,1.060028171539306641e+01,7.297221801777655514e+01,channels
0.000000000000000000e+00,6.666666666666666574e-02,0.000000000000000000e+00,2.733643277815214767e-01,6.888097524642944336e-01,5.633905539535716267e-01,channels
8.901960784313724950e-01,0.000000000000000000e+00,0.000000000000000000e+00,1.364313395693383484e+02,5.936567306518554688e+01,2.091741060029994603e+00,channels
0.000000000000000000e+00,0.000000000000000000e+00,4.000000000000000222e-01,5.182154647404891179e+00,4.349231719970703125e+00,2.987197945379021391e+01,channels
0.000000000000000000e+00,3.137254901960784270e-02,0.000000000000000000e+00,1.916320524644792023e-01,3.249292671680450439e-01,3.834061495839527489e-01,channels
0.000000000000000000e+00,1.607843137254901800e-01,0.000000000000000000e+00,9.319597935746650741e-01,3.341689348220825195e+00,1.610473483441244857e+00,channels
0.000000000000000000e+00,0.000000000000000000e+00,5.764705882352940680e-01,1.095491313310716208e+01,9.239264488220214844e+00,6.364354995848972152e+01,channels
0.000000000000000000e+00,2.117647058823529382e-01,0.000000000000000000e+00,1.696735019995392113e+00,6.275805473327636719e+00,2.844392516726526932e+00,channels
0.000000000000000000e+00,6.627450980392156632e-01,0.000000000000000000e+00,1.609633437843957537e+01,6.301435089111328125e+01,2.443318417024455513e+01,channels
0.000000000000000000e+00,0.000000000000000000e+00,8.666666666666666963e-01,2.659321738091752607e+01,2.328704833984375000e+01,1.544935749013234272e+02,channels
0.000000000000000000e+00,2.549019607843137081e-01,0.000000000000000000e+00,2.500101301801064491e+00,9.463135719299316406e+00,4.118055794125835334e+00,channels
0.000000000000000000e+00,0.000000000000000000e+00,6.392156862745097534e-01,1.355188506838189255e+01,1.149900627136230469e+01,7.861671041752039457e+01,channels
0.000000000000000000e+00,0.000000000000000000e+00,7.960784313725489669e-01,2.189971566967302152e+01,1.890533447265625000e+01,1.271678605687221904e+02,channels
0.000000000000000000e+00,7.686274509803920907e-01,0.000000000000000000e+00,2.155310409616812706e+01,8.406399536132812500e+01,3.172624082694811776e+01,channels
0.000000000000000000e+00,0.000000000000000000e+00,3.019607843137254721e-01,3.051519876968341372e+00,2.584894895553588867e+00,1.721648981114448773e+01,channels
0.000000000000000000e+00,5.411764705882352589e-01,0.000000000000000000e+00,1.083242700074162634e+01,4.225534820556640625e+01,1.684342317467251249e+01,channels
3.568627450980392246e-01,0.000000000000000000e+00,0.000000000000000000e+00,2.021032674770054172e+01,8.935217857360839844e+00,7.553747936653337769e-01,channels
0.000000000000000000e+00,8.745098039215686292e-01,0.000000000000000000e+00,2.869143413771752193e+01,1.114605789184570312e+02,4.020277968896498066e+01,channels
2.196078431372548989e-01,0.000000000000000000e+00,0.000000000000000000e+00,7.506031902383810461e+00,3.423566341400146484e+00,4.815046623187614339e-01,channels
3.450980392156862697e-01,0.000000000000000000e+00,0.000000000000000000e+00,1.904449560304408351e+01,8.424430847167968750e+00,6.959343933897055301e-01,channels
9.372549019607843146e-01,0.000000000000000000e+00,0.000000000000000000e+00,1.545716626416091799e+02,6.718449401855468750e+01,2.086989924520023632e+00,channels
0.000000000000000000e+00,2.078431372549019440e-01,0.000000000000000000e+00,1.604049535533311532e+00,5.800633430480957031e+00,2.637266457348838244e+00,channels
0.000000000000000000e+00,0.000000000000000000e+00,7.490196078431372584e-01,1.871897200467177313e+01,1.604216384887695312e+01,1.088575662369820236e+02,channels
0.000000000000000000e+00,7.411764705882353255e-01,0.000000000000000000e+00,2.010827084349461558e+01,7.853321838378906250e+01,2.984305330434112946e+01,channels
0.000000000000000000e+00,0.000000000000000000e+00,1.921568627450980227e-01,1.132309156348780821e+00,9.957029223442077637e-01,6.103700168291053885e+00,channels
0.000000000000000000e+00,4.509803921568627527e-01,0.000000000000000000e+00,7.474895802359368346e+00,2.908255958557128906e+01,1.185816424447036432e+01,channels
0.000000000000000000e+00,0.000000000000000000e+00,7.725490196078431682e-01,2.025885826549544788e+01,1.743045997619628906e+01,1.179441011726245137e+02,channels
0.000000000000000000e+00,0.000000000000000000e+00,9.960784313725490335e-01,3.904329480615619730e+01,3.776134490966796875e+01,2.225662106103847009e+02,channels
0.000000000000000000e+00,6.274509803921568540e-01,0.000000000000000000e+00,1.442600135931738947e+01,5.643070602416992188e+01,2.210138043039899003e+01,channels
0.000000000000000000e+00,0.000000000000000000e+00,2.078431372549019440e-01,1.385818327568178798e+00,1.208117961883544922e+00,7.363454284832784857e+00,channels
0.000000000000000000e+00,0.000000000000000000e+00,3.764705882352941124e-01,4.578324692886374336e+00,3.845855236053466797e+00,2.608218247928202516e+01,channels
0.000000000000000000e+00,0.000000000000000000e+00,8.274509803921568096e-01,2.384057443668740817e+01,2.070431518554687500e+01,1.384440743543953829e+02,channels
6.627450980392156632e-01,0.000000000000000000e+00,0.000000000000000000e+00,7.188770489929490282e+01,3.137987518310546875e+01,1.534673914693052810e+00,channels
0.000000000000000000e+00,0.000000000000000000e+00,4.470588235294117307e-01,6.402969627984451684e+00,5.375431060791015625e+00,3.674365242857673763e+01,channels
0.000000000000000000e+00,0.000000000000000000e+00,6.784313725490196401e-01,1.523915887562658256e+01,1.295852184295654297e+01,8.843821254924549180e+01,channels
0.000000000000000000e+00,0.000000000000000000e+00,3.372549019607843368e-01,3.690746076862039260e+00,3.106493473052978516e+00,2.093738966900021836e+01,channels
2.705882352941176294e-01,0.000000000000000000e+00,0.000000000000000000e+00,1.174099052671494370e+01,5.233780384063720703e+00,5.781773821628666266e-01,channels
0.000000000000000000e+00,0.000000000000000000e+00,7.843137254901960675e-01,2.097359530237271485e+01,1.805177307128906250e+01,1.217895402395974429e+02,channels
4.235294117647058765e-01,0.000000000000000000e+00,0.000000000000000000e+00,2.878677517390638130e+01,1.266174411773681641e+01,8.920580685885669547e-01,channels
0.000000000000000000e+00,8.980392156862745390e-01,0.000000000000000000e+00,3.035115632265091534e+01,1.175549240112304688e+02,4.182266541626911760e+01,channels
0.000000000000000000e+00,9.803921568627450844e-02,0.000000000000000000e+00,4.512233853922161253e-01,1.358941912651062012e+00,8.181292547782759161e-01,channels
0.000000000000000000e+00,0.000000000000000000e+00,1.921568627450980227e-01,1.128603079293708955e+00,9.838352799415588379e-01,6.042192168414754150e+00,channels
0.000000000000000000e+00,9.843137254901960231e-01,0.000000000000000000e+00,3.539803516150904272e+01,1.358343811035156250e+02,4.551560756608228075e+01,channels
4.705882352941176405e-01,0.000000000000000000e+00,0.000000000000000000e+00,3.542495285472990219e+01,1.553121948242187500e+01,9.571568967045926968e-01,channels
0.000000000000000000e+00,9.568627450980391469e-01,0.000000000000000000e+00,3.409532851795976427e+01,1.315336303710937500e+02,4.488292950941610115e+01,channels
0.000000000000000000e+00,0.000000000000000000e+00,7.215686274509803821e-01,1.731812391092453396e+01,1.480535888671875000e+01,1.005244935637289387e+02,channels
0.000000000000000000e+00,3.490196078431372362e-01,0.000000000000000000e+00,4.496892597223231647e+00,1.726503372192382812e+01,7.257880560247287782e+00,channels
7.843137254901960675e-03,0.000000000000000000e+00,0.000000000000000000e+00,2.505033344403452267e-01,2.651248574256896973e-01,3.781250393581039870e-01,channels
4.470588235294117307e-01,0.000000000000000000e+00,0.000000000000000000e+00,3.144339551150929069e+01,1.381721973419189453e+01,9.508273722627014202e-01,channels
0.000000000000000000e+00,0.000000000000000000e+00,7.843137254901960675e-03,1.552098436501870293e-01,1.939439773559570312e-01,3.143095506097255964e-01,channels
8.000000000000000444e-01,0.000000000000000000e+00,0.000000000000000000e+00,1.074327061331783284e+02,4.679458236694335938e+01,1.889635314703003388e+00,channels
0.000000000000000000e+00,0.000000000000000000e+00,2.823529411764705843e-01,2.669030804081951924e+00,2.242963314056396484e+00,1.484261844542121800e+01,channels
0.000000000000000000e+00,2.745098039215686514e-01,0.000000000000000000e+00,2.849551044138305400e+00,1.080871391296386719e+01,4.668744076932537013e+00,channels
0.000000000000000000e+00,5.098039215686274161e-01,0.000000000000000000e+00,9.528903104249360823e+00,3.722581863403320312e+01,1.493792177578993652e+01,channels
0.000000000000000000e+00,9.411764705882352811e-01,0.000000000000000000e+00,3.337596921691853424e+01,1.288592987060546875e+02,4.441891046929400488e+01,channels
0.000000000000000000e+00,0.000000000000000000e+00,1.176470588235294101e-02,2.063214325864563270e-01,2.397272139787673950e-01,4.036330731066163358e-01,channels
9.019607843137255054e-01,0.000000000000000000e+00,0.000000000000000000e+00,1.401031430825557322e+02,6.093703079223632812e+01,2.033243845218329682e+00,channels
0.000000000000000000e+00,0.000000000000000000e+00,5.529411764705882693e-01,1.000773061849603351e+01,8.427521705627441406e+00,5.784604092085275795e+01,channels
0.000000000000000000e+00,0.000000000000000000e+00,5.921568627450980449e-01,1.146990973721028695e+01,9.665330886840820312e+00,6.654791282006044639e+01,channels
0.000000000000000000e+00,6.980392156862744724e-01,0.000000000000000000e+00,1.782860898238832092e+01,6.949030303955078125e+01,2.676353569978068236e+01,channels
6.745098039215686736e-01,0.000000000000000000e+00,0.000000000000000000e+00,7.405687028548024387e+01,3.231474685668945312e+01,1.532228385883481092e+00,channels
8.039215686274510109e-01,0.000000000000000000e+00,0.000000000000000000e+00,1.081034119670612483e+02,4.707606887817382812e+01,1.853654153430806861e+00,channels
0.000000000000000000e+00,7.843137254901960675e-03,0.000000000000000000e+00,1.742728811061855787e-01,2.241151481866836548e-01,3.261049281971514779e-01,channels
0.000000000000000000e+00,3.294117647058823484e-01,0.000000000000000000e+00,3.963270373438850580e+00,1.531077575683593750e+01,6.427666265345101770e+00,channels
0.000000000000000000e+00,7.921568627450980005e-01,0.000000000000000000e+00,2.318310874027408985e+01,9.037178802490234375e+01,3.377502987046018745e+01,channels
0.000000000000000000e+00,6.666666666666666297e-01,0.000000000000000000e+00,1.615648557864328794e+01,6.320666885375976562e+01,2.456617888551057405e+01,channels
0.000000000000000000e+00,0.000000000000000000e+00,3.686274509803921795e-01,4.320574326881742699e+00,3.635549783706665039e+00,2.475848207534575707e+01,channels
0.000000000000000000e+00,2.078431372549019440e-01,0.000000000000000000e+00,1.554954003247513983e+00,5.697076320648193359e+00,2.579806837704109235e+00,channels
7.254901960784313486e-01,0.000000000000000000e+00,0.000000000000000000e+00,8.570450673082106618e+01,3.734343338012695312e+01,1.629028497072022130e+00,channels
2.784313725490196179e-01,0.000000000000000000e+00,0.000000000000000000e+00,1.222704246080217061e+01,5.464988231658935547e+00,5.707449391485529544e-01,channels
0.000000000000000000e+00,9.098039215686274384e-01,0.000000000000000000e+00,3.114870298495301171e+01,1.205397491455078125e+02,4.260842917003380848e+01,channels
0.000000000000000000e+00,8.784313725490195957e-01,0.000000000000000000e+00,2.893410244786547025e+01,1.122382888793945312e+02,4.043200680581911399e+01,channels
2.901960784313725172e-01,0.000000000000000000e+00,0.000000000000000000e+00,1.296878398118319886e+01,5.803358554840087891e+00,6.181973847159436541e-01,channels
0.000000000000000000e+00,0.000000000000000000e+00,8.156862745098039102e-01,2.291486383319887210e+01,1.982479667663574219e+01,1.331078450439714516e+02,channels
0.000000000000000000e+00,2.745098039215686236e-02,0.000000000000000000e+00,2.382871005323065894e-01,3.276535570621490479e-01,4.064901671660858251e-01,channels
0.000000000000000000e+00,0.000000000000000000e+00,5.098039215686274161e-01,8.414647334165895387e+00,7.072937488555908203e+00,4.873255919123879210e+01,channels
0.000000000000000000e+00,0.000000000000000000e+00,1.019607843137254888e-01,4.307595922186124304e-01,4.071861207485198975e-01,1.894643651095641923e+00,channels
0.000000000000000000e+00,9.725490196078431238e-01,0.000000000000000000e+00,3.478453876052027738e+01,1.338071441650390625e+02,4.527408828295097010e+01,channels
0.000000000000000000e+00,2.000000000000000111e-01,0.000000000000000000e+00,1.473291130275122818e+00,5.424055576324462891e+00,2.482437095848935460e+00,channels
3.764705882352941124e-01,0.000000000000000000e+00,0.000000000000000000e+00,2.235646963571933199e+01,9.851521492004394531e+00,7.650584520163377089e-01,channels
0.000000000000000000e+00,0.000000000000000000e+00,8.509803921568627194e-01,2.527105886773490795e+01,2.201886367797851562e+01,1.469919656159851229e+02,channels
0.000000000000000000e+00,6.039215686274509443e-01,0.000000000000000000e+00,1.327262299544521795e+01,5.192162322998046875e+01,2.047943756374375113e+01,channels
0.000000000000000000e+00,9.960784313725490335e-01,0.000000000000000000e+00,3.577976694445977301e+01,1.372049255371093750e+02,4.564583609348756710e+01,channels
0.000000000000000000e+00,3.686274509803921795e-01,0.000000000000000000e+00,4.849650866189966436e+00,1.889642715454101562e+01,7.830204039042647501e+00,channels
0.000000000000000000e+00,7.960784313725489669e-01,0.000000000000000000e+00,2.339502037489337738e+01,9.120163726806640625e+01,3.409790419915033510e+01,channels
0.000000000000000000e+00,0.000000000000000000e+00,4.549019607843137192e-01,6.579611368748677691e+00,5.541763305664062500e+00,3.801301841059970599e+01,channels
0.000000000000000000e+00,6.901960784313725394e-01,0.000000000000000000e+00,1.731373690493039064e+01,6.764627838134765625e+01,2.613596668723960903e+01,channels
0.000000000000000000e+00,4.313725490196078372e-02,0.000000000000000000e+00,2.627029391988071616e-01,4.479006230831146240e-01,4.724025018925350206e-01,channels
0.000000000000000000e+00,9.725490196078431238e-01,0.000000000000000000e+00,3.479657709235706875e+01,1.338302154541015625e+02,4.526322029857297480e+01,channels
9.607843137254902244e-01,0.000000000000000000e+00,0.000000000000000000e+00,1.604659385963936700e+02,6.975628662109375000e+01,2.083615467149244616e+00,channels
0.000000000000000000e+00,9.647058823529411908e-01,0.000000000000000000e+00,3.459660927039002587e+01,1.332011108398437500e+02,4.520114233591589681e+01,channels
1.176470588235294101e-02,0.000000000000000000e+00,0.000000000000000000e+00,2.521850751515892775e-01,2.717844843864440918e-01,3.604639169017694322e-01,channels
0.000000000000000000e+00,1.960784313725490169e-02,0.000000000000000000e+00,1.918745470590037250e-01,2.694208323955535889e-01,3.842900587157238590e-01,channels
0.000000000000000000e+00,8.274509803921568096e-01,0.000000000000000000e+00,2.544501913312716823e+01,9.898169708251953125e+01,3.655771471194150024e+01,channels
0.000000000000000000e+00,0.000000000000000000e+00,0.000000000000000000e+00,1.682586862315103848e-01,2.158334404230117798e-01,3.516336074312074733e-01,channels
3.215686274509803599e-01,0.000000000000000000e+00,0.000000000000000000e+00,1.577334215663062089e+01,6.992910861968994141e+00,6.120860018188937213e-01,channels
0.000000000000000000e+00,0.000000000000000000e+00,1.686274509803921684e-01,9.273305098741672081e-01,8.222787976264953613e-01,4.727858500131598696e+00,channels
9.960784313725490335e-01,0.000000000000000000e+00,0.000000000000000000e+00,1.661321734383980413e+02,7.219845581054687500e+01,2.117527434226186944e+00,channels
5.960784313725490113e-01,0.000000000000000000e+00,0.000000000000000000e+00,5.723862262139164159e+01,2.500710678100585938e+01,1.321313065651843033e+00,channels
6.784313725490196401e-01,0.000000000000000000e+00,0.000000000000000000e+00,7.525848415438758821e+01,3.283916473388671875e+01,1.551273399373985562e+00,channels
5.137254901960783826e-01,0.000000000000000000e+00,0.000000000000000000e+00,4.219215127721224690e+01,1.849618148803710938e+01,1.094276826338402842e+00,channels
3.529411764705882026e-01,0.000000000000000000e+00,0.000000000000000000e+00,1.887389672695162446e+01,8.351928710937500000e+00,7.185502978159491461e-01,channels
0.000000000000000000e+00,4.000000000000000222e-01,0.000000000000000000e+00,5.781825750424349764e+00,2.238605690002441406e+01,9.248613392869510008e+00,channels
0.000000000000000000e+00,0.000000000000000000e+00,3.764705882352941124e-01,4.472837117431292420e+00,3.750136613845825195e+00,2.562129102082289123e+01,channels
0.000000000000000000e+00,1.568627450980392135e-02,0.000000000000000000e+00,2.025742587461545896e-01,2.591293454170227051e-01,3.557895387645069740e-01,channels
4.627450980392157076e-01,0.000000000000000000e+00,0.000000000000000000e+00,3.374350256713182006e+01,1.479385089874267578e+01,9.358383829565750656e-01,channels
3.411764705882353033e-01,0.000000000000000000e+00,0.000000000000000000e+00,1.810787602195844315e+01,8.014714241027832031e+00,7.321541178763300017e-01,channels
0.000000000000000000e+00,7.333333333333332815e-01,0.000000000000000000e+00,1.950381268564168735e+01,7.619503784179687500e+01,2.906105143233152788e+01,channels
2.039215686274509776e-01,0.000000000000000000e+00,0.000000000000000000e+00,6.091345001347639787e+00,2.780761003494262695e+00,4.421176362947529803e-01,channels
0.000000000000000000e+00,7.607843137254901578e-01,0.000000000000000000e+00,2.108141120589310802e+01,8.230460357666015625e+01,3.117107824922338111e+01,channels
6.392156862745097534e-01,0.000000000000000000e+00,0.000000000000000000e+00,6.596900722577953502e+01,2.882357978820800781e+01,1.443464831510807844e+00,channels
0.000000000000000000e+00,5.098039215686274161e-01,0.000000000000000000e+00,9.467712020798021655e+00,3.683654785156250000e+01,1.483310142679131260e+01,channels
8.588235294117646523e-01,0.000000000000000000e+00,0.000000000000000000e+00,1.246952576532856796e+02,5.428649139404296875e+01,1.936011868010430792e+00,channels
1.019607843137254888e-01,0.000000000000000000e+00,0.000000000000000000e+00,1.502169124298082803e+00,7.947376370429992676e-01,3.717752043049653565e-01,channels
0.000000000000000000e+00,0.000000000000000000e+00,8.431372549019607865e-01,2.467789024848504198e+01,2.142958068847656250e+01,1.434478018607925378e+02,channels
7.960784313725489669e-01,0.000000000000000000e+00,0.000000000000000000e+00,1.051120778027063807e+02,4.577872848510742188e+01,1.820897734788750721e+00,channels
0.000000000000000000e+00,0.000000000000000000e+00,4.627450980392157076e-01,6.818938319099552281e+00,5.721012115478515625e+00,3.932718140942225915e+01,channels
0.000000000000000000e+00,0.000000000000000000e+00,7.372549019607843590e-01,1.792497217877481930e+01,1.530325889587402344e+01,1.044873015503169995e+02,channels
4.901960784313725283e-01,0.000000000000000000e+00,0.000000000000000000e+00,3.799479008509467803e+01,1.665687751770019531e+01,1.047793402693732556e+00,channels
1.568627450980392135e-01,0.000000000000000000e+00,0.000000000000000000e+00,3.600012215223511003e+00,1.693773388862609863e+00,4.053637191991085187e-01,channels
2.784313725490196179e-01,0.000000000000000000e+00,0.000000000000000000e+00,1.200616171063247961e+01,5.353928089141845703e+00,5.518161507631432761e-01,channels
0.000000000000000000e+00,0.000000000000000000e+00,7.843137254901960675e-03,1.775358332090755942e-01,2.114245444536209106e-01,3.657955793854886228e-01,channels
0.000000000000000000e+00,8.470588235294117530e-01,0.000000000000000000e+00,2.662765910811338088e+01,1.036688690185546875e+02,3.794911539677309520e+01,channels
6.235294117647058876e-01,0.000000000000000000e+00,0.000000000000000000e+00,6.284145802344329468e+01,2.745379257202148438e+01,1.374038122919541527e+00,channels
0.000000000000000000e+00,3.764705882352941124e-01,0.000000000000000000e+00,5.090812696840917972e+00,1.965227317810058594e+01,8.146575147823766017e+00,channels
8.705882352941176627e-01,0.000000000000000000e+00,0.000000000000000000e+00,1.287314915438095113e+02,5.602018356323242188e+01,2.014081953710024298e+00,channels
6.784313725490196401e-01,0.000000000000000000e+00,0.000000000000000000e+00,7.510129613775055191e+01,3.277259826660156250e+01,1.561149699427013315e+00,channels
7.333333333333332815e-01,0.000000000000000000e+00,0.000000000000000000e+00,8.720117913878803506e+01,3.804196929931640625e+01,1.681113928536893010e+00,channels
8.117647058823529438e-01,0.000000000000000000e+00,0.000000000000000000e+00,1.099747306959354631e+02,4.791593933105468750e+01,1.918755256618800864e+00,channels
0.000000000000000000e+00,0.000000000000000000e+00,8.823529411764705621e-01,2.756682047164733618e+01,2.415863609313964844e+01,1.597807077063663144e+02,channels
0.000000000000000000e+00,0.000000000000000000e+00,7.019607843137254388e-01,1.622523868526974411e+01,1.379150390625000000e+01,9.427172528304203070e+01,channels
9.411764705882352811e-01,0.000000000000000000e+00,0.000000000000000000e+00,1.552133571237543208e+02,6.747050476074218750e+01,2.123367187891633812e+00,channels
0.000000000000000000e+00,2.549019607843137081e-01,0.000000000000000000e+00,2.448961962262131031e+00,9.155792236328125000e+00,4.008488658959173279e+00,channels
0.000000000000000000e+00,0.000000000000000000e+00,9.568627450980391469e-01,3.421688230852938517e+01,3.086619186401367188e+01,1.977149527442098815e+02,channels
0.000000000000000000e+00,9.529411764705881804e-01,0.000000000000000000e+00,3.405784455309883896e+01,1.313222656250000000e+02,4.494508261806799254e+01,channels
0.000000000000000000e+00,4.823529411764705954e-01,0.000000000000000000e+00,8.376091919073147096e+00,3.252111434936523438e+01,1.320607723017882584e+01,channels
2.156862745098039325e-01,0.000000000000000000e+00,0.000000000000000000e+00,6.936035709190922383e+00,3.165379047393798828e+00,4.787383546851731730e-01,channels
3.647058823529411575e-01,0.000000000000000000e+00,0.000000000000000000e+00,2.040141245631003031e+01,9.009266853332519531e+00,7.401283717208420043e-01,channels
0.000000000000000000e+00,8.078431372549019773e-01,0.000000000000000000e+00,2.403177392305526539e+01,9.364945983886718750e+01,3.486462736185352895e+01,channels
8.078431372549019773e-01,0.000000000000000000e+00,0.000000000000000000e+00,1.090225296770345693e+02,4.751231765747070312e+01,1.901456702823408174e+00,channels
1.019607843137254888e-01,0.000000000000000000e+00,0.000000000000000000e+00,1.456458275901431065e+00,7.498707175254821777e-01,3.471582288292497376e-01,channels
0.000000000000000000e+00,0.000000000000000000e+00,6.313725490196078205e-01,1.294952020546583071e+01,1.095503234863281250e+01,7.506895622600315221e+01,channels
0.000000000000000000e+00,0.000000000000000000e+00,6.078431372549019107e-01,1.197485642490822677e+01,1.010786628723144531e+01,6.934980094656890515e+01,channels
0.000000000000000000e+00,1.882352941176470562e-01,0.000000000000000000e+00,1.266800216353927810e+00,4.641922473907470703e+00,2.125594019419794645e+00,channels
0.000000000000000000e+00,0.000000000000000000e+00,8.588235294117646523e-01,2.573784116360889840e+01,2.241080665588378906e+01,1.495393817834254264e+02,channels
0.000000000000000000e+00,7.058823529411764053e-01,0.000000000000000000e+00,1.780329904790857043e+01,6.949488067626953125e+01,2.680019027481589333e+01,channels
0.000000000000000000e+00,8.274509803921568096e-01,0.000000000000000000e+00,2.532701289588847615e+01,9.861414337158203125e+01,3.644877934566659405e+01,channels
0.000000000000000000e+00,4.705882352941176405e-02,0.000000000000000000e+00,2.190310505587541035e-01,4.292063713073730469e-01,4.325480051194229292e-01,channels
0.000000000000000000e+00,3.137254901960784270e-02,0.000000000000000000e+00,2.130078401760908680e-01,3.123917877674102783e-01,3.854478216715788719e-01,channels
0.000000000000000000e+00,3.411764705882353033e-01,0.000000000000000000e+00,4.130925256104204024e+00,1.599062538146972656e+01,6.733543681726182228e+00,channels
0.000000000000000000e+00,6.431372549019607199e-01,0.000000000000000000e+00,1.472931055774057896e+01,5.755942153930664062e+01,2.254683275527656150e+01,channels
1.176470588235294101e-01,0.000000000000000000e+00,0.000000000000000000e+00,1.978070041901819343e+00,1.019035935401916504e+00,3.939666397614662863e-01,channels
6.627450980392156632e-01,0.000000000000000000e+00,0.000000000000000000e+00,7.077564945313487499e+01,3.089337348937988281e+01,1.540806891281714108e+00,channels
8.627450980392156743e-02,0.000000000000000000e+00,0.000000000000000000e+00,1.032922820450686840e+00,5.841595530509948730e-01,3.441371698329417361e-01,channels
0.000000000000000000e+00,0.000000000000000000e+00,9.960784313725490335e-01,3.903903211349298630e+01,3.767258834838867188e+01,2.227371250799922962e+02,channels
0.000000000000000000e+00,7.098039215686274828e-01,0.000000000000000000e+00,1.817778023080180816e+01,7.100546264648437500e+01,2.734265655493965852e+01,channels
8.980392156862745390e-01,0.000000000000000000e+00,0.000000000000000000e+00,1.384877820956401422e+02,6.026477813720703125e+01,2.059805393254508843e+00,channels
0.000000000000000000e+00,0.000000000000000000e+00,3.647058823529411575e-01,4.210272696155609395e+00,3.524229288101196289e+00,2.393412307986523402e+01,channels
0.000000000000000000e+00,8.588235294117646523e-01,0.000000000000000000e+00,2.735569593428798640e+01,1.064177627563476562e+02,3.882044039252737377e+01,channels
5.960784313725490113e-01,0.000000000000000000e+00,0.000000000000000000e+00,5.685673640876233037e+01,2.487501907348632812e+01,1.371241232031946478e+00,channels
0.000000000000000000e+00,0.000000000000000000e+00,6.509803921568627638e-01,1.369567799523676932e+01,1.157686710357666016e+01,7.967099396626413466e+01,channels
9.450980392156862475e-01,0.000000000000000000e+00,0.000000000000000000e+00,1.568067541197110302e+02,6.818367767333984375e+01,2.097070657366324031e+00,channels
0.000000000000000000e+00,0.000000000000000000e+00,8.196078431372548767e-01,2.296210800344283598e+01,1.982693099975585938e+01,1.333138039076432051e+02,channels
9.803921568627450567e-01,0.000000000000000000e+00,0.000000000000000000e+00,1.648693578881534734e+02,7.167379760742187500e+01,2.104135907282269624e+00,channels
0.000000000000000000e+00,0.000000000000000000e+00,6.823529411764706065e-01,1.510725377315924156e+01,1.280813407897949219e+01,8.781518915048087592e+01,channels
0.000000000000000000e+00,9.568627450980391469e-01,0.000000000000000000e+00,3.405623601372438003e+01,1.312720794677734375e+02,4.493727440122152927e+01,channels
0.000000000000000000e+00,5.450980392156862253e-01,0.000000000000000000e+00,1.063430933133726342e+01,4.160324859619140625e+01,1.661525906953753307e+01,channels
0.000000000000000000e+00,1.137254901960784298e-01,0.000000000000000000e+00,5.392384315990862431e-01,1.680894017219543457e+00,9.723158608798705416e-01,channels
0.000000000000000000e+00,2.509803921568627416e-01,0.000000000000000000e+00,2.319099506897730922e+00,8.726342201232910156e+00,3.809349606136890998e+00,channels
4.470588235294117307e-01,0.000000000000000000e+00,0.000000000000000000e+00,3.061174369570655074e+01,1.344778728485107422e+01,9.080865211748765375e-01,channels
2.823529411764705843e-01,0.000000000000000000e+00,0.000000000000000000e+00,1.225622350580232833e+01,5.460557937622070312e+00,5.745561480330781956e-01,channels
0.000000000000000000e+00,3.686274509803921795e-01,0.000000000000000000e+00,4.824604111928079142e+00,1.859721565246582031e+01,7.754252130234187135e+00,channels
2.352941176470588203e-01,0.000000000000000000e+00,0.000000000000000000e+00,8.309466851994857350e+00,3.744296312332153320e+00,4.994657234072918950e-01,channels
4.862745098039215619e-01,0.000000000000000000e+00,0.000000000000000000e+00,3.706358029103673601e+01,1.626606369018554688e+01,1.013793129969188689e+00,channels
4.862745098039215619e-01,0.000000000000000000e+00,0.000000000000000000e+00,3.703853863386331824e+01,1.625171661376953125e+01,1.015582481500363343e+00,channels
0.000000000000000000e+00,0.000000000000000000e+00,2.039215686274509776e-01,1.314243638922943713e+00,1.132639884948730469e+00,6.973631698169578286e+00,channels
1.372549019607843257e-01,0.000000000000000000e+00,0.000000000000000000e+00,2.640227904379807367e+00,1.292509317398071289e+00,4.240114647758004840e-01,channels
0.000000000000000000e+00,9.921568627450980671e-01,0.000000000000000000e+00,3.556122400589740806e+01,1.366375274658203125e+02,4.559454796572810409e+01,channels
0.000000000000000000e+00,5.294117647058823595e-01,0.000000000000000000e+00,1.000350230208715807e+01,3.910638809204101562e+01,1.568653992571476508e+01,channels
0.000000000000000000e+00,9.372549019607843146e-01,0.000000000000000000e+00,3.296618921867835894e+01,1.274222412109375000e+02,4.419844578721159678e+01,channels
4.196078431372549100e-01,0.000000000000000000e+00,0.000000000000000000e+00,2.731601745094268097e+01,1.203833580017089844e+01,8.713106613422695323e-01,channels
2.823529411764705843e-01,0.000000000000000000e+00,0.000000000000000000e+00,1.222975973158286322e+01,5.476053714752197266e+00,5.968114929287425818e-01,channels
0.000000000000000000e+00,6.862745098039215730e-01,0.000000000000000000e+00,1.695907423064132047e+01,6.608106994628906250e+01,2.563142608660584543e+01,channels
7.843137254901960675e-03,0.000000000000000000e+00,0.000000000000000000e+00,2.053794978479282773e-01,2.326724678277969360e-01,3.297233601069054498e-01,channels
0.000000000000000000e+00,0.000000000000000000e+00,2.352941176470588203e-02,1.964438630210381953e-01,2.104976922273635864e-01,4.661187705850908802e-01,channels
0.000000000000000000e+00,3.450980392156862697e-01,0.000000000000000000e+00,4.267168232997044619e+00,1.630997085571289062e+01,6.863127648634224975e+00,channels
0.000000000000000000e+00,4.862745098039215619e-01,0.000000000000000000e+00,8.362183937072598994e+00,3.269242477416992188e+01,1.323991286524391775e+01,channels
0.000000000000000000e+00,2.784313725490196179e-01,0.000000000000000000e+00,2.824584160848602199e+00,1.064670944213867188e+01,4.598221502104379077e+00,channels
6.313725490196078205e-01,0.000000000000000000e+00,0.000000000000000000e+00,6.396754771765771608e+01,2.793297958374023438e+01,1.389580441417535228e+00,channels
0.000000000000000000e+00,0.000000000000000000e+00,3.921568627450980338e-03,2.339697999012901597e-01,2.460322976112365723e-01,3.689224780958308414e-01,channels
0.000000000000000000e+00,0.000000000000000000e+00,8.000000000000000444e-01,2.157389329779762832e+01,1.855733871459960938e+01,1.254902395382795390e+02,channels
0.000000000000000000e+00,2.745098039215686514e-01,0.000000000000000000e+00,2.674467262906216725e+00,1.031178283691406250e+01,4.436183703383560051e+00,channels
7.254901960784313486e-01,0.000000000000000000e+00,0.000000000000000000e+00,8.464382170640406855e+01,3.691864776611328125e+01,1.671001434145537701e+00,channels
0.000000000000000000e+00,0.000000000000000000e+00,3.450980392156862697e-01,3.734815728301547733e+00,3.117139101028442383e+00,2.114793086229291319e+01,channels
7.176470588235294157e-01,0.000000000000000000e+00,0.000000000000000000e+00,8.329228916633135782e+01,3.633185577392578125e+01,1.674389133175208100e+00,channels
0.000000000000000000e+00,0.000000000000000000e+00,1.254901960784313708e-01,5.507212222163296866e-01,4.931851029396057129e-01,2.492069999883327114e+00,channels
0.000000000000000000e+00,0.000000000000000000e+00,5.176470588235293491e-01,8.379708376860035557e+00,7.020353317260742188e+00,4.830552372123468530e+01,channels
1.450980392156862586e-01,0.000000000000000000e+00,0.000000000000000000e+00,2.818772807280775172e+00,1.376065373420715332e+00,3.860006707824204519e-01,channels
8.431372549019607865e-01,0.000000000000000000e+00,0.000000000000000000e+00,1.190065358970803402e+02,5.182754135131835938e+01,1.966186665324567873e+00,channels
0.000000000000000000e+00,0.000000000000000000e+00,3.686274509803921795e-01,4.220601571305809152e+00,3.523166656494140625e+00,2.390854163015766787e+01,channels
0.000000000000000000e+00,0.000000000000000000e+00,4.039215686274509887e-01,5.139851074106811524e+00,4.310703754425048828e+00,2.915418495624562922e+01,channels
0.000000000000000000e+00,7.058823529411764053e-01,0.000000000000000000e+00,1.769815692865767787e+01,6.903119659423828125e+01,2.667972312956835168e+01,channels
0.000000000000000000e+00,0.000000000000000000e+00,8.784313725490195957e-01,2.717559455043132033e+01,2.376057434082031250e+01,1.577167684650459307e+02,channels
2.470588235294117752e-01,0.000000000000000000e+00,0.000000000000000000e+00,9.165198017007414322e+00,4.134186744689941406e+00,5.389546011238561807e-01,channels
0.000000000000000000e+00,0.000000000000000000e+00,4.274509803921568429e-01,5.671487648420463046e+00,4.745963573455810547e+00,3.272101344638804932e+01,channels
0.000000000000000000e+00,8.588235294117646523e-01,0.000000000000000000e+00,2.728157748035447128e+01,1.061480407714843750e+02,3.877440858341520169e+01,channels
0.000000000000000000e+00,0.000000000000000000e+00,9.294117647058823817e-01,3.191735466920997411e+01,2.841783905029296875e+01,1.847439059530033774e+02,channels
0.000000000000000000e+00,0.000000000000000000e+00,4.666666666666666741e-01,6.803656380609723442e+00,5.702419281005859375e+00,3.904780449375889617e+01,channels
3.137254901960784270e-01,0.000000000000000000e+00,0.000000000000000000e+00,1.501528370940110158e+01,6.667882919311523438e+00,6.742327556562923707e-01,channels
0.000000000000000000e+00,6.745098039215686736e-01,0.000000000000000000e+00,1.623377300784248334e+01,6.348743438720703125e+01,2.471985659650532341e+01,channels
3.960784313725490002e-01,0.000000000000000000e+00,0.000000000000000000e+00,2.392946419338151998e+01,1.055464553833007812e+01,7.638596952114077299e-01,channels
0.000000000000000000e+00,0.000000000000000000e+00,5.490196078431372473e-02,3.127673086303766059e-01,3.217563331127166748e-01,8.223638886038076024e-01,channels
0.000000000000000000e+00,0.000000000000000000e+00,2.588235294117646745e-01,2.016268816617677206e+00,1.707040190696716309e+00,1.125725911840687843e+01,channels
0.000000000000000000e+00,0.000000000000000000e+00,1.686274509803921684e-01,9.074095454882628031e-01,8.057861328125000000e-01,4.527196927542510352e+00,channels
4.745098039215686070e-01,0.000000000000000000e+00,0.000000000000000000e+00,3.481038003545910442e+01,1.525310707092285156e+01,9.263221914270678425e-01,channels
9.372549019607843146e-01,0.000000000000000000e+00,0.000000000000000000e+00,1.538593512308983122e+02,6.690301513671875000e+01,2.075250698450934905e+00,channels
0.000000000000000000e+00,0.000000000000000000e+00,8.588235294117646523e-01,2.564665660015144866e+01,2.228546905517578125e+01,1.487741770904937368e+02,channels
0.000000000000000000e+00,0.000000000000000000e+00,3.333333333333333148e-01,3.424238317953099742e+00,2.870759725570678711e+00,1.937128413534697913e+01,channels
0.000000000000000000e+00,0.000000000000000000e+00,9.647058823529411908e-01,3.558915096184052373e+01,3.232421112060546875e+01,2.052662052487074220e+02,channels
0.000000000000000000e+00,0.000000000000000000e+00,5.882352941176470507e-02,2.648121481886094308e-01,2.774049639701843262e-01,8.335251184282229664e-01,channels
0.000000000000000000e+00,0.000000000000000000e+00,8.862745098039215286e-01,2.772372174001923639e+01,2.426263999938964844e+01,1.607757055636691348e+02,channels
7.058823529411764053e-01,0.000000000000000000e+00,0.000000000000000000e+00,7.885814605370751451e+01,3.441776657104492188e+01,1.619603930640262979e+00,channels
0.000000000000000000e+00,7.843137254901960675e-01,0.000000000000000000e+00,2.235861240164230423e+01,8.714630126953125000e+01,3.284913585779610656e+01,channels
0.000000000000000000e+00,0.000000000000000000e+00,2.980392156862745057e-01,2.750901669564505880e+00,2.330101013183593750e+00,1.540347771674859878e+01,channels
3.215686274509803599e-01,0.000000000000000000e+00,0.000000000000000000e+00,1.529197455805029726e+01,6.793304920196533203e+00,6.695575801189088683e-01,channels
0.000000000000000000e+00,8.862745098039215286e-01,0.000000000000000000e+00,2.918680213862478823e+01,1.134148483276367188e+02,4.080760834085781141e+01,channels
0.000000000000000000e+00,1.647058823529411742e-01,0.000000000000000000e+00,9.598053458144559791e-01,3.419581174850463867e+00,1.639721725509050820e+00,channels
8.235294117647058709e-02,0.000000000000000000e+00,0.000000000000000000e+00,9.247670148306090798e-01,5.378451347351074219e-01,3.217673927466727091e-01,channels
0.000000000000000000e+00,0.000000000000000000e+00,1.764705882352941013e-01,9.416119960022878432e-01,8.339333534240722656e-01,4.785601613727483716e+00,channels
0.000000000000000000e+00,0.000000000000000000e+00,5.686274509803921351e-01,1.021638329293400815e+01,8.578166007995605469e+00,5.934827208356439598e+01,channels
0.000000000000000000e+00,0.000000000000000000e+00,8.666666666666666963e-01,2.613557162736632122e+01,2.275765228271484375e+01,1.518119185967418332e+02,channels
0.000000000000000000e+00,6.039215686274509443e-01,0.000000000000000000e+00,1.296846562116540369e+01,5.072534179687500000e+01,2.007198224550761623e+01,channels
1.098039215686274495e-01,0.000000000000000000e+00,0.000000000000000000e+00,1.647305302593190746e+00,8.405081033706665039e-01,3.660465915569691142e-01,channels
9.176470588235293713e-01,0.000000000000000000e+00,0.000000000000000000e+00,1.455285122324346787e+02,6.331616210937500000e+01,2.106631676207582071e+00,channels
0.000000000000000000e+00,7.647058823529411242e-01,0.000000000000000000e+00,2.104348581588050848e+01,8.223818206787109375e+01,3.119401265360229303e+01,channels
0.000000000000000000e+00,0.000000000000000000e+00,8.509803921568627194e-01,2.501566328789802895e+01,2.170237731933593750e+01,1.451048717315788963e+02,channels
4.274509803921568429e-01,0.000000000000000000e+00,0.000000000000000000e+00,2.809894019123906972e+01,1.237172317504882812e+01,8.783124618721586119e-01,channels
2.862745098039215508e-01,0.000000000000000000e+00,0.000000000000000000e+00,1.236759841628960643e+01,5.527986526489257812e+00,6.117165176329502074e-01,channels
3.058823529411764941e-01,0.000000000000000000e+00,0.000000000000000000e+00,1.406414909830895432e+01,6.263942241668701172e+00,5.998650721910120387e-01,channels
3.843137254901960453e-01,0.000000000000000000e+00,0.000000000000000000e+00,2.199658259211787126e+01,9.725772857666015625e+00,7.964583978871877523e-01,channels
0.000000000000000000e+00,0.000000000000000000e+00,9.215686274509803377e-01,3.092223390345203171e+01,2.739217376708984375e+01,1.792250368932873812e+02,channels
0.000000000000000000e+00,7.450980392156862642e-02,0.000000000000000000e+00,3.452719676103892521e-01,8.001546859741210938e-01,6.107545941608817364e-01,channels
0.000000000000000000e+00,0.000000000000000000e+00,3.529411764705882026e-01,3.712893977304168480e+00,3.098909139633178711e+00,2.113169858364295095e+01,channels
0.000000000000000000e+00,7.921568627450980005e-01,0.000000000000000000e+00,2.277235504179824943e+01,8.893475341796875000e+01,3.340964736509862831e+01,channels
0.000000000000000000e+00,0.000000000000000000e+00,5.254901960784313930e-01,8.647776181639629911e+00,7.262439250946044922e+00,5.017507329916413994e+01,channels
0.000000000000000000e+00,8.862745098039215286e-01,0.000000000000000000e+00,2.919773778512989892e+01,1.133293228149414062e+02,4.082759214771150624e+01,channels
8.392156862745098200e-01,0.000000000000000000e+00,0.000000000000000000e+00,1.172241871560136559e+02,5.109246826171875000e+01,2.019401001320953348e+00,channels
1.843137254901960898e-01,0.000000000000000000e+00,0.000000000000000000e+00,4.729156488167248540e+00,2.197336435317993164e+00,4.169871691419339554e-01,channels
0.000000000000000000e+00,9.686274509803921573e-01,0.000000000000000000e+00,3.458460521011018329e+01,1.330513610839843750e+02,4.528068986455845391e+01,channels
0.000000000000000000e+00,0.000000000000000000e+00,6.392156862745097534e-01,1.306298403673448583e+01,1.103718090057373047e+01,7.555618369033817316e+01,channels
2.745098039215686514e-01,0.000000000000000000e+00,0.000000000000000000e+00,1.129710959250339108e+01,5.018511772155761719e+00,4.842335362945860422e-01,channels
0.000000000000000000e+00,8.000000000000000444e-01,0.000000000000000000e+00,2.332425082959983342e+01,9.092811584472656250e+01,3.405030667486261819e+01,channels
0.000000000000000000e+00,0.000000000000000000e+00,9.960784313725490335e-01,3.915444598754256589e+01,3.771101379394531250e+01,2.231181106885526333e+02,channels
0.000000000000000000e+00,1.333333333333333315e-01,0.000000000000000000e+00,7.826623432772304989e-01,2.304273843765258789e+00,1.261455233311163049e+00,channels
0.000000000000000000e+00,0.000000000000000000e+00,6.745098039215686736e-01,1.457820625100132794e+01,1.233308982849121094e+01,8.461936239986499686e+01,channels
0.000000000000000000e+00,5.764705882352940680e-01,0.000000000000000000e+00,1.170858983515186935e+01,4.588381958007812500e+01,1.827647015483606552e+01,channels
3.921568627450980338e-02,0.000000000000000000e+00,0.000000000000000000e+00,2.932079995815328743e-01,2.457281351089477539e-01,3.541287513778567098e-01,channels
0.000000000000000000e+00,0.000000000000000000e+00,1.058823529411764691e-01,4.529847406438550217e-01,4.250355958938598633e-01,1.904231135247560269e+00,channels
0.000000000000000000e+00,4.705882352941176405e-02,0.000000000000000000e+00,2.843797589089760991e-01,4.587427079677581787e-01,4.800763230879958043e-01,channels
5.294117647058823595e-01,0.000000000000000000e+00,0.000000000000000000e+00,4.400852465518525491e+01,1.927762222290039062e+01,1.140860228161647560e+00,channels
9.803921568627450844e-02,0.000000000000000000e+00,0.000000000000000000e+00,1.292169058828578798e+00,7.029225826263427734e-01,3.675170221430936190e-01,channels
0.000000000000000000e+00,3.529411764705882304e-02,0.000000000000000000e+00,2.385752358840841914e-01,3.637993633747100830e-01,4.035220568553802845e-01,channels
6.274509803921568540e-02,0.000000000000000000e+00,0.000000000000000000e+00,5.796312343825544833e-01,3.744817376136779785e-01,3.858606242091284777e-01,channels
0.000000000000000000e+00,7.764705882352941346e-01,0.000000000000000000e+00,2.171764135067845913e+01,8.484308624267578125e+01,3.213690543861333992e+01,channels
6.588235294117646967e-01,0.000000000000000000e+00,0.000000000000000000e+00,6.899027144932618683e+01,3.015541076660156250e+01,1.534316542298012287e+00,channels
9.803921568627450844e-02,0.000000000000000000e+00,0.000000000000000000e+00,1.289930601570570268e+00,6.957080960273742676e-01,3.664099617324355074e-01,channels
0.000000000000000000e+00,0.000000000000000000e+00,3.921568627450980338e-03,1.956247430475684390e-01,2.157684862613677979e-01,3.559367972932915292e-01,channels
0.000000000000000000e+00,0.000000000000000000e+00,3.137254901960784270e-01,3.069723662954029653e+00,2.580134868621826172e+00,1.716467634322051339e+01,channels
0.000000000000000000e+00,2.941176470588235392e-01,0.000000000000000000e+00,3.117118804396064924e+00,1.169661712646484375e+01,5.045344783746186224e+00,channels
0.000000000000000000e+00,7.450980392156862919e-01,0.000000000000000000e+00,1.983159713776121080e+01,7.733525085449218750e+01,2.957747309682524062e+01,channels
1.686274509803921684e-01,0.000000000000000000e+00,0.000000000000000000e+00,3.915749056977069653e+00,1.840068459510803223e+00,3.904963746651712309e-01,channels
1.490196078431372528e-01,0.000000000000000000e+00,0.000000000000000000e+00,3.034693784966275398e+00,1.463127493858337402e+00,4.082298398523815375e-01,channels
0.000000000000000000e+00,7.411764705882353255e-01,0.000000000000000000e+00,1.955396855633815179e+01,7.646875762939453125e+01,2.925188065063478859e+01,channels
0.000000000000000000e+00,7.686274509803920907e-01,0.000000000000000000e+00,2.095534830327607878e+01,8.191886901855468750e+01,3.114994030893335264e+01,channels
2.392156862745097867e-01,0.000000000000000000e+00,0.000000000000000000e+00,8.094163793325376943e+00,3.673673152923583984e+00,4.779465501389368876e-01,channels
0.000000000000000000e+00,0.000000000000000000e+00,3.137254901960784270e-02,2.001942488460947689e-01,2.298141866922378540e-01,4.886994044639548229e-01,channels
0.000000000000000000e+00,0.000000000000000000e+00,4.392156862745097978e-01,5.936964833781369855e+00,4.965483665466308594e+00,3.426578845197872170e+01,channels
0.000000000000000000e+00,9.607843137254902244e-01,0.000000000000000000e+00,3.425868209841684120e+01,1.321425933837890625e+02,4.513530757271049509e+01,channels
0.000000000000000000e+00,0.000000000000000000e+00,1.568627450980392135e-02,1.790731991785154964e-01,2.346276491880416870e-01,3.981908295245367713e-01,channels
0.000000000000000000e+00,0.000000000000000000e+00,5.686274509803921351e-01,1.020102384924114780e+01,8.558591842651367188e+00,5.888079708728360373e+01,channels
2.274509803921568596e-01,0.000000000000000000e+00,0.000000000000000000e+00,7.499661905704422260e+00,3.411177635192871094e+00,5.206461271157954984e-01,channels
0.000000000000000000e+00,8.784313725490195957e-01,0.000000000000000000e+00,2.856052309660481114e+01,1.109763946533203125e+02,4.017324723161232214e+01,channels
0.000000000000000000e+00,2.392156862745097867e-01,0.000000000000000000e+00,1.954567760213471006e+00,7.234029769897460938e+00,3.219552248296124297e+00,channels
0.000000000000000000e+00,0.000000000000000000e+00,2.431372549019607809e-01,1.931564305686261696e+00,1.645101428031921387e+00,1.014938464570334986e+01,channels
3.882352941176470673e-01,0.000000000000000000e+00,0.000000000000000000e+00,2.270088855471624001e+01,1.001602363586425781e+01,7.920594426192720805e-01,channels
0.000000000000000000e+00,3.843137254901960453e-01,0.000000000000000000e+00,4.984452691057969176e+00,1.930658340454101562e+01,8.010061197890001594e+00,channels
3.137254901960784270e-02,0.000000000000000000e+00,0.000000000000000000e+00,2.603674465845690067e-01,2.447657436132431030e-01,3.117171000817896553e-01,channels
0.000000000000000000e+00,0.000000000000000000e+00,8.313725490196077761e-01,2.324764305852300339e+01,2.007108497619628906e+01,1.350518316554256444e+02,channels
0.000000000000000000e+00,1.215686274509803905e-01,0.000000000000000000e+00,5.906951482611090265e-01,1.854925155639648438e+00,1.024034620157115327e+00,channels
8.980392156862745390e-01,0.000000000000000000e+00,0.000000000000000000e+00,1.377523305815893195e+02,5.995113754272460938e+01,2.062286658789727500e+00,channels
0.000000000000000000e+00,5.725490196078431016e-01,0.000000000000000000e+00,1.153479529538332926e+01,4.503497695922851562e+01,1.796651621748218730e+01,channels
0.000000000000000000e+00,4.313725490196078649e-01,0.000000000000000000e+00,6.403643488429244357e+00,2.501567268371582031e+01,1.026299384110370383e+01,channels
0.000000000000000000e+00,8.039215686274510109e-01,0.000000000000000000e+00,2.353644608482624889e+01,9.163266754150390625e+01,3.433165350130030191e+01,channels
0.000000000000000000e+00,7.215686274509803821e-01,0.000000000000000000e+00,1.846859373513504110e+01,7.225936126708984375e+01,2.779456475819421257e+01,channels
0.000000000000000000e+00,0.000000000000000000e+00,1.725490196078431349e-01,9.071701286995972335e-01,8.025363087654113770e-01,4.678788570694787374e+00,channels
0.000000000000000000e+00,0.000000000000000000e+00,4.784313725490195734e-01,6.831540964245548686e+00,5.717979907989501953e+00,3.944045364404647103e+01,channels
2.039215686274509776e-01,0.000000000000000000e+00,0.000000000000000000e+00,5.814391947983471809e+00,2.685972213745117188e+00,4.560792686327544421e-01,channels
0.000000000000000000e+00,0.000000000000000000e+00,6.705882352941175961e-01,1.435986032494395914e+01,1.214177703857421875e+01,8.322033323193517163e+01,channels
0.000000000000000000e+00,0.000000000000000000e+00,1.294117647058823373e-01,5.805640302764271121e-01,5.389814376831054688e-01,2.460551843802545324e+00,channels
0.000000000000000000e+00,4.705882352941176405e-01,0.000000000000000000e+00,7.675875289738485208e+00,2.989970397949218750e+01,1.218174533189690578e+01,channels
0.000000000000000000e+00,0.000000000000000000e+00,0.000000000000000000e+00,2.146923018989176091e-01,2.463964074850082397e-01,3.601268064471632724e-01,channels
0.000000000000000000e+00,0.000000000000000000e+00,6.980392156862744724e-01,1.555435276490118923e+01,1.317576694488525391e+01,9.032231307999472847e+01,channels
8.549019607843136859e-01,0.000000000000000000e+00,0.000000000000000000e+00,1.223797157714636796e+02,5.329175567626953125e+01,1.994975674584847258e+00,channels
0.000000000000000000e+00,0.000000000000000000e+00,8.235294117647058709e-02,3.778619306082102169e-01,3.637277483940124512e-01,1.299323985480109966e+00,channels
0.000000000000000000e+00,0.000000000000000000e+00,6.666666666666666297e-01,1.416950940602555242e+01,1.196859169006347656e+01,8.201259973703099604e+01,channels
6.196078431372549211e-01,0.000000000000000000e+00,0.000000000000000000e+00,6.059564729752717938e+01,2.648953247070312500e+01,1.391709254664021733e+00,channels
1.803921568627450955e-01,0.000000000000000000e+00,0.000000000000000000e+00,4.432869239303978581e+00,2.064843416213989258e+00,4.678927525176779789e-01,channels
7.294117647058823151e-01,0.000000000000000000e+00,0.000000000000000000e+00,8.566603297956007168e+01,3.738222122192382812e+01,1.702592537198449385e+00,channels
9.803921568627450844e-02,0.000000000000000000e+00,0.000000000000000000e+00,1.325689510048887687e+00,7.353118658065795898e-01,4.039420496675009131e-01,channels
0.000000000000000000e+00,0.000000000000000000e+00,4.509803921568627527e-01,6.179257016061548313e+00,5.162512302398681641e+00,3.569977411518756583e+01,channels
5.137254901960783826e-01,0.000000000000000000e+00,0.000000000000000000e+00,4.078165234719363497e+01,1.788024902343750000e+01,1.128770049831022027e+00,channels
0.000000000000000000e+00,9.686274509803921573e-01,0.000000000000000000e+00,3.449452009547689357e+01,1.328721771240234375e+02,4.526847114449888210e+01,channels
0.000000000000000000e+00,9.960784313725490335e-01,0.000000000000000000e+00,3.568072879038464151e+01,1.368805236816406250e+02,4.573428851681097740e+01,channels
0.000000000000000000e+00,9.058823529411764719e-01,0.000000000000000000e+00,3.051181386243604621e+01,1.183785324096679688e+02,4.217388162170685462e+01,channels
4.000000000000000222e-01,0.000000000000000000e+00,0.000000000000000000e+00,2.391942410484445602e+01,1.057791423797607422e+01,8.408277351354040974e-01,channels
0.000000000000000000e+00,0.000000000000000000e+00,5.137254901960783826e-01,8.197069606014363075e+00,6.867089748382568359e+00,4.721671019160627480e+01,channels
0.000000000000000000e+00,0.000000000000000000e+00,1.568627450980392135e-01,7.943530625680439439e-01,7.135593891143798828e-01,3.863514068623847386e+00,channels
0.000000000000000000e+00,0.000000000000000000e+00,8.784313725490195957e-01,2.694935196530259347e+01,2.350000381469726562e+01,1.564495765981789646e+02,channels
7.411764705882353255e-01,0.000000000000000000e+00,0.000000000000000000e+00,8.781645669215340888e+01,3.829136657714843750e+01,1.694766054841322367e+00,channels
8.666666666666666963e-01,0.000000000000000000e+00,0.000000000000000000e+00,1.260508336595296299e+02,5.488668441772460938e+01,2.052555681488680506e+00,channels
0.000000000000000000e+00,0.000000000000000000e+00,7.843137254901960675e-01,2.036727062352558448e+01,1.741281127929687500e+01,1.180824055835718838e+02,channels
0.000000000000000000e+00,4.901960784313725283e-01,0.000000000000000000e+00,8.309398126928801531e+00,3.243365097045898438e+01,1.319841319538005386e+01,channels
0.000000000000000000e+00,0.000000000000000000e+00,7.568627450980391913e-01,1.860206473526594095e+01,1.586187267303466797e+01,1.080123688135856952e+02,channels
0.000000000000000000e+00,0.000000000000000000e+00,7.333333333333332815e-01,1.732529665558652709e+01,1.474468708038330078e+01,1.005486069662063073e+02,channels
0.000000000000000000e+00,0.000000000000000000e+00,9.176470588235293713e-01,3.048773893038858418e+01,2.691172981262207031e+01,1.764211505746131934e+02,channels
2.352941176470588203e-01,0.000000000000000000e+00,0.000000000000000000e+00,8.037235961381714588e+00,3.656081914901733398e+00,5.419592042629125528e-01,channels
0.000000000000000000e+00,0.000000000000000000e+00,5.490196078431372473e-02,2.804248399722062968e-01,2.976761758327484131e-01,7.819675353139607932e-01,channels
0.000000000000000000e+00,0.000000000000000000e+00,2.588235294117646745e-01,1.985766658741074719e+00,1.679889917373657227e+00,1.089029326363625572e+01,channels
1.215686274509803905e-01,0.000000000000000000e+00,0.000000000000000000e+00,1.943122243993296028e+00,9.845032691955566406e-01,3.612498976287663033e-01,channels
0.000000000000000000e+00,8.666666666666666963e-01,0.000000000000000000e+00,2.763582052697951852e+01,1.075419769287109375e+02,3.921764632427409225e+01,channels
0.000000000000000000e+00,3.372549019607843368e-01,0.000000000000000000e+00,3.886233257392283758e+00,1.494746685028076172e+01,6.322510488080539837e+00,channels
1.137254901960784298e-01,0.000000000000000000e+00,0.000000000000000000e+00,1.762728304549647351e+00,9.187035560607910156e-01,4.340784844269464093e-01,channels
0.000000000000000000e+00,6.431372549019607199e-01,0.000000000000000000e+00,1.437179965437135465e+01,5.617714309692382812e+01,2.207764210356105394e+01,channels
1.411764705882352922e-01,0.000000000000000000e+00,0.000000000000000000e+00,2.668748463275623539e+00,1.297145366668701172e+00,3.803512618665961242e-01,channels
0.000000000000000000e+00,4.588235294117646856e-01,0.000000000000000000e+00,7.195088668378037511e+00,2.815791130065917969e+01,1.150941275628184357e+01,channels
2.274509803921568596e-01,0.000000000000000000e+00,0.000000000000000000e+00,7.322277310666538419e+00,3.317908525466918945e+00,5.038167464038851850e-01,channels
7.450980392156862919e-01,0.000000000000000000e+00,0.000000000000000000e+00,8.837335354908242380e+01,3.856997299194335938e+01,1.744360346407028084e+00,channels
0.000000000000000000e+00,2.196078431372548989e-01,0.000000000000000000e+00,1.717832092174294667e+00,6.135000705718994141e+00,2.787496095535882734e+00,channels
7.882352941176470340e-01,0.000000000000000000e+00,0.000000000000000000e+00,1.008001635068182082e+02,4.395892333984375000e+01,1.869731523345058211e+00,channels
0.000000000000000000e+00,7.294117647058823151e-01,0.000000000000000000e+00,1.885475443411197460e+01,7.360154724121093750e+01,2.832791020031844553e+01,channels
3.019607843137254721e-01,0.000000000000000000e+00,0.000000000000000000e+00,1.328237828134720289e+01,5.934178352355957031e+00,6.319943585599943070e-01,channels
0.000000000000000000e+00,0.000000000000000000e+00,8.627450980392157298e-01,2.566363723802538033e+01,2.227624320983886719e+01,1.487476455864359082e+02,channels
0.000000000000000000e+00,0.000000000000000000e+00,4.745098039215686070e-01,6.814108837914862882e+00,5.708578109741210938e+00,3.909969380696256280e+01,channels
4.431372549019607643e-01,0.000000000000000000e+00,0.000000000000000000e+00,2.964071147041676824e+01,1.303355503082275391e+01,9.353926615112524434e-01,channels
0.000000000000000000e+00,9.764705882352940902e-01,0.000000000000000000e+00,3.483192704668140038e+01,1.339353637695312500e+02,4.547044906236073558e+01,channels
0.000000000000000000e+00,0.000000000000000000e+00,6.156862745098039547e-01,1.186884680340026499e+01,9.980201721191406250e+00,6.882821556894606374e+01,channels
4.117647058823529216e-01,0.000000000000000000e+00,0.000000000000000000e+00,2.534914940093390356e+01,1.115895175933837891e+01,8.258548837823725952e-01,channels
0.000000000000000000e+00,0.000000000000000000e+00,4.196078431372549100e-01,5.336135997400210051e+00,4.447267532348632812e+00,3.032843235597564302e+01,channels
0.000000000000000000e+00,0.000000000000000000e+00,5.725490196078431016e-01,1.022262528753070754e+01,8.574097633361816406e+00,5.893254133266410122e+01,channels
0.000000000000000000e+00,0.000000000000000000e+00,4.705882352941176405e-02,3.125834377156185839e-01,3.221310079097747803e-01,6.901656536487794646e-01,channels
8.627450980392157298e-01,0.000000000000000000e+00,0.000000000000000000e+00,1.248132426905224861e+02,5.435238265991210938e+01,2.014663888185576290e+00,channels
0.000000000000000000e+00,4.941176470588235503e-01,0.000000000000000000e+00,8.402579615900441112e+00,3.277105712890625000e+01,1.331312392632912811e+01,channels
0.000000000000000000e+00,0.000000000000000000e+00,3.137254901960784270e-01,2.964447403041013285e+00,2.497131586074829102e+00,1.674600094302620334e+01,channels
0.000000000000000000e+00,0.000000000000000000e+00,1.725490196078431349e-01,9.054408475511280807e-01,7.972146272659301758e-01,4.584971653846545259e+00,channels
0.000000000000000000e+00,0.000000000000000000e+00,3.921568627450980338e-02,2.700475940360628768e-01,2.835523188114166260e-01,5.709104264048039390e-01,channels
0.000000000000000000e+00,0.000000000000000000e+00,6.666666666666666297e-01,1.402125666618334421e+01,1.182252311706542969e+01,8.141375379775776366e+01,channels
6.470588235294117974e-01,0.000000000000000000e+00,0.000000000000000000e+00,6.560277491277061301e+01,2.866155052185058594e+01,1.447600712537117529e+00,channels
6.901960784313725394e-01,0.000000000000000000e+00,0.000000000000000000e+00,7.517642302748551231e+01,3.282697677612304688e+01,1.601566184728733910e+00,channels
0.000000000000000000e+00,0.000000000000000000e+00,9.607843137254902244e-01,3.495740029577239483e+01,3.155009651184082031e+01,2.016848825347610727e+02,channels
0.000000000000000000e+00,0.000000000000000000e+00,4.901960784313725283e-01,7.279226095612082226e+00,6.092922210693359375e+00,4.193322632524428428e+01,channels
5.215686274509804266e-01,0.000000000000000000e+00,0.000000000000000000e+00,4.171500468888913815e+01,1.827940750122070312e+01,1.096675966176855699e+00,channels
0.000000000000000000e+00,0.000000000000000000e+00,0.000000000000000000e+00,2.411031270943849725e-01,2.581551373004913330e-01,3.706005578208119711e-01,channels
0.000000000000000000e+00,9.921568627450980671e-01,0.000000000000000000e+00,3.553983652554573069e+01,1.364678802490234375e+02,4.568093901396103007e+01,channels
0.000000000000000000e+00,0.000000000000000000e+00,6.431372549019607199e-01,1.282885581152800825e+01,1.082100105285644531e+01,7.422208392605350014e+01,channels
0.000000000000000000e+00,4.274509803921568429e-01,0.000000000000000000e+00,6.269111282980539102e+00,2.429804801940917969e+01,1.003606390669177628e+01,channels
0.000000000000000000e+00,4.313725490196078649e-01,0.000000000000000000e+00,6.320341345398660771e+00,2.465222740173339844e+01,1.013609481395648082e+01,channels
0.000000000000000000e+00,8.509803921568627194e-01,0.000000000000000000e+00,2.649031835291941306e+01,1.032259292602539062e+02,3.795502507241544521e+01,channels
2.274509803921568596e-01,0.000000000000000000e+00,0.000000000000000000e+00,7.321552115666192684e+00,3.334620952606201172e+00,5.067253205139583550e-01,channels
4.313725490196078649e-01,0.000000000000000000e+00,0.000000000000000000e+00,2.784077837536758082e+01,1.224676609039306641e+01,8.407239206637424633e-01,channels
7.176470588235294157e-01,0.000000000000000000e+00,0.000000000000000000e+00,8.186666626045436601e+01,3.575183105468750000e+01,1.671207553230333653e+00,channels
3.764705882352941124e-01,0.000000000000000000e+00,0.000000000000000000e+00,2.091354323596828380e+01,9.236381530761718750e+00,7.126369366773911418e-01,channels
0.000000000000000000e+00,0.000000000000000000e+00,7.058823529411764053e-01,1.575972573307513613e+01,1.335151481628417969e+01,9.132746197011424272e+01,channels
0.000000000000000000e+00,0.000000000000000000e+00,4.666666666666666741e-01,6.587234615837628482e+00,5.513439178466796875e+00,3.774830964521828491e+01,channels
5.019607843137254832e-01,0.000000000000000000e+00,0.000000000000000000e+00,3.851648800510730553e+01,1.687099266052246094e+01,1.037767936887487030e+00,channels
0.000000000000000000e+00,1.019607843137254888e-01,0.000000000000000000e+00,4.581720620272908828e-01,1.292563915252685547e+00,7.724295881150793353e-01,channels
4.941176470588235503e-01,0.000000000000000000e+00,0.000000000000000000e+00,3.713446611456905799e+01,1.631726837158203125e+01,1.059912481087464498e+00,channels
0.000000000000000000e+00,0.000000000000000000e+00,4.392156862745097978e-01,5.874097735351583083e+00,4.897380828857421875e+00,3.358717311809057549e+01,channels
4.000000000000000222e-01,0.000000000000000000e+00,0.000000000000000000e+00,2.362906219284739961e+01,1.043989086151123047e+01,8.063753100109795069e-01,channels
0.000000000000000000e+00,0.000000000000000000e+00,2.235294117647058654e-01,1.487478841081553815e+00,1.267308712005615234e+00,7.844882196687652076e+00,channels
0.000000000000000000e+00,8.862745098039215286e-01,0.000000000000000000e+00,2.902302353505258736e+01,1.126832885742187500e+02,4.069434643932252982e+01,channels
0.000000000000000000e+00,0.000000000000000000e+00,1.647058823529411742e-01,9.107271734561717125e-01,8.046085238456726074e-01,4.226865244050185488e+00,channels
4.274509803921568429e-01,0.000000000000000000e+00,0.000000000000000000e+00,2.732301510719392468e+01,1.203756237030029297e+01,8.515418430582828435e-01,channels
0.000000000000000000e+00,0.000000000000000000e+00,2.156862745098039325e-01,1.432866631788461964e+00,1.218138694763183594e+00,7.432928334882856980e+00,channels
9.764705882352940902e-01,0.000000000000000000e+00,0.000000000000000000e+00,1.637328895218880120e+02,7.118669891357421875e+01,2.072755791553927640e+00,channels
0.000000000000000000e+00,0.000000000000000000e+00,2.196078431372548989e-01,1.549435595579654157e+00,1.322785615921020508e+00,7.860668977690390413e+00,channels
5.607843137254902022e-01,0.000000000000000000e+00,0.000000000000000000e+00,4.833452982940146114e+01,2.115582275390625000e+01,1.149817437532916875e+00,channels
7.607843137254901578e-01,0.000000000000000000e+00,0.000000000000000000e+00,9.268490963354335577e+01,4.043787002563476562e+01,1.812539147409776730e+00,channels
9.176470588235293713e-01,0.000000000000000000e+00,0.000000000000000000e+00,1.449009714261653983e+02,6.305299758911132812e+01,2.092183987765996012e+00,channels
3.372549019607843368e-01,0.000000000000000000e+00,0.000000000000000000e+00,1.664178302634744355e+01,7.419994831085205078e+00,7.415465773081432177e-01,channels
0.000000000000000000e+00,9.882352941176471006e-01,0.000000000000000000e+00,3.541881323583815089e+01,1.359617156982421875e+02,4.568554946480712431e+01,channels
0.000000000000000000e+00,6.352941176470587870e-01,0.000000000000000000e+00,1.407570553511256151e+01,5.499776077270507812e+01,2.166693742832447711e+01,channels
0.000000000000000000e+00,0.000000000000000000e+00,8.313725490196077761e-01,2.303676874454175305e+01,1.985370063781738281e+01,1.338685158144195952e+02,channels
0.000000000000000000e+00,0.000000000000000000e+00,2.039215686274509776e-01,1.247924594769860729e+00,1.064843297004699707e+00,6.521668750570969841e+00,channels
0.000000000000000000e+00,4.862745098039215619e-01,0.000000000000000000e+00,8.080431943279917206e+00,3.153883743286132812e+01,1.283275144868359519e+01,channels
2.078431372549019440e-01,0.000000000000000000e+00,0.000000000000000000e+00,5.688516444951509321e+00,2.642313480377197266e+00,5.007801110391312260e-01,channels
5.490196078431372473e-02,0.000000000000000000e+00,0.000000000000000000e+00,5.208641682767987113e-01,3.749997019767761230e-01,3.555406017795103013e-01,channels
0.000000000000000000e+00,6.823529411764706065e-01,0.000000000000000000e+00,1.628851328615946059e+01,6.366451644897460938e+01,2.484822704004369953e+01,channels
3.058823529411764941e-01,0.000000000000000000e+00,0.000000000000000000e+00,1.355650830138273477e+01,6.030267715454101562e+00,6.017057588521628197e-01,channels
0.000000000000000000e+00,5.490196078431373028e-01,0.000000000000000000e+00,1.043230740566246695e+01,4.069340896606445312e+01,1.636920308730700668e+01,channels
5.999999999999999778e-01,0.000000000000000000e+00,0.000000000000000000e+00,5.569487300508636451e+01,2.437448310852050781e+01,1.303648890920088510e+00,channels
2.549019607843137081e-01,0.000000000000000000e+00,0.000000000000000000e+00,9.474917817815088128e+00,4.279468059539794922e+00,5.597988253654834212e-01,channels
0.000000000000000000e+00,0.000000000000000000e+00,2.823529411764705843e-01,2.438585403066518165e+00,2.045220851898193359e+00,1.342497917525535911e+01,channels
0.000000000000000000e+00,1.960784313725490169e-02,0.000000000000000000e+00,2.332140814374490390e-01,2.959652841091156006e-01,4.103161744037310266e-01,channels
5.450980392156862253e-01,0.000000000000000000e+00,0.000000000000000000e+00,4.571893401154202508e+01,2.003824615478515625e+01,1.193654523537331480e+00,channels
0.000000000000000000e+00,3.843137254901960453e-01,0.000000000000000000e+00,4.898909471152207651e+00,1.885748672485351562e+01,7.875532346435200282e+00,channels
0.000000000000000000e+00,8.666666666666666963e-01,0.000000000000000000e+00,2.754667266168932116e+01,1.071834640502929688e+02,3.915004296599555289e+01,channels
0.000000000000000000e+00,6.784313725490196401e-01,0.000000000000000000e+00,1.605834601491086033e+01,6.277497863769531250e+01,2.449255995911827455e+01,channels
4.156862745098038880e-01,0.000000000000000000e+00,0.000000000000000000e+00,2.509914800376875732e+01,1.107984161376953125e+01,8.592701616992999281e-01,channels
0.000000000000000000e+00,3.921568627450980338e-03,0.000000000000000000e+00,1.996868137132426224e-01,2.372908741235733032e-01,3.337617250191138862e-01,channels
0.000000000000000000e+00,0.000000000000000000e+00,1.176470588235294101e-01,4.428594550575306044e-01,4.235121905803680420e-01,2.137619276886794317e+00,channels
0.000000000000000000e+00,4.117647058823529216e-01,0.000000000000000000e+00,5.774670402069395969e+00,2.228082084655761719e+01,9.254820111345837930e+00,channels
0.000000000000000000e+00,0.000000000000000000e+00,1.215686274509803905e-01,5.559007102700550540e-01,5.182124972343444824e-01,2.239198479569963762e+00,channels
0.000000000000000000e+00,0.000000000000000000e+00,2.705882352941176294e-01,2.237794744082323373e+00,1.885209441184997559e+00,1.230576403237723859e+01,channels
2.509803921568627416e-01,0.000000000000000000e+00,0.000000000000000000e+00,9.144531516656808634e+00,4.139456748962402344e+00,5.574255051690012452e-01,channels
1.490196078431372528e-01,0.000000000000000000e+00,0.000000000000000000e+00,2.939399739809354539e+00,1.427255034446716309e+00,4.209998436806345334e-01,channels
0.000000000000000000e+00,0.000000000000000000e+00,6.862745098039215730e-01,1.482972370765470771e+01,1.253543853759765625e+01,8.600223632952736352e+01,channels
0.000000000000000000e+00,0.000000000000000000e+00,7.764705882352941346e-01,1.966022796914553084e+01,1.678172302246093750e+01,1.140758545644428494e+02,channels
0.000000000000000000e+00,0.000000000000000000e+00,5.254901960784313930e-01,8.384031669804237197e+00,6.994951248168945312e+00,4.854232613763076642e+01,channels
1.882352941176470562e-01,0.000000000000000000e+00,0.000000000000000000e+00,4.695778425126159838e+00,2.189383268356323242e+00,4.426296765355354768e-01,channels
0.000000000000000000e+00,0.000000000000000000e+00,7.098039215686274828e-01,1.595920421973871761e+01,1.350773811340332031e+01,9.252437040693665438e+01,channels
3.764705882352941124e-01,0.000000000000000000e+00,0.000000000000000000e+00,2.077544341418263585e+01,9.187353134155273438e+00,7.733221111297928774e-01,channels
8.705882352941176627e-01,0.000000000000000000e+00,0.000000000000000000e+00,1.269468638595698877e+02,5.530686950683593750e+01,2.054776688678447538e+00,channels
0.000000000000000000e+00,8.705882352941176627e-01,0.000000000000000000e+00,2.785612562071257159e+01,1.081637420654296875e+02,3.947328936423936341e+01,channels
0.000000000000000000e+00,5.490196078431373028e-01,0.000000000000000000e+00,1.039168903531854760e+01,4.051538467407226562e+01,1.632555868165980684e+01,channels
2.784313725490196179e-01,0.000000000000000000e+00,0.000000000000000000e+00,1.121558433637037844e+01,5.040906906127929688e+00,5.913473017077941485e-01,channels
0.000000000000000000e+00,9.058823529411764719e-01,0.000000000000000000e+00,3.041066870281968093e+01,1.179167404174804688e+02,4.210046508676560251e+01,channels
0.000000000000000000e+00,0.000000000000000000e+00,7.843137254901960675e-03,2.418437682653145904e-01,2.807636260986328125e-01,4.638524349061968755e-01,channels
3.529411764705882304e-02,0.000000000000000000e+00,0.000000000000000000e+00,3.476281547882353884e-01,3.033759891986846924e-01,3.657177786781203310e-01,channels
7.882352941176470340e-01,0.000000000000000000e+00,0.000000000000000000e+00,1.001141941218900371e+02,4.366034698486328125e+01,1.844930775979624515e+00,channels
0.000000000000000000e+00,0.000000000000000000e+00,2.980392156862745057e-01,2.656515290130849749e+00,2.223119735717773438e+00,1.467141088032666829e+01,channels
3.529411764705882304e-02,0.000000000000000000e+00,0.000000000000000000e+00,2.873488874399883763e-01,2.587153911590576172e-01,3.281690720355727731e-01,channels
0.000000000000000000e+00,0.000000000000000000e+00,4.117647058823529216e-01,5.004495630288444019e+00,4.183459758758544922e+00,2.869748479249184570e+01,channels
0.000000000000000000e+00,0.000000000000000000e+00,5.372549019607842924e-01,8.810882984608378266e+00,7.372552871704101562e+00,5.091293153332500765e+01,channels
7.058823529411764608e-02,0.000000000000000000e+00,0.000000000000000000e+00,7.279171931263489492e-01,4.675164520740509033e-01,4.127768428063867123e-01,channels
1.058823529411764691e-01,0.000000000000000000e+00,0.000000000000000000e+00,1.471944176688544381e+00,8.040567040443420410e-01,4.200135352285158663e-01,channels
0.000000000000000000e+00,0.000000000000000000e+00,3.372549019607843368e-01,3.410436377607107161e+00,2.857866764068603516e+00,1.899455004385600176e+01,channels
0.000000000000000000e+00,0.000000000000000000e+00,3.568627450980392246e-01,3.736290936790761297e+00,3.127867698669433594e+00,2.131207750152125868e+01,channels
0.000000000000000000e+00,0.000000000000000000e+00,7.294117647058823151e-01,1.688456032489039416e+01,1.430988502502441406e+01,9.791783029733547039e+01,channels
0.000000000000000000e+00,1.098039215686274495e-01,0.000000000000000000e+00,5.073758051470791397e-01,1.458814978599548340e+00,8.624862901252206004e-01,channels
0.000000000000000000e+00,0.000000000000000000e+00,9.490196078431372140e-01,3.341236779410220237e+01,2.985324478149414062e+01,1.933173330925323512e+02,channels
7.843137254901960675e-02,0.000000000000000000e+00,0.000000000000000000e+00,8.334408165767027699e-01,5.120624303817749023e-01,4.246915634813047125e-01,channels
0.000000000000000000e+00,0.000000000000000000e+00,5.725490196078431016e-01,1.006714368038982066e+01,8.444196701049804688e+00,5.810107717997071575e+01,channels
0.000000000000000000e+00,1.960784313725490169e-01,0.000000000000000000e+00,1.302194302956699135e+00,4.665987968444824219e+00,2.171000760665379836e+00,channels
0.000000000000000000e+00,0.000000000000000000e+00,7.686274509803920907e-01,1.878707987720881789e+01,1.600718498229980469e+01,1.090953259885570361e+02,channels
0.000000000000000000e+00,0.000000000000000000e+00,7.803921568627451011e-01,1.985348576314819979e+01,1.693507385253906250e+01,1.151604895007671274e+02,channels
0.000000000000000000e+00,0.000000000000000000e+00,5.098039215686274439e-02,2.876908252563187274e-01,3.093444406986236572e-01,7.473308504627146354e-01,channels
0.000000000000000000e+00,6.274509803921568540e-01,0.000000000000000000e+00,1.362344749851356696e+01,5.323923492431640625e+01,2.108295470801159865e+01,channels
2.235294117647058654e-01,0.000000000000000000e+00,0.000000000000000000e+00,6.686408759152868697e+00,3.084144592285156250e+00,5.299975648463695066e-01,channels
0.000000000000000000e+00,2.431372549019607809e-01,0.000000000000000000e+00,2.018863158936980984e+00,7.465809345245361328e+00,3.342241594491776269e+00,channels
0.000000000000000000e+00,0.000000000000000000e+00,9.921568627450980671e-01,3.900794886080325341e+01,3.689039230346679688e+01,2.233211461623612308e+02,channels
6.745098039215686736e-01,0.000000000000000000e+00,0.000000000000000000e+00,7.085911703935565242e+01,3.094906234741210938e+01,1.524096024749094447e+00,channels
8.627450980392157298e-01,0.000000000000000000e+00,0.000000000000000000e+00,1.242991085458474743e+02,5.415194702148437500e+01,2.039989452078229792e+00,channels
0.000000000000000000e+00,2.509803921568627416e-01,0.000000000000000000e+00,2.236454047113105137e+00,8.169477462768554688e+00,3.610611479279382419e+00,channels
0.000000000000000000e+00,0.000000000000000000e+00,3.294117647058823484e-01,3.222805186885033368e+00,2.688264608383178711e+00,1.798388671288032370e+01,channels
0.000000000000000000e+00,2.745098039215686236e-02,0.000000000000000000e+00,2.486908544790258357e-01,3.174976706504821777e-01,4.242908016224188894e-01,channels
0.000000000000000000e+00,4.274509803921568429e-01,0.000000000000000000e+00,6.154345438810576496e+00,2.386569786071777344e+01,9.883523206587241816e+00,channels
0.000000000000000000e+00,4.000000000000000222e-01,0.000000000000000000e+00,5.395040554323124127e+00,2.072966957092285156e+01,8.665941840334115298e+00,channels
0.000000000000000000e+00,0.000000000000000000e+00,7.215686274509803821e-01,1.642461836077979598e+01,1.391575527191162109e+01,9.530435498819475981e+01,channels
5.098039215686274161e-01,0.000000000000000000e+00,0.000000000000000000e+00,3.933400374420369161e+01,1.729049110412597656e+01,1.117935082173107997e+00,channels
0.000000000000000000e+00,1.176470588235294101e-01,0.000000000000000000e+00,5.777817651846628433e-01,1.674239635467529297e+00,9.629507652925032302e-01,channels
6.235294117647058876e-01,0.000000000000000000e+00,0.000000000000000000e+00,6.025797677450115231e+01,2.636031532287597656e+01,1.382284156123475327e+00,channels
3.137254901960784270e-02,0.000000000000000000e+00,0.000000000000000000e+00,3.279186950390161615e-01,2.980488240718841553e-01,3.878658601282445328e-01,channels
0.000000000000000000e+00,0.000000000000000000e+00,5.843137254901961120e-01,1.052685838871860469e+01,8.815260887145996094e+00,6.054999124813191003e+01,channels
0.000000000000000000e+00,0.000000000000000000e+00,2.000000000000000111e-01,1.184496195061991219e+00,1.011456966400146484e+00,6.090145569829961580e+00,channels
5.647058823529411686e-01,0.000000000000000000e+00,0.000000000000000000e+00,4.874284689609088872e+01,2.134569931030273438e+01,1.217084789810539025e+00,channels
0.000000000000000000e+00,0.000000000000000000e+00,4.823529411764705954e-01,6.970697355632663239e+00,5.808748722076416016e+00,3.985156461649039272e+01,channels
0.000000000000000000e+00,9.176470588235293713e-01,0.000000000000000000e+00,3.125921450677634894e+01,1.211143493652343750e+02,4.293135929875158041e+01,channels
0.000000000000000000e+00,4.666666666666666741e-01,0.000000000000000000e+00,7.346869455475681931e+00,2.851300621032714844e+01,1.172383210028614009e+01,channels
0.000000000000000000e+00,0.000000000000000000e+00,8.980392156862745390e-01,2.838536150510496370e+01,2.482089042663574219e+01,1.643622111368452181e+02,channels
0.000000000000000000e+00,0.000000000000000000e+00,2.431372549019607809e-01,1.784540527084780503e+00,1.511604666709899902e+00,9.633994411004133340e+00,channels
0.000000000000000000e+00,0.000000000000000000e+00,7.686274509803920907e-01,1.872434568509293840e+01,1.593068218231201172e+01,1.087941286514347468e+02,channels
0.000000000000000000e+00,0.000000000000000000e+00,2.352941176470588203e-02,2.184816793291101400e-01,2.516540288925170898e-01,4.345644942083467521e-01,channels
0.000000000000000000e+00,6.156862745098039547e-01,0.000000000000000000e+00,1.304792718866544377e+01,5.105543518066406250e+01,2.023873626556941474e+01,channels
0.000000000000000000e+00,1.607843137254901800e-01,0.000000000000000000e+00,8.765764984642485658e-01,2.911266565322875977e+00,1.461088165071055656e+00,channels
0.000000000000000000e+00,2.666666666666666630e-01,0.000000000000000000e+00,2.465275566747606728e+00,9.118432044982910156e+00,4.023679167004321044e+00,channels
0.000000000000000000e+00,6.313725490196078205e-01,0.000000000000000000e+00,1.378261675429457611e+01,5.377009963989257812e+01,2.125756785284434969e+01,channels
0.000000000000000000e+00,0.000000000000000000e+00,8.117647058823529438e-01,2.186297658099688590e+01,1.875325775146484375e+01,1.269503594207816377e+02,channels
0.000000000000000000e+00,0.000000000000000000e+00,7.450980392156862919e-01,1.768524439877429089e+01,1.501705074310302734e+01,1.024708295585517845e+02,channels
0.000000000000000000e+00,0.000000000000000000e+00,7.372549019607843590e-01,1.727621867608697315e+01,1.464538478851318359e+01,1.001293625165626935e+02,channels
3.725490196078431460e-01,0.000000000000000000e+00,0.000000000000000000e+00,2.001259004219404503e+01,8.869135856628417969e+00,7.662671402473922866e-01,channels
7.294117647058823151e-01,0.000000000000000000e+00,0.000000000000000000e+00,8.433456160787251576e+01,3.678186416625976562e+01,1.667537268348747936e+00,channels
7.960784313725489669e-01,0.000000000000000000e+00,0.000000000000000000e+00,1.024240519834154384e+02,4.467872619628906250e+01,1.889725829172428373e+00,channels
8.313725490196077761e-01,0.000000000000000000e+00,0.000000000000000000e+00,1.121393897360089511e+02,4.886014175415039062e+01,1.935971673890009903e+00,channels
0.000000000000000000e+00,5.686274509803921351e-01,0.000000000000000000e+00,1.107596661208807731e+01,4.324232101440429688e+01,1.731797195325570371e+01,channels
0.000000000000000000e+00,3.058823529411764941e-01,0.000000000000000000e+00,3.201795424655872413e+00,1.200844097137451172e+01,5.199376539161857380e+00,channels
5.843137254901961120e-01,0.000000000000000000e+00,0.000000000000000000e+00,5.215898583206014649e+01,2.282583427429199219e+01,1.249255805640466566e+00,channels
5.843137254901961120e-01,0.000000000000000000e+00,0.000000000000000000e+00,5.221349005220539397e+01,2.289289474487304688e+01,1.313278949989505895e+00,channels
0.000000000000000000e+00,4.196078431372549100e-01,0.000000000000000000e+00,5.956347519759851217e+00,2.290293502807617188e+01,9.489217928666546342e+00,channels
2.627450980392156965e-01,0.000000000000000000e+00,0.000000000000000000e+00,9.839479508815234254e+00,4.430649280548095703e+00,5.404053965315479546e-01,channels
0.000000000000000000e+00,0.000000000000000000e+00,8.666666666666666963e-01,2.573457278027063566e+01,2.229719352722167969e+01,1.492439319903095623e+02,channels
4.313725490196078649e-01,0.000000000000000000e+00,0.000000000000000000e+00,2.729793858788220007e+01,1.200938892364501953e+01,8.450547238574324105e-01,channels
0.000000000000000000e+00,0.000000000000000000e+00,6.392156862745097534e-01,1.259868080262943835e+01,1.057888126373291016e+01,7.296715215049690073e+01,channels
0.000000000000000000e+00,7.450980392156862919e-01,0.000000000000000000e+00,1.941644840450537046e+01,7.579915618896484375e+01,2.917708580078758374e+01,channels
0.000000000000000000e+00,2.705882352941176294e-01,0.000000000000000000e+00,2.514354535505962218e+00,9.351143836975097656e+00,4.095928743645056436e+00,channels
3.333333333333333148e-01,0.000000000000000000e+00,0.000000000000000000e+00,1.579585435779696923e+01,7.022021293640136719e+00,6.669070285459143266e-01,channels
8.823529411764705621e-01,0.000000000000000000e+00,0.000000000000000000e+00,1.307405205729912439e+02,5.696673202514648438e+01,2.110511710961895382e+00,channels
2.627450980392156965e-01,0.000000000000000000e+00,0.000000000000000000e+00,9.800319560752418724e+00,4.406341552734375000e+00,5.405243721159974646e-01,channels
0.000000000000000000e+00,8.470588235294117530e-01,0.000000000000000000e+00,2.609536899902527196e+01,1.015392913818359375e+02,3.752971162873716082e+01,channels
0.000000000000000000e+00,8.156862745098039102e-01,0.000000000000000000e+00,2.395968332085547559e+01,9.335274505615234375e+01,3.497032337047220096e+01,channels
0.000000000000000000e+00,9.372549019607843146e-01,0.000000000000000000e+00,3.276553113868207845e+01,1.265761260986328125e+02,4.424785870245099773e+01,channels
0.000000000000000000e+00,0.000000000000000000e+00,3.372549019607843368e-01,3.367166994571970662e+00,2.841942071914672852e+00,1.880978817342542442e+01,channels
0.000000000000000000e+00,1.843137254901960898e-01,0.000000000000000000e+00,1.209254211805346868e+00,4.081316947937011719e+00,1.961814275397784968e+00,channels
0.000000000000000000e+00,1.490196078431372528e-01,0.000000000000000000e+00,8.541871268035914344e-01,2.642123222351074219e+00,1.373900629913549221e+00,channels
7.529411764705882248e-01,0.000000000000000000e+00,0.000000000000000000e+00,8.975947456508070843e+01,3.917323303222656250e+01,1.779606901690985898e+00,channels
4.588235294117646856e-01,0.000000000000000000e+00,0.000000000000000000e+00,3.107847003895848914e+01,1.367278480529785156e+01,9.631119507834402516e-01,channels
0.000000000000000000e+00,0.000000000000000000e+00,5.372549019607842924e-01,8.726370509615435367e+00,7.297893524169921875e+00,5.045684646670369489e+01,channels
0.000000000000000000e+00,2.980392156862745057e-01,0.000000000000000000e+00,3.029780145226754318e+00,1.135065174102783203e+01,4.957578745001908871e+00,channels
0.000000000000000000e+00,2.980392156862745057e-01,0.000000000000000000e+00,2.990825241562470982e+00,1.129212284088134766e+01,4.865608839950153808e+00,channels
0.000000000000000000e+00,0.000000000000000000e+00,1.254901960784313708e-01,5.499348929688184784e-01,5.149695277214050293e-01,2.287314129981218969e+00,channels
0.000000000000000000e+00,8.117647058823529438e-01,0.000000000000000000e+00,2.368678530709361851e+01,9.226640319824218750e+01,3.464540020206634097e+01,channels
0.000000000000000000e+00,0.000000000000000000e+00,5.490196078431373028e-01,9.131115872880871009e+00,7.643033504486083984e+00,5.259979628236649063e+01,channels
7.960784313725489669e-01,0.000000000000000000e+00,0.000000000000000000e+00,1.022176526138190695e+02,4.458850479125976562e+01,1.918678150780678493e+00,channels
8.470588235294117530e-01,0.000000000000000000e+00,0.000000000000000000e+00,1.184514542779381969e+02,5.158555221557617188e+01,1.956551463410435288e+00,channels
7.725490196078431682e-01,0.000000000000000000e+00,0.000000000000000000e+00,9.524646879463860216e+01,4.156374740600585938e+01,1.814291085986891483e+00,channels
0.000000000000000000e+00,0.000000000000000000e+00,5.803921568627450345e-01,1.008365634220303342e+01,8.434090614318847656e+00,5.825027253542503303e+01,channels
0.000000000000000000e+00,1.254901960784313708e-01,0.000000000000000000e+00,5.954853364261313287e-01,1.856178045272827148e+00,1.021088150659694493e+00,channels
0.000000000000000000e+00,0.000000000000000000e+00,5.764705882352940680e-01,1.011924236763092644e+01,8.467466354370117188e+00,5.832743088672959431e+01,channels
0.000000000000000000e+00,0.000000000000000000e+00,4.745098039215686070e-01,6.585190673727666422e+00,5.506745815277099609e+00,3.783406726390821717e+01,channels
0.000000000000000000e+00,8.196078431372548767e-01,0.000000000000000000e+00,2.416324541611708554e+01,9.424322509765625000e+01,3.526807365429937846e+01,channels
0.000000000000000000e+00,0.000000000000000000e+00,2.352941176470588203e-02,1.772182520787763393e-01,2.273349165916442871e-01,4.374338255061653302e-01,channels
0.000000000000000000e+00,6.392156862745097534e-01,0.000000000000000000e+00,1.408882311799784048e+01,5.500114822387695312e+01,2.176875627024700321e+01,channels
0.000000000000000000e+00,0.000000000000000000e+00,5.490196078431373028e-01,9.134953108850391246e+00,7.645045757293701172e+00,5.257765223556101830e+01,channels
0.000000000000000000e+00,8.196078431372548767e-01,0.000000000000000000e+00,2.416587339475896812e+01,9.422232818603515625e+01,3.525637433596038051e+01,channels
0.000000000000000000e+00,5.058823529411764497e-01,0.000000000000000000e+00,8.657831907622901113e+00,3.372405624389648438e+01,1.373461049004059653e+01,channels
0.000000000000000000e+00,2.549019607843137081e-01,0.000000000000000000e+00,2.298547093134121866e+00,8.285234451293945312e+00,3.700248585351206376e+00,channels
0.000000000000000000e+00,3.764705882352941124e-01,0.000000000000000000e+00,4.686988415531048169e+00,1.800365066528320312e+01,7.574784428612984399e+00,channels
0.000000000000000000e+00,9.411764705882352811e-01,0.000000000000000000e+00,3.301193479017985055e+01,1.276121597290039062e+02,4.442683767775347548e+01,channels
0.000000000000000000e+00,0.000000000000000000e+00,0.000000000000000000e+00,2.364137221554014345e-01,2.734222412109375000e-01,3.807568253051650808e-01,channels
6.509803921568627638e-01,0.000000000000000000e+00,0.000000000000000000e+00,6.529634024814360771e+01,2.854282760620117188e+01,1.415890844967030215e+00,channels
0.000000000000000000e+00,0.000000000000000000e+00,1.568627450980392135e-01,8.254827837831680837e-01,7.238252758979797363e-01,3.686237362402173812e+00,channels
1.000000000000000000e+00,0.000000000000000000e+00,0.000000000000000000e+00,1.653280814347060073e+02,7.191390991210937500e+01,2.154685039782851419e+00,channels
0.000000000000000000e+00,1.960784313725490169e-01,0.000000000000000000e+00,1.297154673410910508e+00,4.584810256958007812e+00,2.139999215411570788e+00,channels
0.000000000000000000e+00,9.137254901960784048e-01,0.000000000000000000e+00,3.090891401194674870e+01,1.198488082885742188e+02,4.261488291275993134e+01,channels
0.000000000000000000e+00,3.215686274509803599e-01,0.000000000000000000e+00,3.319160574404908637e+00,1.273558235168457031e+01,5.421113878894157523e+00,channels
5.411764705882352589e-01,0.000000000000000000e+00,0.000000000000000000e+00,4.429118468119823859e+01,1.941825866699218750e+01,1.183979313173502579e+00,channels
0.000000000000000000e+00,0.000000000000000000e+00,7.529411764705882248e-01,1.808579213435788802e+01,1.535133266448974609e+01,1.048552682775018923e+02,channels
0.000000000000000000e+00,0.000000000000000000e+00,1.176470588235294101e-02,2.397981550113359173e-01,2.658350169658660889e-01,4.713609877071611720e-01,channels
0.000000000000000000e+00,1.882352941176470562e-01,0.000000000000000000e+00,1.236167915667238715e+00,4.206849098205566406e+00,2.024534116355411584e+00,channels
5.882352941176470507e-02,0.000000000000000000e+00,0.000000000000000000e+00,4.812348746291816859e-01,3.319984376430511475e-01,3.440093053063772444e-01,channels
0.000000000000000000e+00,7.960784313725489669e-01,0.000000000000000000e+00,2.262004952424830861e+01,8.816002655029296875e+01,3.329591557554147130e+01,channels
0.000000000000000000e+00,9.450980392156862475e-01,0.000000000000000000e+00,3.327872788250004987e+01,1.286199035644531250e+02,4.463903992129851872e+01,channels
6.431372549019607199e-01,0.000000000000000000e+00,0.000000000000000000e+00,6.270861127814026759e+01,2.744824409484863281e+01,1.438343301849175360e+00,channels
7.764705882352941346e-01,0.000000000000000000e+00,0.000000000000000000e+00,9.635799578078002980e+01,4.204809951782226562e+01,1.795902885300506124e+00,channels
0.000000000000000000e+00,0.000000000000000000e+00,4.588235294117646856e-01,6.279735372345972344e+00,5.237501144409179688e+00,3.577491631422610396e+01,channels
0.000000000000000000e+00,5.568627450980392357e-01,0.000000000000000000e+00,1.056937506117144565e+01,4.112934875488281250e+01,1.657585748716436314e+01,channels
0.000000000000000000e+00,0.000000000000000000e+00,6.823529411764706065e-01,1.441971432354511506e+01,1.215204429626464844e+01,8.365962215037991712e+01,channels
3.411764705882353033e-01,0.000000000000000000e+00,0.000000000000000000e+00,1.652006344493043599e+01,7.343987464904785156e+00,7.117282226959720237e-01,channels
0.000000000000000000e+00,0.000000000000000000e+00,6.588235294117646967e-01,1.334198517267410722e+01,1.123296546936035156e+01,7.731908008155521372e+01,channels
0.000000000000000000e+00,0.000000000000000000e+00,2.745098039215686514e-01,2.169584348274235186e+00,1.842909216880798340e+00,1.217120112828487066e+01,channels
0.000000000000000000e+00,6.862745098039215730e-01,0.000000000000000000e+00,1.622574117429378404e+01,6.347122955322265625e+01,2.476236958794988752e+01,channels
0.000000000000000000e+00,5.490196078431373028e-01,0.000000000000000000e+00,1.025472551154572898e+01,3.989963531494140625e+01,1.609802848337952241e+01,channels
5.490196078431372473e-02,0.000000000000000000e+00,0.000000000000000000e+00,5.460821889992177880e-01,4.103193879127502441e-01,4.250380726960815148e-01,channels
0.000000000000000000e+00,0.000000000000000000e+00,9.450980392156862475e-01,3.302811257086938923e+01,2.942236328125000000e+01,1.909195388124058468e+02,channels
0.000000000000000000e+00,0.000000000000000000e+00,4.901960784313725283e-01,7.042046150446481079e+00,5.876795291900634766e+00,4.061339612165917856e+01,channels
0.000000000000000000e+00,0.000000000000000000e+00,1.647058823529411742e-01,8.901112345885954236e-01,7.842218279838562012e-01,4.040382840398127229e+00,channels
0.000000000000000000e+00,2.352941176470588203e-02,0.000000000000000000e+00,2.333238844742797358e-01,2.961083650588989258e-01,4.330832345620992396e-01,channels
0.000000000000000000e+00,0.000000000000000000e+00,6.509803921568627638e-01,1.300091689259267547e+01,1.093431949615478516e+01,7.540342531479763011e+01,channels
0.000000000000000000e+00,3.294117647058823484e-01,0.000000000000000000e+00,3.562111688287218136e+00,1.365898513793945312e+01,5.821686619632581383e+00,channels
0.000000000000000000e+00,0.000000000000000000e+00,6.274509803921568540e-01,1.201482055796477155e+01,1.008307075500488281e+01,6.951378820319922625e+01,channels
0.000000000000000000e+00,0.000000000000000000e+00,1.176470588235294101e-02,1.589355039288084526e-01,1.939633488655090332e-01,3.997227580071746056e-01,channels
0.000000000000000000e+00,3.960784313725490002e-01,0.000000000000000000e+00,5.114677906667195906e+00,1.989799499511718750e+01,8.293153745434185709e+00,channels
0.000000000000000000e+00,0.000000000000000000e+00,4.313725490196078649e-01,5.469742614397473446e+00,4.563853740692138672e+00,3.110981347969867983e+01,channels
0.000000000000000000e+00,5.215686274509804266e-01,0.000000000000000000e+00,9.186868776081213994e+00,3.586728668212890625e+01,1.452548295893145713e+01,channels
0.000000000000000000e+00,3.960784313725490002e-01,0.000000000000000000e+00,5.196494839829608026e+00,1.993461608886718750e+01,8.404227495122837510e+00,channels
4.980392156862745168e-01,0.000000000000000000e+00,0.000000000000000000e+00,3.654969853577018313e+01,1.603520584106445312e+01,1.022495994315742118e+00,channels
1.529411764705882470e-01,0.000000000000000000e+00,0.000000000000000000e+00,3.032052316603558673e+00,1.496237277984619141e+00,4.651651071098122925e-01,channels
0.000000000000000000e+00,9.803921568627450844e-02,0.000000000000000000e+00,4.855546878340677441e-01,1.195215821266174316e+00,7.704542907637281779e-01,channels
3.725490196078431460e-01,0.000000000000000000e+00,0.000000000000000000e+00,1.967002172239019941e+01,8.710719108581542969e+00,7.300098691008044538e-01,channels
0.000000000000000000e+00,4.705882352941176405e-02,0.000000000000000000e+00,2.641111214858519185e-01,4.251905083656311035e-01,4.784888567864790665e-01,channels
0.000000000000000000e+00,0.000000000000000000e+00,3.529411764705882304e-02,2.926161539150696211e-01,2.944793105125427246e-01,5.661874708450775895e-01,channels
0.000000000000000000e+00,0.000000000000000000e+00,8.549019607843136859e-01,2.464325726620047874e+01,2.127193069458007812e+01,1.430539085747035131e+02,channels
4.078431372549019551e-01,0.000000000000000000e+00,0.000000000000000000e+00,2.397651494725885257e+01,1.060175037384033203e+01,8.582163060779182118e-01,channels
0.000000000000000000e+00,0.000000000000000000e+00,4.784313725490195734e-01,6.529254002658619882e+00,5.439311504364013672e+00,3.759814585250486374e+01,channels
0.000000000000000000e+00,0.000000000000000000e+00,9.176470588235293713e-01,3.015167070649556535e+01,2.650341415405273438e+01,1.744620484103824367e+02,channels
0.000000000000000000e+00,0.000000000000000000e+00,4.549019607843137192e-01,6.028921823279596914e+00,5.037090301513671875e+00,3.436698885239012924e+01,channels
0.000000000000000000e+00,0.000000000000000000e+00,7.490196078431372584e-01,1.753841784899331557e+01,1.488183593750000000e+01,1.020090381669216413e+02,channels
2.000000000000000111e-01,0.000000000000000000e+00,0.000000000000000000e+00,5.200566688898768497e+00,2.407794475555419922e+00,4.729955706735995413e-01,channels
0.000000000000000000e+00,0.000000000000000000e+00,5.921568627450980449e-01,1.059132501095160528e+01,8.865912437438964844e+00,6.121944175722698134e+01,channels
3.333333333333333148e-01,0.000000000000000000e+00,0.000000000000000000e+00,1.555074410446557387e+01,6.883669376373291016e+00,6.370881360208247024e-01,channels
0.000000000000000000e+00,0.000000000000000000e+00,3.294117647058823484e-01,3.111180430342945336e+00,2.598778486251831055e+00,1.747591352892008842e+01,channels
0.000000000000000000e+00,0.000000000000000000e+00,6.352941176470587870e-01,1.234296771330114773e+01,1.036214256286621094e+01,7.122400466965592614e+01,channels
0.000000000000000000e+00,2.392156862745097867e-01,0.000000000000000000e+00,1.848558260959832777e+00,6.742568492889404297e+00,3.046199713499357475e+00,channels
0.000000000000000000e+00,5.490196078431372473e-02,0.000000000000000000e+00,2.694480092306168473e-01,4.959940314292907715e-01,4.903366070108674535e-01,channels
0.000000000000000000e+00,4.352941176470588314e-01,0.000000000000000000e+00,6.289919291114650868e+00,2.431837844848632812e+01,1.009209003639713131e+01,channels
0.000000000000000000e+00,7.058823529411764053e-01,0.000000000000000000e+00,1.700601391484480374e+01,6.641757965087890625e+01,2.584678701868296713e+01,channels
0.000000000000000000e+00,0.000000000000000000e+00,5.764705882352940680e-01,1.001505791435368309e+01,8.384991645812988281e+00,5.773358916068293922e+01,channels
0.000000000000000000e+00,0.000000000000000000e+00,7.450980392156862919e-01,1.749785660047648506e+01,1.484161472320556641e+01,1.013441184424497550e+02,channels
8.078431372549019773e-01,0.000000000000000000e+00,0.000000000000000000e+00,1.058676656631223381e+02,4.618167114257812500e+01,1.930983997286778386e+00,channels
0.000000000000000000e+00,0.000000000000000000e+00,1.568627450980392135e-01,7.740966514196071513e-01,6.752685308456420898e-01,3.590191382613871607e+00,channels
4.039215686274509887e-01,0.000000000000000000e+00,0.000000000000000000e+00,2.356928030897091375e+01,1.039690589904785156e+01,7.759964285517512161e-01,channels
0.000000000000000000e+00,0.000000000000000000e+00,8.705882352941176627e-01,2.580478501070484398e+01,2.235587120056152344e+01,1.496242873829770872e+02,channels
0.000000000000000000e+00,0.000000000000000000e+00,8.078431372549019773e-01,2.140884839631981507e+01,1.833063316345214844e+01,1.242431874237044411e+02,channels
3.960784313725490002e-01,0.000000000000000000e+00,0.000000000000000000e+00,2.233739056229867614e+01,9.864792823791503906e+00,7.939412024520114963e-01,channels
4.039215686274509887e-01,0.000000000000000000e+00,0.000000000000000000e+00,2.356000039575414107e+01,1.041407966613769531e+01,8.570279246664743722e-01,channels
0.000000000000000000e+00,3.294117647058823484e-01,0.000000000000000000e+00,3.614917935835438634e+00,1.363627147674560547e+01,5.785689846504795675e+00,channels
0.000000000000000000e+00,9.960784313725490335e-01,0.000000000000000000e+00,3.560255127699151956e+01,1.365628967285156250e+02,4.581039883311580496e+01,channels
9.372549019607843146e-01,0.000000000000000000e+00,0.000000000000000000e+00,1.526432537638723659e+02,6.644315338134765625e+01,2.155614883296515849e+00,channels
2.431372549019607809e-01,0.000000000000000000e+00,0.000000000000000000e+00,8.117548890826626007e+00,3.672825574874877930e+00,5.115945947997553311e-01,channels
0.000000000000000000e+00,0.000000000000000000e+00,3.843137254901960453e-01,4.183807931468370711e+00,3.487627506256103516e+00,2.363849344460948387e+01,channels
0.000000000000000000e+00,0.000000000000000000e+00,8.352941176470588536e-01,2.322517432047171582e+01,1.996804428100585938e+01,1.347389596925623607e+02,channels
0.000000000000000000e+00,0.000000000000000000e+00,7.725490196078431682e-01,1.914383648357070555e+01,1.629228401184082031e+01,1.109259435886534817e+02,channels
0.000000000000000000e+00,0.000000000000000000e+00,6.745098039215686736e-01,1.399896988457001079e+01,1.177690887451171875e+01,8.099946561770845221e+01,channels
0.000000000000000000e+00,0.000000000000000000e+00,1.333333333333333315e-01,5.913167257097745599e-01,5.408023595809936523e-01,2.490257975915878053e+00,channels
0.000000000000000000e+00,0.000000000000000000e+00,4.156862745098038880e-01,4.886575700432088887e+00,4.076710700988769531e+00,2.786758135126130398e+01,channels
0.000000000000000000e+00,0.000000000000000000e+00,8.941176470588234615e-01,2.755587403280776826e+01,2.398374938964843750e+01,1.596370620480139166e+02,channels
0.000000000000000000e+00,0.000000000000000000e+00,4.078431372549019551e-01,4.802852782211380678e+00,4.009716510772705078e+00,2.738430645295532884e+01,channels
0.000000000000000000e+00,0.000000000000000000e+00,7.176470588235294157e-01,1.610289916007186051e+01,1.360752582550048828e+01,9.325832333118893303e+01,channels
0.000000000000000000e+00,0.000000000000000000e+00,3.098039215686274606e-01,2.821234462634071072e+00,2.374980688095092773e+00,1.552628975873695261e+01,channels
0.000000000000000000e+00,0.000000000000000000e+00,7.019607843137254388e-01,1.535291885348022234e+01,1.296507453918457031e+01,8.886937220648118796e+01,channels
5.607843137254902022e-01,0.000000000000000000e+00,0.000000000000000000e+00,4.717181695459669299e+01,2.068516921997070312e+01,1.248401569505374509e+00,channels
0.000000000000000000e+00,0.000000000000000000e+00,9.764705882352940902e-01,3.712146959180915218e+01,3.398639297485351562e+01,2.140213524651051387e+02,channels
0.000000000000000000e+00,0.000000000000000000e+00,3.803921568627450789e-01,4.152993352447945874e+00,3.455552101135253906e+00,2.344855204296603901e+01,channels
0.000000000000000000e+00,4.078431372549019551e-01,0.000000000000000000e+00,5.470528353492358775e+00,2.112005805969238281e+01,8.826076188756571739e+00,channels
0.000000000000000000e+00,0.000000000000000000e+00,9.450980392156862475e-01,3.292794582617609933e+01,2.930941200256347656e+01,1.905637563400121053e+02,channels
0.000000000000000000e+00,0.000000000000000000e+00,5.490196078431373028e-01,9.025897392380882067e+00,7.538623809814453125e+00,5.179642720324707028e+01,channels
4.078431372549019551e-01,0.000000000000000000e+00,0.000000000000000000e+00,2.381111192925377296e+01,1.052043914794921875e+01,8.672456874867900956e-01,channels
8.352941176470588536e-01,0.000000000000000000e+00,0.000000000000000000e+00,1.146258928853609120e+02,4.997470092773437500e+01,1.993900004706845142e+00,channels
0.000000000000000000e+00,0.000000000000000000e+00,6.901960784313725394e-01,1.473788250265750932e+01,1.241125869750976562e+01,8.535143919582027650e+01,channels
7.215686274509803821e-01,0.000000000000000000e+00,0.000000000000000000e+00,8.112632304229380509e+01,3.544204711914062500e+01,1.719666784002314097e+00,channels
0.000000000000000000e+00,8.431372549019607865e-01,0.000000000000000000e+00,2.568978551039396407e+01,9.992929840087890625e+01,3.706551763001107958e+01,channels
0.000000000000000000e+00,0.000000000000000000e+00,5.058823529411764497e-01,7.620738716159851656e+00,6.374422073364257812e+00,4.358073664796082625e+01,channels
2.705882352941176294e-01,0.000000000000000000e+00,0.000000000000000000e+00,1.019148253745497534e+01,4.571700096130371094e+00,5.638601837941898953e-01,channels
1.529411764705882470e-01,0.000000000000000000e+00,0.000000000000000000e+00,2.928709104850563794e+00,1.435804128646850586e+00,4.243994719301720231e-01,channels
8.156862745098039102e-01,0.000000000000000000e+00,0.000000000000000000e+00,1.078353960812831360e+02,4.701969146728515625e+01,1.890929444811740856e+00,channels
0.000000000000000000e+00,6.862745098039215730e-01,0.000000000000000000e+00,1.611866655776427137e+01,6.307178878784179688e+01,2.463673394694821184e+01,channels
0.000000000000000000e+00,0.000000000000000000e+00,6.196078431372549211e-01,1.158625011998641163e+01,9.713655471801757812e+00,6.717700939056422271e+01,channels
0.000000000000000000e+00,4.509803921568627527e-01,0.000000000000000000e+00,6.653024088428895588e+00,2.599210739135742188e+01,1.071637700184315811e+01,channels
0.000000000000000000e+00,0.000000000000000000e+00,3.764705882352941124e-01,3.991164605038326929e+00,3.337758302688598633e+00,2.282395455538565798e+01,channels
4.549019607843137192e-01,0.000000000000000000e+00,0.000000000000000000e+00,3.017458169419964875e+01,1.330049133300781250e+01,9.616126478423832058e-01,channels
0.000000000000000000e+00,0.000000000000000000e+00,7.607843137254901578e-01,1.837035658284828443e+01,1.560180759429931641e+01,1.063450075425961359e+02,channels
0.000000000000000000e+00,1.137254901960784298e-01,0.000000000000000000e+00,5.435482303323974085e-01,1.512925505638122559e+00,9.072042557411643671e-01,channels
0.000000000000000000e+00,0.000000000000000000e+00,5.686274509803921351e-01,9.633395555220483075e+00,8.054610252380371094e+00,5.590057802916717833e+01,channels
6.549019607843137303e-01,0.000000000000000000e+00,0.000000000000000000e+00,6.560423366627888697e+01,2.868207168579101562e+01,1.499658775168763336e+00,channels
0.000000000000000000e+00,1.176470588235294101e-01,0.000000000000000000e+00,6.046403992039317554e-01,1.639815092086791992e+00,9.112423998661289826e-01,channels
0.000000000000000000e+00,6.078431372549019107e-01,0.000000000000000000e+00,1.255878103464657158e+01,4.895785903930664062e+01,1.950723897744258650e+01,channels
0.000000000000000000e+00,0.000000000000000000e+00,8.313725490196077761e-01,2.271639674225915684e+01,1.949144363403320312e+01,1.316949182264721969e+02,channels
7.686274509803920907e-01,0.000000000000000000e+00,0.000000000000000000e+00,9.213131496542614229e+01,4.020646667480468750e+01,1.798418928366887659e+00,channels
0.000000000000000000e+00,3.450980392156862697e-01,0.000000000000000000e+00,3.933222071370556350e+00,1.488355541229248047e+01,6.322492601028659287e+00,channels
6.705882352941175961e-01,0.000000000000000000e+00,0.000000000000000000e+00,6.912538852365405262e+01,3.021936798095703125e+01,1.534643515923074020e+00,channels
0.000000000000000000e+00,0.000000000000000000e+00,2.862745098039215508e-01,2.409417722738494305e+00,2.011958599090576172e+00,1.312377842368642789e+01,channels
2.352941176470588203e-02,0.000000000000000000e+00,0.000000000000000000e+00,2.720067893421347360e-01,2.676771581172943115e-01,3.549806203770103918e-01,channels
3.607843137254901911e-01,0.000000000000000000e+00,0.000000000000000000e+00,1.826636460719750232e+01,8.096603393554687500e+00,7.295565897714033632e-01,channels
7.568627450980391913e-01,0.000000000000000000e+00,0.000000000000000000e+00,9.033185622840872497e+01,3.942210769653320312e+01,1.781412324485436738e+00,channels
0.000000000000000000e+00,7.647058823529411242e-01,0.000000000000000000e+00,2.042095099737423070e+01,7.971690368652343750e+01,3.050771505876988599e+01,channels
0.000000000000000000e+00,0.000000000000000000e+00,4.274509803921568429e-01,5.268981650474855449e+00,4.388020992279052734e+00,3.014653158813827361e+01,channels
6.431372549019607199e-01,0.000000000000000000e+00,0.000000000000000000e+00,6.210488267193308332e+01,2.717388916015625000e+01,1.427800492771133856e+00,channels
0.000000000000000000e+00,0.000000000000000000e+00,2.745098039215686514e-01,2.222393269497489054e+00,1.874322891235351562e+00,1.204684826686376198e+01,channels
0.000000000000000000e+00,0.000000000000000000e+00,9.803921568627450567e-01,3.780013749251736499e+01,3.479169464111328125e+01,2.170482462348743695e+02,channels
0.000000000000000000e+00,5.686274509803921351e-01,0.000000000000000000e+00,1.086567229884744101e+01,4.244340133666992188e+01,1.707448855804179999e+01,channels
0.000000000000000000e+00,0.000000000000000000e+00,7.803921568627451011e-01,1.954482211995726004e+01,1.664784812927246094e+01,1.133143374766453633e+02,channels
4.000000000000000222e-01,0.000000000000000000e+00,0.000000000000000000e+00,2.264893002831994906e+01,1.001757907867431641e+01,8.658038875657907418e-01,channels
0.000000000000000000e+00,0.000000000000000000e+00,1.490196078431372528e-01,7.709538774782457304e-01,6.794022917747497559e-01,3.162153553970620035e+00,channels
0.000000000000000000e+00,1.000000000000000000e+00,0.000000000000000000e+00,3.555311969154045215e+01,1.365690612792968750e+02,4.580945280069618519e+01,channels
0.000000000000000000e+00,1.960784313725490169e-01,0.000000000000000000e+00,1.278689027355922603e+00,4.474505424499511719e+00,2.112306799273788283e+00,channels
2.745098039215686236e-02,0.000000000000000000e+00,0.000000000000000000e+00,2.869729178442023132e-01,2.838876545429229736e-01,3.657054119516744972e-01,channels
0.000000000000000000e+00,0.000000000000000000e+00,1.176470588235294101e-02,2.256372594358577455e-01,2.510902285575866699e-01,4.143876754407947449e-01,channels
0.000000000000000000e+00,0.000000000000000000e+00,1.137254901960784298e-01,4.957874942447114130e-01,4.563310444355010986e-01,1.907724858393197165e+00,channels
0.000000000000000000e+00,5.607843137254902022e-01,0.000000000000000000e+00,1.060425267518294845e+01,4.124581146240234375e+01,1.661663226437786989e+01,channels
0.000000000000000000e+00,0.000000000000000000e+00,8.666666666666666963e-01,2.549900847276258631e+01,2.205134963989257812e+01,1.477915856217653072e+02,channels
0.000000000000000000e+00,3.058823529411764941e-01,0.000000000000000000e+00,3.126283227325222125e+00,1.165357494354248047e+01,5.068697347554244281e+00,channels
8.549019607843136859e-01,0.000000000000000000e+00,0.000000000000000000e+00,1.205202903321120687e+02,5.253055953979492188e+01,2.044224591274665492e+00,channels
7.843137254901960675e-01,0.000000000000000000e+00,0.000000000000000000e+00,9.794554167381271270e+01,4.271809005737304688e+01,1.836251754199802466e+00,channels
0.000000000000000000e+00,0.000000000000000000e+00,3.686274509803921795e-01,3.936081593306961501e+00,3.273718833923339844e+00,2.178444600536258235e+01,channels
3.921568627450980338e-03,0.000000000000000000e+00,0.000000000000000000e+00,2.302327590973592686e-01,2.378307282924652100e-01,3.690393889035362140e-01,channels
0.000000000000000000e+00,0.000000000000000000e+00,9.058823529411764719e-01,2.882043637076605691e+01,2.518995666503906250e+01,1.668529803400014657e+02,channels
0.000000000000000000e+00,0.000000000000000000e+00,7.568627450980391913e-01,1.809181710997718540e+01,1.533341312408447266e+01,1.045060452671936844e+02,channels
0.000000000000000000e+00,4.196078431372549100e-01,0.000000000000000000e+00,5.834080678029144096e+00,2.233877754211425781e+01,9.348172859493599773e+00,channels
0.000000000000000000e+00,0.000000000000000000e+00,2.627450980392156965e-01,2.065948199850228484e+00,1.744507670402526855e+00,1.092831396568403335e+01,channels
0.000000000000000000e+00,0.000000000000000000e+00,3.921568627450980338e-01,4.403842213740518652e+00,3.683302402496337891e+00,2.492093473169990858e+01,channels
0.000000000000000000e+00,0.000000000000000000e+00,9.568627450980391469e-01,3.375983929296044295e+01,3.016710853576660156e+01,1.950981735013123455e+02,channels
0.000000000000000000e+00,6.509803921568627638e-01,0.000000000000000000e+00,1.439719089139866171e+01,5.629031753540039062e+01,2.221765371101122355e+01,channels
0.000000000000000000e+00,8.392156862745098200e-01,0.000000000000000000e+00,2.534003177952324393e+01,9.873098754882812500e+01,3.671590782558902788e+01,channels
0.000000000000000000e+00,7.294117647058823151e-01,0.000000000000000000e+00,1.832663006090226432e+01,7.160959625244140625e+01,2.773617318819323785e+01,channels
5.019607843137254832e-01,0.000000000000000000e+00,0.000000000000000000e+00,3.715982456605534878e+01,1.635353660583496094e+01,1.086609057178699489e+00,channels
9.098039215686274384e-01,0.000000000000000000e+00,0.000000000000000000e+00,1.413694923653262663e+02,6.155993270874023438e+01,2.114354608815789405e+00,channels
5.607843137254902022e-01,0.000000000000000000e+00,0.000000000000000000e+00,4.675078984150495387e+01,2.048132705688476562e+01,1.155809143381848703e+00,channels
0.000000000000000000e+00,0.000000000000000000e+00,7.647058823529411242e-01,1.853960272493224437e+01,1.571834564208984375e+01,1.071218390768337656e+02,channels
0.000000000000000000e+00,6.156862745098039547e-01,0.000000000000000000e+00,1.283861975550116341e+01,5.004786300659179688e+01,1.994541578897194611e+01,channels
0.000000000000000000e+00,0.000000000000000000e+00,4.078431372549019551e-01,4.826562442559571231e+00,4.033365726470947266e+00,2.720134391149585085e+01,channels
2.509803921568627416e-01,0.000000000000000000e+00,0.000000000000000000e+00,8.735765581845344130e+00,3.969192743301391602e+00,5.699790025486558553e-01,channels
0.000000000000000000e+00,1.882352941176470562e-01,0.000000000000000000e+00,1.187474341928305810e+00,4.082561492919921875e+00,1.938314205427342563e+00,channels
8.588235294117646523e-01,0.000000000000000000e+00,0.000000000000000000e+00,1.214403422602113949e+02,5.294371414184570312e+01,2.015356002467083130e+00,channels
0.000000000000000000e+00,4.196078431372549100e-01,0.000000000000000000e+00,5.788933515796112594e+00,2.224696159362792969e+01,9.259539462803484611e+00,channels
9.019607843137255054e-01,0.000000000000000000e+00,0.000000000000000000e+00,1.372914632768545289e+02,5.979477310180664062e+01,2.097606693375739351e+00,channels
0.000000000000000000e+00,8.000000000000000444e-01,0.000000000000000000e+00,2.268021798951742340e+01,8.845742034912109375e+01,3.344363699965516190e+01,channels
0.000000000000000000e+00,8.549019607843136859e-01,0.000000000000000000e+00,2.641680382644605984e+01,1.028582992553710938e+02,3.796869898877085348e+01,channels
0.000000000000000000e+00,0.000000000000000000e+00,5.568627450980392357e-01,9.249412724799896068e+00,7.721975326538085938e+00,5.322499800908209266e+01,channels
3.882352941176470673e-01,0.000000000000000000e+00,0.000000000000000000e+00,2.123864028149320404e+01,9.416088104248046875e+00,8.323473242991784593e-01,channels
0.000000000000000000e+00,0.000000000000000000e+00,6.823529411764706065e-01,1.430059359920179496e+01,1.201853370666503906e+01,8.255505058658431494e+01,channels
9.490196078431372140e-01,0.000000000000000000e+00,0.000000000000000000e+00,1.567457561462737772e+02,6.821704864501953125e+01,2.171858408560860543e+00,channels
0.000000000000000000e+00,4.823529411764705954e-01,0.000000000000000000e+00,7.692234962858933933e+00,2.979110145568847656e+01,1.221239563567952047e+01,channels
0.000000000000000000e+00,2.745098039215686236e-02,0.000000000000000000e+00,2.997532257626417951e-01,3.618657886981964111e-01,4.305245538986439691e-01,channels
2.117647058823529382e-01,0.000000000000000000e+00,0.000000000000000000e+00,5.795367570716832617e+00,2.684861660003662109e+00,5.244735768306252321e-01,channels
0.000000000000000000e+00,8.980392156862745390e-01,0.000000000000000000e+00,2.956946906301922340e+01,1.148551406860351562e+02,4.139064242823286577e+01,channels
0.000000000000000000e+00,1.568627450980392135e-02,0.000000000000000000e+00,3.073355757248876219e-01,3.427640795707702637e-01,4.320369419326996474e-01,channels
0.000000000000000000e+00,0.000000000000000000e+00,0.000000000000000000e+00,2.342795010668387579e-01,2.588194310665130615e-01,3.902623071321205117e-01,channels
8.509803921568627194e-01,0.000000000000000000e+00,0.000000000000000000e+00,1.191788649750367455e+02,5.192462158203125000e+01,2.007486711845797078e+00,channels
2.274509803921568596e-01,0.000000000000000000e+00,0.000000000000000000e+00,6.888075152058029893e+00,3.168239831924438477e+00,5.423034174587492151e-01,channels
0.000000000000000000e+00,7.490196078431372584e-01,0.000000000000000000e+00,1.939087526668746264e+01,7.559352874755859375e+01,2.911780129329134681e+01,channels
6.352941176470587870e-01,0.000000000000000000e+00,0.000000000000000000e+00,6.125765832933484489e+01,2.682332611083984375e+01,1.450178578712830291e+00,channels
9.686274509803921573e-01,0.000000000000000000e+00,0.000000000000000000e+00,1.613160437334857988e+02,7.018244171142578125e+01,2.146555715009340393e+00,channels
2.156862745098039325e-01,0.000000000000000000e+00,0.000000000000000000e+00,6.082455101873463832e+00,2.795000553131103516e+00,5.169748401789477921e-01,channels
5.843137254901961120e-01,0.000000000000000000e+00,0.000000000000000000e+00,5.102061342589159665e+01,2.234486389160156250e+01,1.259297432937036110e+00,channels
0.000000000000000000e+00,3.843137254901960453e-01,0.000000000000000000e+00,4.681556786784137003e+00,1.796512031555175781e+01,7.537116096041736490e+00,channels
0.000000000000000000e+00,0.000000000000000000e+00,3.098039215686274606e-01,2.761198091774780927e+00,2.307461977005004883e+00,1.536276934481814216e+01,channels
7.411764705882353255e-01,0.000000000000000000e+00,0.000000000000000000e+00,8.549668498682927975e+01,3.734587860107421875e+01,1.758672899051256788e+00,channels
0.000000000000000000e+00,0.000000000000000000e+00,8.745098039215686292e-01,2.601604331864417219e+01,2.251765823364257812e+01,1.509611716810585165e+02,channels
0.000000000000000000e+00,0.000000000000000000e+00,2.000000000000000111e-01,1.207763284476562893e+00,1.039469003677368164e+00,5.847482872672602916e+00,channels
2.745098039215686236e-02,0.000000000000000000e+00,0.000000000000000000e+00,3.571923607715761229e-01,3.298383653163909912e-01,4.188552745787096354e-01,channels
0.000000000000000000e+00,6.745098039215686736e-01,0.000000000000000000e+00,1.548376667334203738e+01,6.044376754760742188e+01,2.374479554047755059e+01,channels
0.000000000000000000e+00,0.000000000000000000e+00,1.607843137254901800e-01,7.789724143051034444e-01,6.929672956466674805e-01,3.518347074411236175e+00,channels
8.901960784313724950e-01,0.000000000000000000e+00,0.000000000000000000e+00,1.329454237358109197e+02,5.792790603637695312e+01,2.097531869504689173e+00,channels
3.725490196078431460e-01,0.000000000000000000e+00,0.000000000000000000e+00,1.923571797733312749e+01,8.510750770568847656e+00,7.023540176587950157e-01,channels
0.000000000000000000e+00,0.000000000000000000e+00,3.215686274509803599e-01,2.920772524333502762e+00,2.429090261459350586e+00,1.603193334109065304e+01,channels
7.450980392156862919e-01,0.000000000000000000e+00,0.000000000000000000e+00,8.600650935812922171e+01,3.753884506225585938e+01,1.689885112917784982e+00,channels
0.000000000000000000e+00,0.000000000000000000e+00,5.098039215686274161e-01,7.607565328044026742e+00,6.341871738433837891e+00,4.377086233611250776e+01,channels
0.000000000000000000e+00,0.000000000000000000e+00,3.921568627450980338e-01,4.373710894399398974e+00,3.635184288024902344e+00,2.477137144092109367e+01,channels
2.196078431372548989e-01,0.000000000000000000e+00,0.000000000000000000e+00,6.356204897671113407e+00,2.952732563018798828e+00,5.720263488319977663e-01,channels
0.000000000000000000e+00,0.000000000000000000e+00,9.098039215686274384e-01,2.918863083274827019e+01,2.553542900085449219e+01,1.690154432559386066e+02,channels
2.862745098039215508e-01,0.000000000000000000e+00,0.000000000000000000e+00,1.130664155742167587e+01,5.081426143646240234e+00,6.478510889392397054e-01,channels
0.000000000000000000e+00,9.333333333333333481e-01,0.000000000000000000e+00,3.229744618284887991e+01,1.249803695678710938e+02,4.391548096176065741e+01,channels
0.000000000000000000e+00,6.980392156862744724e-01,0.000000000000000000e+00,1.668851746044508744e+01,6.502928924560546875e+01,2.541863274908484271e+01,channels
7.764705882352941346e-01,0.000000000000000000e+00,0.000000000000000000e+00,9.543407423218243935e+01,4.166305160522460938e+01,1.808850960790286289e+00,channels
5.686274509803921351e-01,0.000000000000000000e+00,0.000000000000000000e+00,4.811706663759963476e+01,2.110396575927734375e+01,1.273083732345384078e+00,channels
0.000000000000000000e+00,0.000000000000000000e+00,1.058823529411764691e-01,4.532212194679867689e-01,4.296490550041198730e-01,1.705916044346987182e+00,channels
5.450980392156862253e-01,0.000000000000000000e+00,0.000000000000000000e+00,4.405157927206872870e+01,1.932741165161132812e+01,1.151363711499041154e+00,channels
0.000000000000000000e+00,3.882352941176470673e-01,0.000000000000000000e+00,4.920103187003809886e+00,1.872814750671386719e+01,7.889868476876204184e+00,channels
0.000000000000000000e+00,5.137254901960783826e-01,0.000000000000000000e+00,8.797856732334592422e+00,3.415277862548828125e+01,1.391427720789686262e+01,channels
3.254901960784313819e-01,0.000000000000000000e+00,0.000000000000000000e+00,1.458829602439158002e+01,6.505428791046142578e+00,6.654450014276060976e-01,channels
0.000000000000000000e+00,0.000000000000000000e+00,7.372549019607843590e-01,1.694832711363061861e+01,1.433810806274414062e+01,9.807208518932723962e+01,channels
0.000000000000000000e+00,0.000000000000000000e+00,5.058823529411764497e-01,7.455091345007052617e+00,6.200148105621337891e+00,4.293712581119730487e+01,channels
6.509803921568627638e-01,0.000000000000000000e+00,0.000000000000000000e+00,6.427358218061311845e+01,2.812187957763671875e+01,1.476422289571206692e+00,channels
0.000000000000000000e+00,0.000000000000000000e+00,5.058823529411764497e-01,7.439242663090125163e+00,6.171800613403320312e+00,4.293246901008913596e+01,channels
0.000000000000000000e+00,0.000000000000000000e+00,8.470588235294117530e-01,2.403373116355189865e+01,2.067209815979003906e+01,1.390393689051144861e+02,channels
0.000000000000000000e+00,6.627450980392156632e-01,0.000000000000000000e+00,1.490853691751773447e+01,5.816870498657226562e+01,2.293725606392179017e+01,channels
0.000000000000000000e+00,0.000000000000000000e+00,3.803921568627450789e-01,4.103821367866627767e+00,3.434832096099853516e+00,2.311615056560291492e+01,channels
6.196078431372549211e-01,0.000000000000000000e+00,0.000000000000000000e+00,5.803097672463706402e+01,2.540767860412597656e+01,1.398477401002887754e+00,channels
0.000000000000000000e+00,8.745098039215686292e-01,0.000000000000000000e+00,2.780913375421730294e+01,1.080663909912109375e+02,3.953257339508761703e+01,channels
0.000000000000000000e+00,6.274509803921568540e-01,0.000000000000000000e+00,1.324851498986791754e+01,5.173524856567382812e+01,2.055569701493127610e+01,channels
0.000000000000000000e+00,2.235294117647058654e-01,0.000000000000000000e+00,1.626127307627070806e+00,5.663933277130126953e+00,2.623408448038038632e+00,channels
3.921568627450980338e-02,0.000000000000000000e+00,0.000000000000000000e+00,3.774501336690114228e-01,3.294367790222167969e-01,3.794561224593425708e-01,channels
0.000000000000000000e+00,4.313725490196078649e-01,0.000000000000000000e+00,6.148161188327403437e+00,2.346683883666992188e+01,9.762004564723261169e+00,channels
0.000000000000000000e+00,2.431372549019607809e-01,0.000000000000000000e+00,1.984288346645196821e+00,7.116093635559082031e+00,3.251250880348233618e+00,channels
4.823529411764705954e-01,0.000000000000000000e+00,0.000000000000000000e+00,3.357544481228547539e+01,1.476615238189697266e+01,1.013338480121702245e+00,channels
0.000000000000000000e+00,7.568627450980391913e-01,0.000000000000000000e+00,1.989754091272286374e+01,7.750893402099609375e+01,2.976785744423047930e+01,channels
0.000000000000000000e+00,0.000000000000000000e+00,9.529411764705881804e-01,3.369887728627434598e+01,3.009409523010253906e+01,1.946901770254241626e+02,channels
0.000000000000000000e+00,3.137254901960784270e-01,0.000000000000000000e+00,3.259832644541386770e+00,1.212637615203857422e+01,5.279680182646357522e+00,channels
0.000000000000000000e+00,0.000000000000000000e+00,9.019607843137254777e-02,4.106735059202747951e-01,4.096940159797668457e-01,1.325998427713549033e+00,channels
0.000000000000000000e+00,7.372549019607843590e-01,0.000000000000000000e+00,1.868006319676916149e+01,7.292661285400390625e+01,2.820462088424553215e+01,channels
0.000000000000000000e+00,9.803921568627450567e-01,0.000000000000000000e+00,3.478705056510143834e+01,1.339266967773437500e+02,4.558080036254912670e+01,channels
5.137254901960783826e-01,0.000000000000000000e+00,0.000000000000000000e+00,3.857447700699714943e+01,1.693134880065917969e+01,1.077874070605236989e+00,channels
0.000000000000000000e+00,4.627450980392157076e-01,0.000000000000000000e+00,7.026095556687469212e+00,2.707488059997558594e+01,1.114717934105297736e+01,channels
0.000000000000000000e+00,0.000000000000000000e+00,3.490196078431372362e-01,3.429196394080455512e+00,2.862205743789672852e+00,1.914650542056884674e+01,channels
7.529411764705882248e-01,0.000000000000000000e+00,0.000000000000000000e+00,8.840662493589667292e+01,3.859449005126953125e+01,1.739300756665241421e+00,channels
0.000000000000000000e+00,0.000000000000000000e+00,9.176470588235293713e-01,2.996634427401085787e+01,2.626965332031250000e+01,1.735016731531259779e+02,channels
0.000000000000000000e+00,9.176470588235293713e-01,0.000000000000000000e+00,3.111416767117910354e+01,1.204792022705078125e+02,4.293224985739205124e+01,channels
0.000000000000000000e+00,0.000000000000000000e+00,8.549019607843136859e-01,2.444736156252517745e+01,2.107246589660644531e+01,1.417104241675243088e+02,channels
0.000000000000000000e+00,5.960784313725490113e-01,0.000000000000000000e+00,1.190027710592659815e+01,4.645111083984375000e+01,1.855845835993441995e+01,channels
1.960784313725490169e-01,0.000000000000000000e+00,0.000000000000000000e+00,4.863445514977458473e+00,2.278945922851562500e+00,4.822555537258976233e-01,channels
0.000000000000000000e+00,0.000000000000000000e+00,1.000000000000000000e+00,3.924435198705470640e+01,3.770748901367187500e+01,2.237167038541360284e+02,channels
0.000000000000000000e+00,7.215686274509803821e-01,0.000000000000000000e+00,1.782910998929292035e+01,6.963999938964843750e+01,2.706118259669131731e+01,channels
0.000000000000000000e+00,0.000000000000000000e+00,3.882352941176470673e-01,4.208031887549283034e+00,3.512924194335937500e+00,2.387427051945783063e+01,channels
0.000000000000000000e+00,0.000000000000000000e+00,3.490196078431372362e-01,3.420283066835937635e+00,2.854477882385253906e+00,1.905335464045175797e+01,channels
9.137254901960784048e-01,0.000000000000000000e+00,0.000000000000000000e+00,1.421565792784239477e+02,6.189528274536132812e+01,2.105606562395049508e+00,channels
0.000000000000000000e+00,1.176470588235294101e-01,0.000000000000000000e+00,5.705488534489375763e-01,1.575407981872558594e+00,9.194380846581335920e-01,channels
6.666666666666666297e-01,0.000000000000000000e+00,0.000000000000000000e+00,6.761806112281932712e+01,2.958234977722167969e+01,1.511588564541645363e+00,channels
0.000000000000000000e+00,0.000000000000000000e+00,2.588235294117646745e-01,1.859580946405036128e+00,1.571945905685424805e+00,9.952636225565949957e+00,channels
0.000000000000000000e+00,0.000000000000000000e+00,5.647058823529411686e-01,9.424143201575777340e+00,7.877302169799804688e+00,5.406453618816091478e+01,channels
0.000000000000000000e+00,0.000000000000000000e+00,7.058823529411764053e-01,1.519813890166962800e+01,1.280300426483154297e+01,8.773708622375544053e+01,channels
0.000000000000000000e+00,0.000000000000000000e+00,9.803921568627450844e-02,4.556201220135758234e-01,4.308245182037353516e-01,1.510890642682514828e+00,channels
9.490196078431372140e-01,0.000000000000000000e+00,0.000000000000000000e+00,1.566111760818789662e+02,6.816812896728515625e+01,2.190944276055333262e+00,channels
5.215686274509804266e-01,0.000000000000000000e+00,0.000000000000000000e+00,3.972027625742614276e+01,1.744795227050781250e+01,1.095724669518920225e+00,channels
0.000000000000000000e+00,4.745098039215686070e-01,0.000000000000000000e+00,7.345718071842237684e+00,2.846648025512695312e+01,1.167501312099076749e+01,channels
3.098039215686274606e-01,0.000000000000000000e+00,0.000000000000000000e+00,1.322938143744903350e+01,5.947166919708251953e+00,6.816167953386700340e-01,channels
4.235294117647058765e-01,0.000000000000000000e+00,0.000000000000000000e+00,2.535886110705213881e+01,1.119048500061035156e+01,8.301485185613446394e-01,channels
5.294117647058823595e-01,0.000000000000000000e+00,0.000000000000000000e+00,4.125043954205191454e+01,1.810966110229492188e+01,1.131960747700670789e+00,channels
0.000000000000000000e+00,2.705882352941176294e-01,0.000000000000000000e+00,2.444824751760225734e+00,8.955121040344238281e+00,4.001287171712858637e+00,channels
0.000000000000000000e+00,6.509803921568627638e-01,0.000000000000000000e+00,1.437009443671710862e+01,5.589362335205078125e+01,2.207780129884129749e+01,channels
0.000000000000000000e+00,5.568627450980392357e-01,0.000000000000000000e+00,1.028656647029134064e+01,4.008883285522460938e+01,1.617765801015911720e+01,channels
5.999999999999999778e-01,0.000000000000000000e+00,0.000000000000000000e+00,5.374505334439869841e+01,2.355502319335937500e+01,1.283394847881426548e+00,channels
9.882352941176471006e-01,0.000000000000000000e+00,0.000000000000000000e+00,1.644534864595796364e+02,7.153294372558593750e+01,2.092433248220662456e+00,channels
0.000000000000000000e+00,7.372549019607843590e-01,0.000000000000000000e+00,1.867888460940871909e+01,7.279814910888671875e+01,2.813320084541645016e+01,channels
0.000000000000000000e+00,8.549019607843136859e-01,0.000000000000000000e+00,2.635582962366135007e+01,1.025683212280273438e+02,3.794133932761978656e+01,channels
0.000000000000000000e+00,5.490196078431373028e-01,0.000000000000000000e+00,1.002346373185203987e+01,3.893329620361328125e+01,1.574667010976520665e+01,channels
0.000000000000000000e+00,5.019607843137254832e-01,0.000000000000000000e+00,8.284156799520014047e+00,3.214794540405273438e+01,1.315146160849569057e+01,channels
0.000000000000000000e+00,0.000000000000000000e+00,4.823529411764705954e-01,6.678708115769885545e+00,5.555839538574218750e+00,3.819178213177487180e+01,channels
9.215686274509803377e-01,0.000000000000000000e+00,0.000000000000000000e+00,1.453216036636258934e+02,6.327788162231445312e+01,2.153320255512114034e+00,channels
0.000000000000000000e+00,0.000000000000000000e+00,2.078431372549019440e-01,1.226932135501876076e+00,1.049923419952392578e+00,6.050048912574815141e+00,channels
0.000000000000000000e+00,0.000000000000000000e+00,8.313725490196077761e-01,2.247822228945711132e+01,1.926189422607421875e+01,1.304920626019919041e+02,channels
0.000000000000000000e+00,5.098039215686274161e-01,0.000000000000000000e+00,8.632121917901887542e+00,3.341285705566406250e+01,1.369158973211111352e+01,channels
2.588235294117646745e-01,0.000000000000000000e+00,0.000000000000000000e+00,8.903989412273791260e+00,4.058354377746582031e+00,6.052494397617862454e-01,channels
9.764705882352940902e-01,0.000000000000000000e+00,0.000000000000000000e+00,1.629657257449682106e+02,7.086997985839843750e+01,2.074796095921700889e+00,channels
0.000000000000000000e+00,0.000000000000000000e+00,4.980392156862745168e-01,7.250992173608437952e+00,6.028769016265869141e+00,4.122031000250852628e+01,channels
6.117647058823529882e-01,0.000000000000000000e+00,0.000000000000000000e+00,5.613076228618524510e+01,2.459329032897949219e+01,1.370183455711278864e+00,channels
0.000000000000000000e+00,0.000000000000000000e+00,1.764705882352941013e-01,8.510800395745816704e-01,7.556576728820800781e-01,4.183915611657848643e+00,channels
5.764705882352940680e-01,0.000000000000000000e+00,0.000000000000000000e+00,4.923758576089424821e+01,2.158134460449218750e+01,1.293576933997031997e+00,channels
0.000000000000000000e+00,3.921568627450980338e-02,0.000000000000000000e+00,2.918990902029954815e-01,3.880155682563781738e-01,4.564152528442342316e-01,channels
2.745098039215686236e-02,0.000000000000000000e+00,0.000000000000000000e+00,2.642180671068377618e-01,2.684383392333984375e-01,3.594239394590324488e-01,channels
0.000000000000000000e+00,6.470588235294117974e-01,0.000000000000000000e+00,1.410580956398153241e+01,5.512609481811523438e+01,2.179773396288976528e+01,channels
0.000000000000000000e+00,0.000000000000000000e+00,3.176470588235293935e-01,2.902673089895594138e+00,2.441819667816162109e+00,1.587209040481323719e+01,channels
0.000000000000000000e+00,7.921568627450980005e-01,0.000000000000000000e+00,2.208053464099420182e+01,8.606082916259765625e+01,3.267713957696247462e+01,channels
0.000000000000000000e+00,2.196078431372548989e-01,0.000000000000000000e+00,1.576948500985244195e+00,5.587978839874267578e+00,2.577512402748483922e+00,channels
7.843137254901960675e-02,0.000000000000000000e+00,0.000000000000000000e+00,7.726582214920579839e-01,4.884427487850189209e-01,4.205551636913341107e-01,channels
0.000000000000000000e+00,0.000000000000000000e+00,1.215686274509803905e-01,5.127240015252214622e-01,4.826641380786895752e-01,2.092117083917031994e+00,channels
0.000000000000000000e+00,0.000000000000000000e+00,8.235294117647058432e-01,2.220846208563124335e+01,1.900832176208496094e+01,1.285406056697463555e+02,channels
0.000000000000000000e+00,0.000000000000000000e+00,3.725490196078431460e-01,3.943516727882487416e+00,3.286801815032958984e+00,2.191869007696250549e+01,channels
0.000000000000000000e+00,0.000000000000000000e+00,5.411764705882352589e-01,8.601207118298020760e+00,7.184514522552490234e+00,4.935605440336667726e+01,channels
0.000000000000000000e+00,0.000000000000000000e+00,5.647058823529411686e-01,9.332225126164312101e+00,7.784738540649414062e+00,5.382439844003319962e+01,channels
0.000000000000000000e+00,0.000000000000000000e+00,9.529411764705881804e-01,3.375184867851599080e+01,3.010681724548339844e+01,1.947152718295157570e+02,channels
7.137254901960784492e-01,0.000000000000000000e+00,0.000000000000000000e+00,7.830635210527866263e+01,3.421895599365234375e+01,1.650015323078142693e+00,channels
0.000000000000000000e+00,0.000000000000000000e+00,3.803921568627450789e-01,4.052536167582835525e+00,3.380989074707031250e+00,2.286319319001810868e+01,channels
4.196078431372549100e-01,0.000000000000000000e+00,0.000000000000000000e+00,2.474720338205844783e+01,1.094345474243164062e+01,8.719526669151411724e-01,channels
0.000000000000000000e+00,0.000000000000000000e+00,5.294117647058823595e-01,8.196113731646844869e+00,6.818569183349609375e+00,4.695955326815503383e+01,channels
3.725490196078431460e-01,0.000000000000000000e+00,0.000000000000000000e+00,1.907337518332264636e+01,8.457381248474121094e+00,7.426878282977842360e-01,channels
6.980392156862744724e-01,0.000000000000000000e+00,0.000000000000000000e+00,7.416017390592412539e+01,3.241048049926757812e+01,1.598908927124102597e+00,channels
0.000000000000000000e+00,0.000000000000000000e+00,5.607843137254902022e-01,9.251011379633148124e+00,7.704895496368408203e+00,5.314979113369442132e+01,channels
0.000000000000000000e+00,6.117647058823529882e-01,0.000000000000000000e+00,1.253328553345511587e+01,4.887579345703125000e+01,1.950323167341415243e+01,channels
0.000000000000000000e+00,0.000000000000000000e+00,6.901960784313725394e-01,1.450812352093129931e+01,1.220995521545410156e+01,8.393550003007538862e+01,channels
2.862745098039215508e-01,0.000000000000000000e+00,0.000000000000000000e+00,1.112025524444911717e+01,4.999915599822998047e+00,5.941967350051349239e-01,channels
6.235294117647058876e-01,0.000000000000000000e+00,0.000000000000000000e+00,5.840784428550924190e+01,2.555852127075195312e+01,1.355536362343701118e+00,channels
0.000000000000000000e+00,0.000000000000000000e+00,2.901960784313725172e-01,2.388505537895056374e+00,2.009876489639282227e+00,1.278858984515590791e+01,channels
0.000000000000000000e+00,4.666666666666666741e-01,0.000000000000000000e+00,7.085849822452705560e+00,2.735778617858886719e+01,1.127438944437270507e+01,channels
0.000000000000000000e+00,0.000000000000000000e+00,6.627450980392156632e-01,1.325604916304632219e+01,1.112865447998046875e+01,7.653733478843923876e+01,channels
0.000000000000000000e+00,3.921568627450980338e-01,0.000000000000000000e+00,4.984061121128736005e+00,1.895425605773925781e+01,7.953512035183080364e+00,channels
6.862745098039215730e-01,0.000000000000000000e+00,0.000000000000000000e+00,7.183587718491779128e+01,3.138517379760742188e+01,1.529575465227566600e+00,channels
0.000000000000000000e+00,1.411764705882352922e-01,0.000000000000000000e+00,7.804855308594262908e-01,2.248160600662231445e+00,1.236076441811221782e+00,channels
0.000000000000000000e+00,0.000000000000000000e+00,1.803921568627450955e-01,9.597940665520254822e-01,8.379924297332763672e-01,4.578861094127715248e+00,channels
0.000000000000000000e+00,4.431372549019607643e-01,0.000000000000000000e+00,6.339974332287527048e+00,2.452968597412109375e+01,1.017381004532230904e+01,channels
0.000000000000000000e+00,0.000000000000000000e+00,5.058823529411764497e-01,7.400798841527193694e+00,6.169903278350830078e+00,4.252777850494864254e+01,channels
6.470588235294117974e-01,0.000000000000000000e+00,0.000000000000000000e+00,6.300542706215791355e+01,2.757255744934082031e+01,1.461422910794208718e+00,channels
4.705882352941176405e-01,0.000000000000000000e+00,0.000000000000000000e+00,3.144676675949693845e+01,1.384396743774414062e+01,9.463318821636970135e-01,channels
0.000000000000000000e+00,1.960784313725490169e-02,0.000000000000000000e+00,3.203911925980780229e-01,3.589310050010681152e-01,4.432682303567131443e-01,channels
0.000000000000000000e+00,0.000000000000000000e+00,6.117647058823529882e-01,1.117369618638082684e+01,9.347623825073242188e+00,6.420742548777158731e+01,channels
0.000000000000000000e+00,9.215686274509803377e-01,0.000000000000000000e+00,3.136056895518692045e+01,1.213950729370117188e+02,4.310507357156224373e+01,channels
0.000000000000000000e+00,8.823529411764705621e-01,0.000000000000000000e+00,2.831167414647021729e+01,1.100878067016601562e+02,4.011319218395927777e+01,channels
0.000000000000000000e+00,0.000000000000000000e+00,3.215686274509803599e-01,2.851895151936032935e+00,2.401077985763549805e+00,1.573737383811952739e+01,channels
0.000000000000000000e+00,3.098039215686274606e-01,0.000000000000000000e+00,3.073550128358061517e+00,1.162373352050781250e+01,5.035214138469172873e+00,channels
0.000000000000000000e+00,0.000000000000000000e+00,7.803921568627451011e-01,1.934228703795141868e+01,1.644625091552734375e+01,1.119331688706093644e+02,channels
5.803921568627450345e-01,0.000000000000000000e+00,0.000000000000000000e+00,4.909151685726023828e+01,2.152488899230957031e+01,1.327340091951843215e+00,channels
0.000000000000000000e+00,0.000000000000000000e+00,4.196078431372549100e-01,4.952492869764849814e+00,4.123559474945068359e+00,2.804203082952573212e+01,channels
0.000000000000000000e+00,3.490196078431372362e-01,0.000000000000000000e+00,3.937785089211417677e+00,1.484401226043701172e+01,6.360955027437733555e+00,channels
3.098039215686274606e-01,0.000000000000000000e+00,0.000000000000000000e+00,1.309265808065423897e+01,5.854007244110107422e+00,6.673810516756184530e-01,channels
7.725490196078431682e-01,0.000000000000000000e+00,0.000000000000000000e+00,9.364082573674525634e+01,4.088011169433593750e+01,1.778280977430844567e+00,channels
1.490196078431372528e-01,0.000000000000000000e+00,0.000000000000000000e+00,2.785827153325141303e+00,1.395447611808776855e+00,4.777997553585781043e-01,channels
0.000000000000000000e+00,2.745098039215686514e-01,0.000000000000000000e+00,2.444313194320744564e+00,9.093073844909667969e+00,3.995374703187543730e+00,channels
0.000000000000000000e+00,4.000000000000000222e-01,0.000000000000000000e+00,5.169319834743078879e+00,1.967657852172851562e+01,8.259959633147920144e+00,channels
0.000000000000000000e+00,7.882352941176470340e-01,0.000000000000000000e+00,2.179188060957927675e+01,8.486440277099609375e+01,3.228631328426772740e+01,channels
0.000000000000000000e+00,1.921568627450980227e-01,0.000000000000000000e+00,1.167094096893589006e+00,3.971711874008178711e+00,1.932885113097918994e+00,channels
9.647058823529411908e-01,0.000000000000000000e+00,0.000000000000000000e+00,1.597841483372282312e+02,6.952167510986328125e+01,2.132197224143732139e+00,channels
0.000000000000000000e+00,9.803921568627450844e-02,0.000000000000000000e+00,5.014793881650169149e-01,1.140860676765441895e+00,7.941378310629819692e-01,channels
0.000000000000000000e+00,0.000000000000000000e+00,9.372549019607843146e-01,3.219427761744107386e+01,2.848171806335449219e+01,1.855069696302655302e+02,channels
0.000000000000000000e+00,5.098039215686274161e-01,0.000000000000000000e+00,8.580719217275193600e+00,3.320368957519531250e+01,1.358965591083145874e+01,channels
0.000000000000000000e+00,2.980392156862745057e-01,0.000000000000000000e+00,2.859476874250523881e+00,1.071522903442382812e+01,4.699085473033530747e+00,channels
0.000000000000000000e+00,2.156862745098039325e-01,0.000000000000000000e+00,1.515263875281132933e+00,5.319912433624267578e+00,2.479212106576217600e+00,channels
0.000000000000000000e+00,0.000000000000000000e+00,1.529411764705882470e-01,7.264607859154087466e-01,6.475999355316162109e-01,3.256361257208136184e+00,channels
7.215686274509803821e-01,0.000000000000000000e+00,0.000000000000000000e+00,8.000223519209086476e+01,3.495823287963867188e+01,1.688354728519673165e+00,channels
0.000000000000000000e+00,0.000000000000000000e+00,9.921568627450980671e-01,3.909216358052621842e+01,3.681435394287109375e+01,2.235365947938829834e+02,channels
6.274509803921568540e-01,0.000000000000000000e+00,0.000000000000000000e+00,5.908199810545702491e+01,2.584990119934082031e+01,1.364629557640980373e+00,channels
0.000000000000000000e+00,8.901960784313724950e-01,0.000000000000000000e+00,2.894070823073397491e+01,1.122307205200195312e+02,4.072967114612934836e+01,channels
0.000000000000000000e+00,0.000000000000000000e+00,8.274509803921568096e-01,2.240919585753481158e+01,1.922468566894531250e+01,1.299615900124290704e+02,channels
0.000000000000000000e+00,0.000000000000000000e+00,6.862745098039215730e-01,1.423330764476332710e+01,1.198579406738281250e+01,8.237452917755278747e+01,channels
0.000000000000000000e+00,0.000000000000000000e+00,6.274509803921568540e-01,1.167148498145350644e+01,9.773997306823730469e+00,6.736694876302908597e+01,channels
0.000000000000000000e+00,6.156862745098039547e-01,0.000000000000000000e+00,1.266179328136523807e+01,4.934566879272460938e+01,1.972765894456063762e+01,channels
0.000000000000000000e+00,0.000000000000000000e+00,1.450980392156862586e-01,6.426108999188788751e-01,5.985631346702575684e-01,2.713213305430711930e+00,channels
0.000000000000000000e+00,1.960784313725490169e-01,0.000000000000000000e+00,1.274588956154756536e+00,4.366033077239990234e+00,2.089842759847433395e+00,channels
0.000000000000000000e+00,0.000000000000000000e+00,5.333333333333333259e-01,8.239882172127323656e+00,6.864777565002441406e+00,4.737834230654198819e+01,channels
7.294117647058823151e-01,0.000000000000000000e+00,0.000000000000000000e+00,8.245598460326515067e+01,3.602326583862304688e+01,1.669434348035034876e+00,channels
7.960784313725489669e-01,0.000000000000000000e+00,0.000000000000000000e+00,1.005768362331144345e+02,4.390123748779296875e+01,1.897054648379592479e+00,channels
9.176470588235293713e-01,0.000000000000000000e+00,0.000000000000000000e+00,1.433816297911172910e+02,6.243597793579101562e+01,2.155312758585968602e+00,channels
0.000000000000000000e+00,0.000000000000000000e+00,3.529411764705882026e-01,3.428569638490822857e+00,2.848794937133789062e+00,1.887035368064037044e+01,channels
0.000000000000000000e+00,0.000000000000000000e+00,8.823529411764705621e-01,2.653543890595649657e+01,2.298080635070800781e+01,1.535172066696156890e+02,channels
3.843137254901960453e-01,0.000000000000000000e+00,0.000000000000000000e+00,1.991615485431528754e+01,8.812692642211914062e+00,7.443128859417719179e-01,channels
0.000000000000000000e+00,4.274509803921568429e-01,0.000000000000000000e+00,5.877469279779995226e+00,2.264759826660156250e+01,9.457972803063857015e+00,channels
0.000000000000000000e+00,0.000000000000000000e+00,1.843137254901960898e-01,9.919583175571515810e-01,8.639035820960998535e-01,4.769446349757505033e+00,channels
0.000000000000000000e+00,0.000000000000000000e+00,5.098039215686274161e-01,7.439864283110664722e+00,6.203237056732177734e+00,4.288821335903637078e+01,channels
0.000000000000000000e+00,0.000000000000000000e+00,4.431372549019607643e-01,5.505317462338014778e+00,4.582625865936279297e+00,3.147794357854797198e+01,channels
0.000000000000000000e+00,3.803921568627450789e-01,0.000000000000000000e+00,4.672891562749840411e+00,1.765687561035156250e+01,7.495035883950511568e+00,channels
0.000000000000000000e+00,0.000000000000000000e+00,6.784313725490196401e-01,1.386203739985373673e+01,1.164803600311279297e+01,8.004073175149112274e+01,channels
0.000000000000000000e+00,0.000000000000000000e+00,4.078431372549019551e-01,4.669089942191282816e+00,3.908967971801757812e+00,2.644848407180134231e+01,channels
0.000000000000000000e+00,0.000000000000000000e+00,5.647058823529411686e-01,9.270490754017581381e+00,7.731812477111816406e+00,5.343027644772811868e+01,channels
0.000000000000000000e+00,0.000000000000000000e+00,6.705882352941175961e-01,1.354765260092301205e+01,1.136269283294677734e+01,7.819788849391702001e+01,channels
0.000000000000000000e+00,0.000000000000000000e+00,4.274509803921568429e-01,5.166374891635253874e+00,4.309110164642333984e+00,2.916549440435789720e+01,channels
0.000000000000000000e+00,0.000000000000000000e+00,9.411764705882352811e-01,3.250455751689717232e+01,2.878894233703613281e+01,1.874476736819471228e+02,channels
8.196078431372548767e-01,0.000000000000000000e+00,0.000000000000000000e+00,1.081026556240173022e+02,4.717156600952148438e+01,2.010840710989921121e+00,channels
0.000000000000000000e+00,0.000000000000000000e+00,1.960784313725490169e-02,2.967617898759419282e-01,2.975971400737762451e-01,4.700331642789647435e-01,channels
0.000000000000000000e+00,0.000000000000000000e+00,7.411764705882353255e-01,1.694446987171064123e+01,1.431467342376708984e+01,9.822260526346650522e+01,channels
0.000000000000000000e+00,0.000000000000000000e+00,6.274509803921568540e-01,1.166150802690451194e+01,9.759329795837402344e+00,6.728308723303514682e+01,channels
9.333333333333333481e-01,0.000000000000000000e+00,0.000000000000000000e+00,1.507281894180576387e+02,6.561059570312500000e+01,2.168287168113893326e+00,channels
0.000000000000000000e+00,0.000000000000000000e+00,6.588235294117646967e-01,1.297017426190658185e+01,1.086149692535400391e+01,7.494229358882019199e+01,channels
1.803921568627450955e-01,0.000000000000000000e+00,0.000000000000000000e+00,3.988253031475381238e+00,1.904383063316345215e+00,4.800475422972061423e-01,channels
0.000000000000000000e+00,0.000000000000000000e+00,2.784313725490196179e-01,2.217102658560254014e+00,1.870904088020324707e+00,1.193556465455197113e+01,channels
8.705882352941176627e-01,0.000000000000000000e+00,0.000000000000000000e+00,1.250363925857971310e+02,5.449892807006835938e+01,2.094836607307349219e+00,channels
0.000000000000000000e+00,5.725490196078431016e-01,0.000000000000000000e+00,1.082483185069539822e+01,4.218788909912109375e+01,1.698555410249712949e+01,channels
0.000000000000000000e+00,0.000000000000000000e+00,9.372549019607843146e-01,3.204003873268115399e+01,2.832826042175292969e+01,1.852157758638612393e+02,channels
0.000000000000000000e+00,0.000000000000000000e+00,9.803921568627450567e-01,3.774657114812192304e+01,3.469754791259765625e+01,2.167803604840757998e+02,channels
5.098039215686274161e-01,0.000000000000000000e+00,0.000000000000000000e+00,3.755582710919683365e+01,1.650217247009277344e+01,1.097825798240027240e+00,channels
1.843137254901960898e-01,0.000000000000000000e+00,0.000000000000000000e+00,4.159810812925178070e+00,1.969518423080444336e+00,5.092925005898734092e-01,channels
0.000000000000000000e+00,0.000000000000000000e+00,6.862745098039215730e-01,1.423661933229552012e+01,1.195991325378417969e+01,8.228167256699062193e+01,channels
0.000000000000000000e+00,5.215686274509804266e-01,0.000000000000000000e+00,8.949645812169064740e+00,3.473959732055664062e+01,1.413346195808630590e+01,channels
0.000000000000000000e+00,8.901960784313724950e-01,0.000000000000000000e+00,2.882655764795340758e+01,1.120746154785156250e+02,4.069672337828097142e+01,channels
3.960784313725490002e-01,0.000000000000000000e+00,0.000000000000000000e+00,2.158393534543766279e+01,9.565989494323730469e+00,8.092860663508277819e-01,channels
0.000000000000000000e+00,5.098039215686274439e-02,0.000000000000000000e+00,3.535492415375843245e-01,5.151246190071105957e-01,5.237887840228708791e-01,channels
5.803921568627450345e-01,0.000000000000000000e+00,0.000000000000000000e+00,4.886982028489274654e+01,2.143836021423339844e+01,1.275564786644305837e+00,channels
0.000000000000000000e+00,0.000000000000000000e+00,7.647058823529411242e-01,1.823556262440821385e+01,1.545607376098632812e+01,1.054671294339703991e+02,channels
0.000000000000000000e+00,0.000000000000000000e+00,6.431372549019607199e-01,1.214192619357775271e+01,1.015747165679931641e+01,7.001511779920076606e+01,channels
0.000000000000000000e+00,0.000000000000000000e+00,5.450980392156862253e-01,8.648864816604907801e+00,7.212044239044189453e+00,4.958118567725119163e+01,channels
0.000000000000000000e+00,1.058823529411764691e-01,0.000000000000000000e+00,4.847945386026629722e-01,1.271490812301635742e+00,7.829019953889377881e-01,channels
0.000000000000000000e+00,2.196078431372548989e-01,0.000000000000000000e+00,1.543363031182483303e+00,5.485377788543701172e+00,2.550428387993119550e+00,channels
5.529411764705882693e-01,0.000000000000000000e+00,0.000000000000000000e+00,4.447465045152540597e+01,1.950481796264648438e+01,1.204146589691482028e+00,channels
0.000000000000000000e+00,5.568627450980392357e-01,0.000000000000000000e+00,1.022874422127628513e+01,3.974058532714843750e+01,1.611692103910321094e+01,channels
0.000000000000000000e+00,0.000000000000000000e+00,5.098039215686274439e-02,2.958495415307891840e-01,3.003356158733367920e-01,7.306519226274229561e-01,channels
0.000000000000000000e+00,9.019607843137255054e-01,0.000000000000000000e+00,2.979519104785293138e+01,1.155713958740234375e+02,4.165266896967025190e+01,channels
1.372549019607843257e-01,0.000000000000000000e+00,0.000000000000000000e+00,2.275293172470393976e+00,1.172744631767272949e+00,4.674319149555851705e-01,channels
3.137254901960784270e-01,0.000000000000000000e+00,0.000000000000000000e+00,1.324621481071449836e+01,5.915367603302001953e+00,6.301370174597104024e-01,channels
0.000000000000000000e+00,0.000000000000000000e+00,3.764705882352941124e-01,3.937789434205257066e+00,3.275059700012207031e+00,2.203994383953926928e+01,channels
5.686274509803921351e-01,0.000000000000000000e+00,0.000000000000000000e+00,4.745263539364685812e+01,2.082252693176269531e+01,1.236894297589891778e+00,channels
0.000000000000000000e+00,1.568627450980392135e-02,0.000000000000000000e+00,2.584264144254203588e-01,2.983152568340301514e-01,4.058550687705492765e-01,channels
0.000000000000000000e+00,0.000000000000000000e+00,5.176470588235293491e-01,7.598105084855667712e+00,6.338126659393310547e+00,4.353405771669000757e+01,channels
0.000000000000000000e+00,7.058823529411764053e-01,0.000000000000000000e+00,1.669945383309691422e+01,6.508503723144531250e+01,2.546929234846439272e+01,channels
0.000000000000000000e+00,0.000000000000000000e+00,9.058823529411764719e-01,2.858413447603424018e+01,2.494197845458984375e+01,1.653813896598516351e+02,channels
0.000000000000000000e+00,0.000000000000000000e+00,4.352941176470588314e-01,5.293645542166904860e+00,4.403163909912109375e+00,2.999149164470008699e+01,channels
0.000000000000000000e+00,0.000000000000000000e+00,7.333333333333332815e-01,1.647045717863415248e+01,1.391711044311523438e+01,9.539568555961068341e+01,channels
0.000000000000000000e+00,0.000000000000000000e+00,5.843137254901961120e-01,9.989634993399635121e+00,8.320365905761718750e+00,5.747270398153696647e+01,channels
9.568627450980391469e-01,0.000000000000000000e+00,0.000000000000000000e+00,1.567807886011216283e+02,6.824867248535156250e+01,2.175551055855910576e+00,channels
0.000000000000000000e+00,2.235294117647058654e-01,0.000000000000000000e+00,1.562909138901937611e+00,5.498810768127441406e+00,2.530787985457696898e+00,channels
2.078431372549019440e-01,0.000000000000000000e+00,0.000000000000000000e+00,5.202629221186698238e+00,2.451300382614135742e+00,4.850380478269349371e-01,channels
0.000000000000000000e+00,0.000000000000000000e+00,2.941176470588235392e-01,2.424762649250208568e+00,2.035536289215087891e+00,1.335626170467194562e+01,channels
0.000000000000000000e+00,3.568627450980392246e-01,0.000000000000000000e+00,4.063237766622700420e+00,1.537753582000732422e+01,6.559953447814215188e+00,channels
0.000000000000000000e+00,0.000000000000000000e+00,7.372549019607843590e-01,1.673794054313843915e+01,1.413529300689697266e+01,9.676186540918932621e+01,channels
0.000000000000000000e+00,7.607843137254901578e-01,0.000000000000000000e+00,1.992742068858095550e+01,7.771294403076171875e+01,2.988481452458115939e+01,channels
0.000000000000000000e+00,0.000000000000000000e+00,7.176470588235294157e-01,1.571099728107285287e+01,1.325882816314697266e+01,9.106228564658881908e+01,channels
0.000000000000000000e+00,1.058823529411764691e-01,0.000000000000000000e+00,5.496030445182065183e-01,1.319804906845092773e+00,8.912659838333405471e-01,channels
8.392156862745098200e-01,0.000000000000000000e+00,0.000000000000000000e+00,1.137717926189599780e+02,4.963380432128906250e+01,2.012869437303768549e+00,channels
0.000000000000000000e+00,0.000000000000000000e+00,4.470588235294117307e-01,5.562016050216088914e+00,4.625834465026855469e+00,3.140754641503897915e+01,channels
5.764705882352940680e-01,0.000000000000000000e+00,0.000000000000000000e+00,4.878126767299164612e+01,2.140667724609375000e+01,1.295934883435714724e+00,channels
0.000000000000000000e+00,0.000000000000000000e+00,6.705882352941175961e-01,1.353939288140972330e+01,1.136654090881347656e+01,7.812409535293498664e+01,channels
6.274509803921568540e-01,0.000000000000000000e+00,0.000000000000000000e+00,5.883619739488447919e+01,2.574826240539550781e+01,1.420105377942143976e+00,channels
5.137254901960783826e-01,0.000000000000000000e+00,0.000000000000000000e+00,3.797762151584701229e+01,1.669303321838378906e+01,1.077933947514341018e+00,channels
0.000000000000000000e+00,0.000000000000000000e+00,4.117647058823529216e-01,4.795837669774789980e+00,3.979930877685546875e+00,2.680430083729200064e+01,channels
0.000000000000000000e+00,8.392156862745098200e-01,0.000000000000000000e+00,2.519518146519503432e+01,9.790834045410156250e+01,3.656168054404867007e+01,channels
4.823529411764705954e-01,0.000000000000000000e+00,0.000000000000000000e+00,3.298105491918969534e+01,1.451943492889404297e+01,1.007779056162609432e+00,channels
0.000000000000000000e+00,3.803921568627450789e-01,0.000000000000000000e+00,4.587636310228893954e+00,1.748731613159179688e+01,7.403188618129893150e+00,channels
0.000000000000000000e+00,3.921568627450980338e-01,0.000000000000000000e+00,4.918237663405127691e+00,1.868771171569824219e+01,7.888417445831490404e+00,channels
0.000000000000000000e+00,2.901960784313725172e-01,0.000000000000000000e+00,2.648869697819605129e+00,9.789775848388671875e+00,4.329661719852684776e+00,channels
0.000000000000000000e+00,0.000000000000000000e+00,5.529411764705882693e-01,8.866892129397095701e+00,7.400924205780029297e+00,5.092857097747469197e+01,channels
0.000000000000000000e+00,0.000000000000000000e+00,2.352941176470588203e-01,1.580960927217353040e+00,1.345819115638732910e+00,8.156610957419413666e+00,channels
5.176470588235293491e-01,0.000000000000000000e+00,0.000000000000000000e+00,3.805090335455552975e+01,1.673995018005371094e+01,1.076037342449976952e+00,channels
0.000000000000000000e+00,3.333333333333333148e-01,0.000000000000000000e+00,3.536912423392829741e+00,1.332880973815917969e+01,5.714949449388078584e+00,channels
0.000000000000000000e+00,2.941176470588235392e-01,0.000000000000000000e+00,2.826241229438099634e+00,1.037882041931152344e+01,4.574701645405022887e+00,channels
0.000000000000000000e+00,0.000000000000000000e+00,4.313725490196078649e-01,5.231370953143521518e+00,4.360583305358886719e+00,2.965666919732609230e+01,channels
0.000000000000000000e+00,7.176470588235294157e-01,0.000000000000000000e+00,1.756554521054653506e+01,6.825379180908203125e+01,2.660809726736879810e+01,channels
4.431372549019607643e-01,0.000000000000000000e+00,0.000000000000000000e+00,2.750035293394926228e+01,1.214588832855224609e+01,9.425281872946507100e-01,channels
0.000000000000000000e+00,5.372549019607842924e-01,0.000000000000000000e+00,9.490950291236732284e+00,3.678477859497070312e+01,1.495843323098861966e+01,channels
0.000000000000000000e+00,0.000000000000000000e+00,9.019607843137255054e-01,2.834788130616498592e+01,2.471287918090820312e+01,1.638601133500343394e+02,channels
8.196078431372548767e-01,0.000000000000000000e+00,0.000000000000000000e+00,1.078449883327090930e+02,4.704007720947265625e+01,1.944272694741577601e+00,channels
0.000000000000000000e+00,0.000000000000000000e+00,7.764705882352941346e-01,1.898712975769247180e+01,1.612073135375976562e+01,1.098826629541135702e+02,channels
9.686274509803921573e-01,0.000000000000000000e+00,0.000000000000000000e+00,1.610563831894679083e+02,7.009620666503906250e+01,2.176474446738954516e+00,channels
1.803921568627450955e-01,0.000000000000000000e+00,0.000000000000000000e+00,4.003190690123438422e+00,1.919152975082397461e+00,5.063832287807134014e-01,channels
1.843137254901960898e-01,0.000000000000000000e+00,0.000000000000000000e+00,4.152717509526921091e+00,1.991676330566406250e+00,4.958594907361087989e-01,channels
0.000000000000000000e+00,0.000000000000000000e+00,2.588235294117646745e-01,1.861374194426508977e+00,1.581732273101806641e+00,9.751351843513495155e+00,channels
0.000000000000000000e+00,0.000000000000000000e+00,1.803921568627450955e-01,9.364147837073362179e-01,8.222305178642272949e-01,4.456696136413969889e+00,channels
0.000000000000000000e+00,6.196078431372549211e-01,0.000000000000000000e+00,1.271973001997804786e+01,4.963077545166015625e+01,1.984700834515232870e+01,channels
0.000000000000000000e+00,0.000000000000000000e+00,2.039215686274509776e-01,1.181118355164132216e+00,1.014484167098999023e+00,5.879729578593710926e+00,channels
0.000000000000000000e+00,4.039215686274509887e-01,0.000000000000000000e+00,5.164150306866782891e+00,1.983740234375000000e+01,8.336413577121604135e+00,channels
1.294117647058823373e-01,0.000000000000000000e+00,0.000000000000000000e+00,1.888411205481903332e+00,9.829324483871459961e-01,4.416377163652127624e-01,channels
0.000000000000000000e+00,0.000000000000000000e+00,8.470588235294117530e-01,2.373959250790387898e+01,2.039526939392089844e+01,1.375429076735351828e+02,channels
7.843137254901960675e-03,0.000000000000000000e+00,0.000000000000000000e+00,2.606539532427465389e-01,2.677216529846191406e-01,4.103334917475217614e-01,channels
1.372549019607843257e-01,0.000000000000000000e+00,0.000000000000000000e+00,2.199234996114399543e+00,1.116791605949401855e+00,4.540247896535223315e-01,channels
0.000000000000000000e+00,3.529411764705882026e-01,0.000000000000000000e+00,3.885684735136093693e+00,1.462805271148681641e+01,6.302618305237801088e+00,channels
0.000000000000000000e+00,3.921568627450980338e-02,0.000000000000000000e+00,2.573418073646568938e-01,3.608849644660949707e-01,4.400063803019357844e-01,channels
0.000000000000000000e+00,0.000000000000000000e+00,2.078431372549019440e-01,1.201611558911179323e+00,1.036583065986633301e+00,5.910128374453496924e+00,channels
0.000000000000000000e+00,0.000000000000000000e+00,8.117647058823529438e-01,2.126428317858118788e+01,1.814934539794921875e+01,1.231636671276546195e+02,channels
0.000000000000000000e+00,0.000000000000000000e+00,1.960784313725490169e-01,1.076323664791201562e+00,9.343833327293395996e-01,5.260021750793971940e+00,channels
0.000000000000000000e+00,0.000000000000000000e+00,7.921568627450980005e-01,1.993303202571336286e+01,1.696538352966308594e+01,1.155095438158023597e+02,channels
5.764705882352940680e-01,0.000000000000000000e+00,0.000000000000000000e+00,4.864025713853702371e+01,2.133041954040527344e+01,1.288927655235555525e+00,channels
3.215686274509803599e-01,0.000000000000000000e+00,0.000000000000000000e+00,1.354143620272554926e+01,6.072698116302490234e+00,7.045956019031324180e-01,channels
7.882352941176470340e-01,0.000000000000000000e+00,0.000000000000000000e+00,9.754296523355043291e+01,4.257435989379882812e+01,1.880809937419013700e+00,channels
0.000000000000000000e+00,0.000000000000000000e+00,3.098039215686274606e-01,2.739977600233620691e+00,2.292246341705322266e+00,1.484094181504266174e+01,channels
8.235294117647058432e-01,0.000000000000000000e+00,0.000000000000000000e+00,1.091234893727428243e+02,4.757490539550781250e+01,1.928377307178387845e+00,channels
0.000000000000000000e+00,0.000000000000000000e+00,7.294117647058823151e-01,1.628177914336932730e+01,1.373856163024902344e+01,9.389310924526476754e+01,channels
0.000000000000000000e+00,1.137254901960784298e-01,0.000000000000000000e+00,5.362881884951730127e-01,1.441627144813537598e+00,8.581450311292716515e-01,channels
0.000000000000000000e+00,1.215686274509803905e-01,0.000000000000000000e+00,6.321578393724123224e-01,1.674038887023925781e+00,1.006571894760163399e+00,channels
3.019607843137254721e-01,0.000000000000000000e+00,0.000000000000000000e+00,1.201497304417055645e+01,5.377108573913574219e+00,5.990945941247241002e-01,channels
5.450980392156862253e-01,0.000000000000000000e+00,0.000000000000000000e+00,4.320812897266318231e+01,1.896590995788574219e+01,1.195168583854745670e+00,channels
7.647058823529411242e-01,0.000000000000000000e+00,0.000000000000000000e+00,9.073615695314462926e+01,3.962817382812500000e+01,1.827844325877345577e+00,channels
6.352941176470587870e-01,0.000000000000000000e+00,0.000000000000000000e+00,6.011429362330614623e+01,2.633213806152343750e+01,1.446401839629924302e+00,channels
0.000000000000000000e+00,8.745098039215686292e-01,0.000000000000000000e+00,2.768552573693389718e+01,1.074421615600585938e+02,3.943240958850032030e+01,channels
0.000000000000000000e+00,0.000000000000000000e+00,4.980392156862745168e-01,7.121285692774010911e+00,5.944068431854248047e+00,4.045459928117688264e+01,channels
0.000000000000000000e+00,2.313725490196078538e-01,0.000000000000000000e+00,1.724719036757467849e+00,6.134168624877929688e+00,2.803895485877995419e+00,channels
2.313725490196078538e-01,0.000000000000000000e+00,0.000000000000000000e+00,6.837717936006985298e+00,3.157232522964477539e+00,5.487621621257073867e-01,channels
0.000000000000000000e+00,9.686274509803921573e-01,0.000000000000000000e+00,3.428089891598626338e+01,1.320529022216796875e+02,4.534946853883170803e+01,channels
0.000000000000000000e+00,9.843137254901960231e-01,0.000000000000000000e+00,3.508916513150659711e+01,1.347571105957031250e+02,4.574324571317313115e+01,channels
7.607843137254901578e-01,0.000000000000000000e+00,0.000000000000000000e+00,8.967565127676999737e+01,3.919540786743164062e+01,1.813620930239694617e+00,channels
0.000000000000000000e+00,2.392156862745097867e-01,0.000000000000000000e+00,1.773768313689086273e+00,6.350397109985351562e+00,2.909721150622346375e+00,channels
8.823529411764705621e-01,0.000000000000000000e+00,0.000000000000000000e+00,1.290278397085829738e+02,5.624918746948242188e+01,2.124455583746269305e+00,channels
4.549019607843137192e-01,0.000000000000000000e+00,0.000000000000000000e+00,2.908777854368182503e+01,1.283921051025390625e+01,9.533069031501744117e-01,channels
0.000000000000000000e+00,0.000000000000000000e+00,4.313725490196078649e-01,5.287552851209384563e+00,4.399391651153564453e+00,2.959269147358351404e+01,channels
9.294117647058823817e-01,0.000000000000000000e+00,0.000000000000000000e+00,1.488292899595913639e+02,6.480148315429687500e+01,2.190700615792290584e+00,channels
0.000000000000000000e+00,0.000000000000000000e+00,6.196078431372549211e-01,1.130966327304112617e+01,9.456041336059570312e+00,6.503698282884172954e+01,channels
0.000000000000000000e+00,0.000000000000000000e+00,5.999999999999999778e-01,1.051079743918747411e+01,8.783712387084960938e+00,6.056121298921350160e+01,channels
0.000000000000000000e+00,0.000000000000000000e+00,2.627450980392156965e-01,1.947469358169117148e+00,1.648910164833068848e+00,1.041189240509838676e+01,channels
6.039215686274509443e-01,0.000000000000000000e+00,0.000000000000000000e+00,5.369195133250147478e+01,2.351607704162597656e+01,1.315003991366776148e+00,channels
0.000000000000000000e+00,5.686274509803921351e-01,0.000000000000000000e+00,1.061397591823231146e+01,4.128758621215820312e+01,1.666185155957103348e+01,channels
0.000000000000000000e+00,0.000000000000000000e+00,6.509803921568627638e-01,1.253243450398587377e+01,1.050538730621337891e+01,7.254495518077698080e+01,channels
5.098039215686274161e-01,0.000000000000000000e+00,0.000000000000000000e+00,3.725778412473680845e+01,1.638698196411132812e+01,1.090941658145286874e+00,channels
8.235294117647058709e-02,0.000000000000000000e+00,0.000000000000000000e+00,8.441867380217173977e-01,5.302094221115112305e-01,4.277528194995400268e-01,channels
0.000000000000000000e+00,2.509803921568627416e-01,0.000000000000000000e+00,2.076365933240416517e+00,7.487929821014404297e+00,3.389497872014196389e+00,channels
5.372549019607842924e-01,0.000000000000000000e+00,0.000000000000000000e+00,4.184612322346310975e+01,1.838324356079101562e+01,1.146309618580278800e+00,channels
0.000000000000000000e+00,0.000000000000000000e+00,9.294117647058823817e-01,3.117643938762837053e+01,2.745615386962890625e+01,1.800290033463168413e+02,channels
3.137254901960784270e-02,0.000000000000000000e+00,0.000000000000000000e+00,2.256615869941824282e-01,2.146670967340469360e-01,3.414357951292774085e-01,channels
0.000000000000000000e+00,5.607843137254902022e-01,0.000000000000000000e+00,1.029211556297707375e+01,4.003192901611328125e+01,1.621048114132833717e+01,channels
0.000000000000000000e+00,9.019607843137254777e-02,0.000000000000000000e+00,4.379933861560422748e-01,9.766767024993896484e-01,7.038864204378842970e-01,channels
0.000000000000000000e+00,0.000000000000000000e+00,6.980392156862744724e-01,1.461707271947899756e+01,1.229881954193115234e+01,8.455259191352151049e+01,channels
8.470588235294117530e-01,0.000000000000000000e+00,0.000000000000000000e+00,1.166305035862734485e+02,5.087859344482421875e+01,2.056577646589425878e+00,channels
0.000000000000000000e+00,2.078431372549019440e-01,0.000000000000000000e+00,1.436170186532247595e+00,4.720351219177246094e+00,2.261420974892823121e+00,channels
9.254901960784314152e-01,0.000000000000000000e+00,0.000000000000000000e+00,1.468961689199134639e+02,6.398156356811523438e+01,2.149712172951575795e+00,channels
9.450980392156862475e-01,0.000000000000000000e+00,0.000000000000000000e+00,1.548447645156994099e+02,6.740711975097656250e+01,2.155119494197334618e+00,channels
0.000000000000000000e+00,7.803921568627451011e-01,0.000000000000000000e+00,2.109352452572648673e+01,8.218638610839843750e+01,3.141213334972561455e+01,channels
6.588235294117646967e-01,0.000000000000000000e+00,0.000000000000000000e+00,6.491644963039409788e+01,2.841900253295898438e+01,1.480897934582089848e+00,channels
9.450980392156862475e-01,0.000000000000000000e+00,0.000000000000000000e+00,1.548499828578709412e+02,6.740000915527343750e+01,2.150327128645590502e+00,channels
0.000000000000000000e+00,0.000000000000000000e+00,8.431372549019607865e-01,2.344851445375645582e+01,2.010470008850097656e+01,1.354118752209255092e+02,channels
0.000000000000000000e+00,0.000000000000000000e+00,9.764705882352940902e-01,3.706972361221953349e+01,3.384931945800781250e+01,2.132997077977849756e+02,channels
3.568627450980392246e-01,0.000000000000000000e+00,0.000000000000000000e+00,1.703455907962052152e+01,7.590785980224609375e+00,7.387544708227793411e-01,channels
7.490196078431372584e-01,0.000000000000000000e+00,0.000000000000000000e+00,8.662157760668368667e+01,3.782138824462890625e+01,1.715300206569642771e+00,channels
0.000000000000000000e+00,0.000000000000000000e+00,2.117647058823529382e-01,1.272325705977879640e+00,1.095235943794250488e+00,6.307655510860345593e+00,channels
0.000000000000000000e+00,0.000000000000000000e+00,5.333333333333333259e-01,8.148207042086934138e+00,6.772074222564697266e+00,4.673862789932367434e+01,channels
0.000000000000000000e+00,9.607843137254902244e-01,0.000000000000000000e+00,3.406295511531298104e+01,1.311652069091796875e+02,4.526090588967135631e+01,channels
0.000000000000000000e+00,0.000000000000000000e+00,5.843137254901961120e-01,9.977439416368866887e+00,8.340438842773437500e+00,5.714262461145625593e+01,channels
0.000000000000000000e+00,0.000000000000000000e+00,8.039215686274510109e-01,2.061213932035837360e+01,1.756509017944335938e+01,1.195676114925198732e+02,channels
0.000000000000000000e+00,6.823529411764706065e-01,0.000000000000000000e+00,1.561462617562650124e+01,6.083521652221679688e+01,2.396627310354945806e+01,channels
0.000000000000000000e+00,4.039215686274509887e-01,0.000000000000000000e+00,5.172314970088026875e+00,1.974125862121582031e+01,8.317218237656433644e+00,channels
0.000000000000000000e+00,1.019607843137254888e-01,0.000000000000000000e+00,4.240654586562377926e-01,1.139419078826904297e+00,7.320336417974919740e-01,channels
8.549019607843136859e-01,0.000000000000000000e+00,0.000000000000000000e+00,1.192925765737065547e+02,5.201371002197265625e+01,2.047390403530743974e+00,channels
7.372549019607843590e-01,0.000000000000000000e+00,0.000000000000000000e+00,8.298018708462656434e+01,3.624795532226562500e+01,1.672054060472512038e+00,channels
5.019607843137254832e-01,0.000000000000000000e+00,0.000000000000000000e+00,3.600129577181642304e+01,1.585476398468017578e+01,1.077486850905457816e+00,channels
0.000000000000000000e+00,0.000000000000000000e+00,6.352941176470587870e-01,1.194084609532399810e+01,9.996890068054199219e+00,6.866259181178503468e+01,channels
0.000000000000000000e+00,6.862745098039215730e-01,0.000000000000000000e+00,1.580792044563057530e+01,6.159978103637695312e+01,2.418999821089097324e+01,channels
3.921568627450980338e-03,0.000000000000000000e+00,0.000000000000000000e+00,2.978932885467849290e-01,3.243297934532165527e-01,4.369641663716591351e-01,channels
0.000000000000000000e+00,6.705882352941175961e-01,0.000000000000000000e+00,1.492031021762213605e+01,5.844535827636718750e+01,2.303116285286521858e+01,channels
0.000000000000000000e+00,0.000000000000000000e+00,2.666666666666666630e-01,2.037150694421115737e+00,1.730589509010314941e+00,1.080839806028360073e+01,channels
0.000000000000000000e+00,0.000000000000000000e+00,9.411764705882352811e-02,4.228051479108792532e-01,4.201593697071075439e-01,1.382846487021287318e+00,channels
4.313725490196078372e-02,0.000000000000000000e+00,0.000000000000000000e+00,3.783971007509499551e-01,3.242870569229125977e-01,4.004445306095792967e-01,channels
0.000000000000000000e+00,0.000000000000000000e+00,8.784313725490195957e-01,2.610227029585652403e+01,2.258477592468261719e+01,1.511365839954615922e+02,channels
0.000000000000000000e+00,0.000000000000000000e+00,6.941176470588235059e-01,1.453054725547857906e+01,1.220092868804931641e+01,8.380911528946698752e+01,channels
0.000000000000000000e+00,0.000000000000000000e+00,5.137254901960783826e-01,7.499396971390924982e+00,6.241737842559814453e+00,4.290724113432844433e+01,channels
0.000000000000000000e+00,6.901960784313725394e-01,0.000000000000000000e+00,1.598075398388726143e+01,6.232212448120117188e+01,2.443281948485837063e+01,channels
0.000000000000000000e+00,6.588235294117646967e-01,0.000000000000000000e+00,1.444614740282299081e+01,5.634605789184570312e+01,2.228862969064197586e+01,channels
6.235294117647058876e-01,0.000000000000000000e+00,0.000000000000000000e+00,5.767533252760794937e+01,2.526195526123046875e+01,1.378860605495308089e+00,channels
0.000000000000000000e+00,0.000000000000000000e+00,5.529411764705882693e-01,8.870387853963451974e+00,7.392645835876464844e+00,5.053600666786354623e+01,channels
0.000000000000000000e+00,0.000000000000000000e+00,9.882352941176471006e-01,3.865908591010859396e+01,3.599914169311523438e+01,2.216123452355341215e+02,channels
3.921568627450980338e-01,0.000000000000000000e+00,0.000000000000000000e+00,2.089018455361674853e+01,9.259737968444824219e+00,8.711299035300943405e-01,channels
0.000000000000000000e+00,0.000000000000000000e+00,8.078431372549019773e-01,2.097172666522845574e+01,1.788976478576660156e+01,1.212998265187602271e+02,channels
0.000000000000000000e+00,0.000000000000000000e+00,7.137254901960784492e-01,1.533648223675713851e+01,1.292212295532226562e+01,8.874843124058551780e+01,channels
0.000000000000000000e+00,2.784313725490196179e-01,0.000000000000000000e+00,2.504437598436489942e+00,9.188495635986328125e+00,4.093073035644751556e+00,channels
0.000000000000000000e+00,0.000000000000000000e+00,6.156862745098039547e-01,1.106965854022408990e+01,9.254291534423828125e+00,6.393140383969637242e+01,channels
0.000000000000000000e+00,0.000000000000000000e+00,7.333333333333332815e-01,1.634380237541783387e+01,1.378815937042236328e+01,9.466819168706942378e+01,channels
0.000000000000000000e+00,0.000000000000000000e+00,5.019607843137254832e-01,7.132147358966808959e+00,5.938168525695800781e+00,4.068869089025762520e+01,channels
0.000000000000000000e+00,0.000000000000000000e+00,1.215686274509803905e-01,5.309123910010704606e-01,4.908655583858489990e-01,2.002084929249636325e+00,channels
0.000000000000000000e+00,5.137254901960783826e-01,0.000000000000000000e+00,8.545725678773067102e+00,3.323215484619140625e+01,1.357682889864835118e+01,channels
2.901960784313725172e-01,0.000000000000000000e+00,0.000000000000000000e+00,1.089044250974378691e+01,4.923779487609863281e+00,6.548867528403583549e-01,channels
0.000000000000000000e+00,1.176470588235294101e-01,0.000000000000000000e+00,6.389808128468866810e-01,1.595983743667602539e+00,1.003873489632380434e+00,channels
0.000000000000000000e+00,0.000000000000000000e+00,8.235294117647058709e-02,3.968105190258038872e-01,3.918239474296569824e-01,1.196447631979618675e+00,channels
5.568627450980392357e-01,0.000000000000000000e+00,0.000000000000000000e+00,4.473163641232981291e+01,1.963799667358398438e+01,1.188504854815819689e+00,channels
5.411764705882352589e-01,0.000000000000000000e+00,0.000000000000000000e+00,4.233064421685017464e+01,1.857808303833007812e+01,1.157590171869967710e+00,channels
2.196078431372548989e-01,0.000000000000000000e+00,0.000000000000000000e+00,6.029101629969646936e+00,2.787244319915771484e+00,4.630457507083378110e-01,channels
0.000000000000000000e+00,5.882352941176470784e-01,0.000000000000000000e+00,1.138206857330203015e+01,4.421731948852539062e+01,1.780431555025804968e+01,channels
2.078431372549019440e-01,0.000000000000000000e+00,0.000000000000000000e+00,5.098630889914234743e+00,2.374278068542480469e+00,5.049769880158033741e-01,channels
3.450980392156862697e-01,0.000000000000000000e+00,0.000000000000000000e+00,1.599048297350545589e+01,7.140860080718994141e+00,7.280146194056908993e-01,channels
0.000000000000000000e+00,4.274509803921568429e-01,0.000000000000000000e+00,5.850064459631109770e+00,2.231070327758789062e+01,9.323349869370870735e+00,channels
8.156862745098039102e-01,0.000000000000000000e+00,0.000000000000000000e+00,1.061743483037657541e+02,4.634785079956054688e+01,1.933222652344302572e+00,channels
6.313725490196078205e-01,0.000000000000000000e+00,0.000000000000000000e+00,5.921333789059440278e+01,2.593267631530761719e+01,1.389973826827769932e+00,channels
0.000000000000000000e+00,0.000000000000000000e+00,1.843137254901960898e-01,9.978903144689834637e-01,8.721448183059692383e-01,4.695654069058636360e+00,channels
4.941176470588235503e-01,0.000000000000000000e+00,0.000000000000000000e+00,3.453411374637299502e+01,1.520504379272460938e+01,1.013761146168244309e+00,channels
0.000000000000000000e+00,7.098039215686274828e-01,0.000000000000000000e+00,1.696410404679605932e+01,6.614862823486328125e+01,2.582664354830179576e+01,channels
0.000000000000000000e+00,5.607843137254902022e-01,0.000000000000000000e+00,1.030006321606517616e+01,3.991288375854492188e+01,1.614118665340717840e+01,channels
0.000000000000000000e+00,4.588235294117646856e-01,0.000000000000000000e+00,6.715954881431311030e+00,2.581519508361816406e+01,1.069807766379291891e+01,channels
0.000000000000000000e+00,9.411764705882352811e-01,0.000000000000000000e+00,3.286523969554128399e+01,1.267734680175781250e+02,4.441746538406369638e+01,channels
1.568627450980392135e-02,0.000000000000000000e+00,0.000000000000000000e+00,2.999923746031264438e-01,3.239117562770843506e-01,4.232589252509103561e-01,channels
0.000000000000000000e+00,0.000000000000000000e+00,9.019607843137255054e-01,2.817440476917767356e+01,2.455319786071777344e+01,1.631996245795968150e+02,channels
0.000000000000000000e+00,7.450980392156862919e-01,0.000000000000000000e+00,1.885472059393148925e+01,7.345722198486328125e+01,2.846133082690799654e+01,channels
0.000000000000000000e+00,4.745098039215686070e-01,0.000000000000000000e+00,7.168549613629989992e+00,2.769860458374023438e+01,1.142932287847231621e+01,channels
5.411764705882352589e-01,0.000000000000000000e+00,0.000000000000000000e+00,4.233133164582077512e+01,1.859539985656738281e+01,1.160540010555423551e+00,channels
0.000000000000000000e+00,5.372549019607842924e-01,0.000000000000000000e+00,9.392295550563735773e+00,3.643441009521484375e+01,1.482477159225467744e+01,channels
0.000000000000000000e+00,0.000000000000000000e+00,2.000000000000000111e-01,1.128851766994019012e+00,9.794448018074035645e-01,5.520149274738755274e+00,channels
1.411764705882352922e-01,0.000000000000000000e+00,0.000000000000000000e+00,2.390996424224392403e+00,1.209464907646179199e+00,4.564699904433208721e-01,channels
0.000000000000000000e+00,2.666666666666666630e-01,0.000000000000000000e+00,2.326812781604452596e+00,8.412239074707031250e+00,3.728134034492356808e+00,channels
0.000000000000000000e+00,0.000000000000000000e+00,4.823529411764705954e-01,6.518039928837359831e+00,5.427252769470214844e+00,3.710871931627434606e+01,channels
0.000000000000000000e+00,3.921568627450980338e-02,0.000000000000000000e+00,2.645191067518785633e-01,3.624437749385833740e-01,4.047131378382325395e-01,channels
0.000000000000000000e+00,0.000000000000000000e+00,1.490196078431372528e-01,6.964811586747337024e-01,6.281220316886901855e-01,2.941230695689956764e+00,channels
0.000000000000000000e+00,3.176470588235293935e-01,0.000000000000000000e+00,3.134246639183458694e+00,1.190320301055908203e+01,5.165361670806030148e+00,channels
6.352941176470587870e-01,0.000000000000000000e+00,0.000000000000000000e+00,5.981750080357426214e+01,2.618450546264648438e+01,1.458099724405778064e+00,channels
0.000000000000000000e+00,8.705882352941176627e-01,0.000000000000000000e+00,2.730256168127388250e+01,1.061011734008789062e+02,3.900051249090957839e+01,channels
0.000000000000000000e+00,8.470588235294117530e-01,0.000000000000000000e+00,2.559152726294614055e+01,9.962940979003906250e+01,3.702977992063046031e+01,channels
0.000000000000000000e+00,1.490196078431372528e-01,0.000000000000000000e+00,8.272653151533276850e-01,2.429720878601074219e+00,1.303830699592127829e+00,channels
0.000000000000000000e+00,0.000000000000000000e+00,8.941176470588234615e-01,2.709554365222886929e+01,2.350034332275390625e+01,1.568446275930157014e+02,channels
9.254901960784314152e-01,0.000000000000000000e+00,0.000000000000000000e+00,1.466816126277560954e+02,6.388587188720703125e+01,2.147727810855631247e+00,channels
0.000000000000000000e+00,7.058823529411764053e-01,0.000000000000000000e+00,1.656492700355545367e+01,6.451971435546875000e+01,2.529723048066981406e+01,channels
0.000000000000000000e+00,0.000000000000000000e+00,2.509803921568627416e-01,1.823955899745527631e+00,1.548517227172851562e+00,9.517958633792158452e+00,channels
0.000000000000000000e+00,0.000000000000000000e+00,3.372549019607843368e-01,3.156277892701079058e+00,2.636484384536743164e+00,1.729217727681281858e+01,channels
1.960784313725490169e-01,0.000000000000000000e+00,0.000000000000000000e+00,4.699003352765461550e+00,2.222131967544555664e+00,4.911341794711809317e-01,channels
8.352941176470588536e-01,0.000000000000000000e+00,0.000000000000000000e+00,1.128785587324899069e+02,4.922823715209960938e+01,1.977687941199914867e+00,channels
8.901960784313724950e-01,0.000000000000000000e+00,0.000000000000000000e+00,1.319645571353110824e+02,5.750854110717773438e+01,2.098577486356462352e+00,channels
0.000000000000000000e+00,0.000000000000000000e+00,3.529411764705882026e-01,3.347972897508587842e+00,2.788697957992553711e+00,1.840025393726006797e+01,channels
0.000000000000000000e+00,2.901960784313725172e-01,0.000000000000000000e+00,2.655600314124778372e+00,9.698467254638671875e+00,4.289897164459253176e+00,channels
7.843137254901960675e-01,0.000000000000000000e+00,0.000000000000000000e+00,9.630973543256622804e+01,4.203946685791015625e+01,1.852028819495490364e+00,channels
0.000000000000000000e+00,0.000000000000000000e+00,3.058823529411764941e-01,2.619811208741872566e+00,2.189414978027343750e+00,1.419651935583514479e+01,channels
7.137254901960784492e-01,0.000000000000000000e+00,0.000000000000000000e+00,7.726219633394907760e+01,3.375902175903320312e+01,1.622295475573289902e+00,channels
0.000000000000000000e+00,0.000000000000000000e+00,1.254901960784313708e-01,5.501593106169224701e-01,4.924807846546173096e-01,2.091694592929747465e+00,channels
0.000000000000000000e+00,0.000000000000000000e+00,3.176470588235293935e-01,2.820129522254040566e+00,2.368175506591796875e+00,1.527135800618193251e+01,channels
0.000000000000000000e+00,6.431372549019607199e-01,0.000000000000000000e+00,1.353528181816515641e+01,5.276603698730468750e+01,2.096774059873829188e+01,channels
0.000000000000000000e+00,8.117647058823529438e-01,0.000000000000000000e+00,2.312434775318734737e+01,9.009765625000000000e+01,3.403901640426016684e+01,channels
8.745098039215686292e-01,0.000000000000000000e+00,0.000000000000000000e+00,1.260997377695375832e+02,5.497467041015625000e+01,2.091930924973123940e+00,channels
0.000000000000000000e+00,0.000000000000000000e+00,5.882352941176470784e-01,1.000653182445151046e+01,8.345046043395996094e+00,5.751905015061879567e+01,channels
0.000000000000000000e+00,6.274509803921568540e-02,0.000000000000000000e+00,3.992974343323371644e-01,6.373912692070007324e-01,5.797828233218115246e-01,channels
0.000000000000000000e+00,0.000000000000000000e+00,3.882352941176470673e-01,4.124988594629712679e+00,3.431340217590332031e+00,2.308875215279254434e+01,channels
3.137254901960784270e-02,0.000000000000000000e+00,0.000000000000000000e+00,3.386703824508217608e-01,3.149756789207458496e-01,4.305303201087318787e-01,channels
0.000000000000000000e+00,7.647058823529411242e-01,0.000000000000000000e+00,2.003160858606557326e+01,7.810918426513671875e+01,3.000509022329445585e+01,channels
0.000000000000000000e+00,0.000000000000000000e+00,4.941176470588235503e-01,6.842464577733467834e+00,5.705338478088378906e+00,3.913971219884743391e+01,channels
0.000000000000000000e+00,8.549019607843136859e-01,0.000000000000000000e+00,2.611195931396166259e+01,1.016252059936523438e+02,3.767631473411510967e+01,channels
0.000000000000000000e+00,0.000000000000000000e+00,9.254901960784314152e-01,3.063469781374654843e+01,2.692789077758789062e+01,1.770646036864181099e+02,channels
5.999999999999999778e-01,0.000000000000000000e+00,0.000000000000000000e+00,5.264829326354775674e+01,2.308561515808105469e+01,1.344457358180662032e+00,channels
0.000000000000000000e+00,9.058823529411764719e-01,0.000000000000000000e+00,3.005215453548135685e+01,1.162927169799804688e+02,4.192613162134601623e+01,channels
0.000000000000000000e+00,0.000000000000000000e+00,8.235294117647058709e-02,3.471358809707713045e-01,3.696654736995697021e-01,1.076361060856261931e+00,channels
0.000000000000000000e+00,8.980392156862745390e-01,0.000000000000000000e+00,2.938279052123598234e+01,1.140170135498046875e+02,4.126578626593341426e+01,channels
0.000000000000000000e+00,0.000000000000000000e+00,5.647058823529411686e-01,9.198071901141883444e+00,7.675064086914062500e+00,5.260872033345751930e+01,channels
5.647058823529411686e-01,0.000000000000000000e+00,0.000000000000000000e+00,4.623288017972654984e+01,2.030351448059082031e+01,1.219396711171889969e+00,channels
0.000000000000000000e+00,0.000000000000000000e+00,4.235294117647058765e-01,4.990508787995089790e+00,4.148681640625000000e+00,2.797447145822478021e+01,channels
0.000000000000000000e+00,4.549019607843137192e-01,0.000000000000000000e+00,6.570920221777275749e+00,2.531412696838378906e+01,1.051825489137197778e+01,channels
0.000000000000000000e+00,7.764705882352941346e-01,0.000000000000000000e+00,2.077590581447499574e+01,8.095208740234375000e+01,3.100467472855306283e+01,channels
0.000000000000000000e+00,5.098039215686274439e-02,0.000000000000000000e+00,3.282997944840747029e-01,4.738578796386718750e-01,4.933181829407642383e-01,channels
5.058823529411764497e-01,0.000000000000000000e+00,0.000000000000000000e+00,3.640294651661641723e+01,1.602059173583984375e+01,1.059514744195136693e+00,channels
0.000000000000000000e+00,0.000000000000000000e+00,3.254901960784313819e-01,2.911356449384335132e+00,2.428785324096679688e+00,1.610553134718415080e+01,channels
3.921568627450980338e-01,0.000000000000000000e+00,0.000000000000000000e+00,2.076289254461683953e+01,9.200176239013671875e+00,8.206544684164078785e-01,channels
0.000000000000000000e+00,8.823529411764705621e-01,0.000000000000000000e+00,2.812963865092159921e+01,1.093579711914062500e+02,3.993806017875564152e+01,channels
7.803921568627451011e-01,0.000000000000000000e+00,0.000000000000000000e+00,9.520139193837120217e+01,4.157408142089843750e+01,1.793477223775103768e+00,channels
9.921568627450980671e-01,0.000000000000000000e+00,0.000000000000000000e+00,1.640681687905355943e+02,7.135836791992187500e+01,2.131052605198272332e+00,channels
0.000000000000000000e+00,0.000000000000000000e+00,5.019607843137254832e-01,7.200927147672799400e+00,5.982944011688232422e+00,4.066332863818318799e+01,channels
0.000000000000000000e+00,0.000000000000000000e+00,6.313725490196078205e-01,1.168416169925732540e+01,9.780029296875000000e+00,6.725965370086296957e+01,channels
5.725490196078431016e-01,0.000000000000000000e+00,0.000000000000000000e+00,4.747338810239666174e+01,2.083135414123535156e+01,1.283618497414106940e+00,channels
0.000000000000000000e+00,7.843137254901960675e-02,0.000000000000000000e+00,3.699270200397545283e-01,7.458229660987854004e-01,5.990830309155944500e-01,channels
3.529411764705882304e-02,0.000000000000000000e+00,0.000000000000000000e+00,3.561296036706065316e-01,3.294179141521453857e-01,4.143581982697447930e-01,channels
4.392156862745097978e-01,0.000000000000000000e+00,0.000000000000000000e+00,2.660762550821637262e+01,1.175651931762695312e+01,9.113209391386837277e-01,channels
2.588235294117646745e-01,0.000000000000000000e+00,0.000000000000000000e+00,8.566155610501924755e+00,3.911428451538085938e+00,6.028115935935219882e-01,channels
0.000000000000000000e+00,4.705882352941176405e-02,0.000000000000000000e+00,2.703050708545004510e-01,4.056676030158996582e-01,4.586092657839710984e-01,channels
0.000000000000000000e+00,0.000000000000000000e+00,5.490196078431373028e-01,8.668056318678186045e+00,7.203659534454345703e+00,4.956985835281395225e+01,channels
0.000000000000000000e+00,0.000000000000000000e+00,1.882352941176470562e-01,1.059913233598640758e+00,9.291012883186340332e-01,4.854414337010977576e+00,channels
0.000000000000000000e+00,0.000000000000000000e+00,4.666666666666666741e-01,5.990154993882059742e+00,4.983187675476074219e+00,3.430497004713024722e+01,channels
0.000000000000000000e+00,0.000000000000000000e+00,2.274509803921568596e-01,1.461835600457330742e+00,1.243062257766723633e+00,7.364438075916458715e+00,channels
3.607843137254901911e-01,0.000000000000000000e+00,0.000000000000000000e+00,1.738318570295196963e+01,7.742600917816162109e+00,7.259780703637782606e-01,channels
0.000000000000000000e+00,5.333333333333333259e-01,0.000000000000000000e+00,9.202610620902015981e+00,3.574203109741210938e+01,1.455792130494891268e+01,channels
0.000000000000000000e+00,1.137254901960784298e-01,0.000000000000000000e+00,5.752097908076536648e-01,1.450553894042968750e+00,9.286394263206757538e-01,channels
4.705882352941176405e-02,0.000000000000000000e+00,0.000000000000000000e+00,4.410948552901326480e-01,3.596895635128021240e-01,4.363554472714087362e-01,channels
6.549019607843137303e-01,0.000000000000000000e+00,0.000000000000000000e+00,6.365936490314376073e+01,2.788140106201171875e+01,1.476294867589422966e+00,channels
0.000000000000000000e+00,0.000000000000000000e+00,2.627450980392156965e-01,1.954969200537157281e+00,1.645531892776489258e+00,1.028499345190656378e+01,channels
7.686274509803920907e-01,0.000000000000000000e+00,0.000000000000000000e+00,9.016328260358288560e+01,3.936282730102539062e+01,1.772016677660142259e+00,channels
0.000000000000000000e+00,0.000000000000000000e+00,3.137254901960784270e-02,3.716589605969989885e-01,3.542251586914062500e-01,5.726373403910651749e-01,channels
5.098039215686274439e-02,0.000000000000000000e+00,0.000000000000000000e+00,4.478656285694504469e-01,3.539483845233917236e-01,3.851250309087644874e-01,channels
0.000000000000000000e+00,0.000000000000000000e+00,8.235294117647058432e-01,2.188715764626766003e+01,1.868490982055664062e+01,1.266164048341195496e+02,channels
0.000000000000000000e+00,5.647058823529411686e-01,0.000000000000000000e+00,1.039011562744153494e+01,4.033531570434570312e+01,1.632163665698095656e+01,channels
0.000000000000000000e+00,8.235294117647058432e-01,0.000000000000000000e+00,2.388423720370987979e+01,9.311573028564453125e+01,3.500312429146697468e+01,channels
0.000000000000000000e+00,0.000000000000000000e+00,9.686274509803921573e-01,3.569070566079484053e+01,3.220541381835937500e+01,2.056722457227450889e+02,channels
0.000000000000000000e+00,0.000000000000000000e+00,9.411764705882352811e-01,3.226205597691078708e+01,2.854052352905273438e+01,1.864116602725594589e+02,channels
0.000000000000000000e+00,8.313725490196077761e-01,0.000000000000000000e+00,2.417517958514108045e+01,9.416127777099609375e+01,3.536973297591485732e+01,channels
0.000000000000000000e+00,0.000000000000000000e+00,5.568627450980392357e-01,8.914291645188702873e+00,7.440256118774414062e+00,5.100276580629108736e+01,channels
0.000000000000000000e+00,1.529411764705882470e-01,0.000000000000000000e+00,7.894619864884715454e-01,2.469701766967773438e+00,1.342350830839329712e+00,channels
9.019607843137254777e-02,0.000000000000000000e+00,0.000000000000000000e+00,9.676734759928337093e-01,5.980610251426696777e-01,4.290853049153790510e-01,channels
0.000000000000000000e+00,7.803921568627451011e-01,0.000000000000000000e+00,2.099606265507892644e+01,8.183865356445312500e+01,3.134680572524987596e+01,channels
0.000000000000000000e+00,9.490196078431372140e-01,0.000000000000000000e+00,3.330430356472241726e+01,1.287663574218750000e+02,4.478029023396567965e+01,channels
0.000000000000000000e+00,7.215686274509803821e-01,0.000000000000000000e+00,1.749698703397957189e+01,6.829804992675781250e+01,2.657827763735421556e+01,channels
0.000000000000000000e+00,5.803921568627450345e-01,0.000000000000000000e+00,1.078304062277391573e+01,4.199030685424804688e+01,1.693543567762302615e+01,channels
0.000000000000000000e+00,0.000000000000000000e+00,9.490196078431372140e-01,3.300915612756062245e+01,2.929945755004882812e+01,1.904889571041447596e+02,channels
6.745098039215686736e-01,0.000000000000000000e+00,0.000000000000000000e+00,6.780693763311202815e+01,2.968455696105957031e+01,1.581270016211870022e+00,channels
9.921568627450980671e-01,0.000000000000000000e+00,0.000000000000000000e+00,1.640792514088117855e+02,7.139924621582031250e+01,2.150674244410457181e+00,channels
7.019607843137254388e-01,0.000000000000000000e+00,0.000000000000000000e+00,7.377389347595330094e+01,3.223699951171875000e+01,1.551788240058563639e+00,channels
4.000000000000000222e-01,0.000000000000000000e+00,0.000000000000000000e+00,2.151541833916109425e+01,9.547602653503417969e+00,8.552432258927015196e-01,channels
0.000000000000000000e+00,0.000000000000000000e+00,7.411764705882353255e-01,1.679145327396627252e+01,1.416915512084960938e+01,9.692079255325728582e+01,channels
5.960784313725490113e-01,0.000000000000000000e+00,0.000000000000000000e+00,5.175083531624493816e+01,2.269331359863281250e+01,1.320832569268104217e+00,channels
0.000000000000000000e+00,0.000000000000000000e+00,9.529411764705881804e-01,3.353940595857955032e+01,2.984303283691406250e+01,1.935731502455970201e+02,channels
0.000000000000000000e+00,2.470588235294117752e-01,0.000000000000000000e+00,1.959195276273489883e+00,7.038274288177490234e+00,3.211969315432569694e+00,channels
0.000000000000000000e+00,0.000000000000000000e+00,2.000000000000000111e-01,1.142785784643269631e+00,9.833475947380065918e-01,5.505210024329985963e+00,channels
0.000000000000000000e+00,8.588235294117646523e-01,0.000000000000000000e+00,2.640436274986792142e+01,1.025657653808593750e+02,3.799151800510311006e+01,channels
5.215686274509804266e-01,0.000000000000000000e+00,0.000000000000000000e+00,3.865696248949282676e+01,1.700815200805664062e+01,1.119956621240022709e+00,channels
0.000000000000000000e+00,8.627450980392156743e-02,0.000000000000000000e+00,4.663337232312357861e-01,9.225468039512634277e-01,6.716780140031651802e-01,channels
0.000000000000000000e+00,1.098039215686274495e-01,0.000000000000000000e+00,5.587862088015606021e-01,1.361445426940917969e+00,9.032685740304944311e-01,channels
7.803921568627451011e-01,0.000000000000000000e+00,0.000000000000000000e+00,9.515166637404313121e+01,4.155798339843750000e+01,1.867823026642061013e+00,channels
7.333333333333332815e-01,0.000000000000000000e+00,0.000000000000000000e+00,8.143282181488358162e+01,3.559834289550781250e+01,1.713573437399644739e+00,channels
8.862745098039215286e-01,0.000000000000000000e+00,0.000000000000000000e+00,1.301772933250827577e+02,5.674702072143554688e+01,2.135502127652540771e+00,channels
0.000000000000000000e+00,3.725490196078431460e-01,0.000000000000000000e+00,4.366845767249811772e+00,1.644398880004882812e+01,7.004358430577949157e+00,channels
1.058823529411764691e-01,0.000000000000000000e+00,0.000000000000000000e+00,1.321874216882179986e+00,7.326535582542419434e-01,4.370903016256610374e-01,channels
6.666666666666666574e-02,0.000000000000000000e+00,0.000000000000000000e+00,5.992245764558813415e-01,4.324189722537994385e-01,3.892636944581836511e-01,channels
3.686274509803921795e-01,0.000000000000000000e+00,0.000000000000000000e+00,1.801014144243696080e+01,8.014069557189941406e+00,7.690996090205068914e-01,channels
6.666666666666666297e-01,0.000000000000000000e+00,0.000000000000000000e+00,6.615311571664467749e+01,2.895327568054199219e+01,1.525189225386371250e+00,channels
0.000000000000000000e+00,0.000000000000000000e+00,7.450980392156862919e-01,1.687809067034239163e+01,1.424596405029296875e+01,9.779373300734867769e+01,channels
0.000000000000000000e+00,2.235294117647058654e-01,0.000000000000000000e+00,1.556435380655609046e+00,5.365607738494873047e+00,2.514151843080612014e+00,channels
0.000000000000000000e+00,0.000000000000000000e+00,5.098039215686274161e-01,7.341217624749466708e+00,6.110282897949218750e+00,4.193076139540851699e+01,channels
6.313725490196078205e-01,0.000000000000000000e+00,0.000000000000000000e+00,5.894334468550884765e+01,2.581521224975585938e+01,1.423822242822933015e+00,channels
3.137254901960784270e-01,0.000000000000000000e+00,0.000000000000000000e+00,1.296517331303957654e+01,5.823082923889160156e+00,6.802896799973987552e-01,channels
0.000000000000000000e+00,5.137254901960783826e-01,0.000000000000000000e+00,8.503841251597622275e+00,3.297824859619140625e+01,1.349363236266975186e+01,channels
0.000000000000000000e+00,3.137254901960784270e-01,0.000000000000000000e+00,3.096622055147895569e+00,1.154233646392822266e+01,5.030383533783640893e+00,channels
2.352941176470588203e-01,0.000000000000000000e+00,0.000000000000000000e+00,7.004009831051524415e+00,3.215676069259643555e+00,5.455079626408643190e-01,channels
2.352941176470588203e-02,0.000000000000000000e+00,0.000000000000000000e+00,3.751716461580063555e-01,3.577199280261993408e-01,4.662493625434215860e-01,channels
6.274509803921568540e-01,0.000000000000000000e+00,0.000000000000000000e+00,5.803623724900932501e+01,2.541337203979492188e+01,1.371547576837180094e+00,channels
0.000000000000000000e+00,0.000000000000000000e+00,1.529411764705882470e-01,7.532600329447001197e-01,6.713547110557556152e-01,3.107650870130393095e+00,channels
0.000000000000000000e+00,0.000000000000000000e+00,1.647058823529411742e-01,8.203920740815786594e-01,7.228230834007263184e-01,3.639307413031084515e+00,channels
0.000000000000000000e+00,4.000000000000000222e-01,0.000000000000000000e+00,5.012550184191890246e+00,1.909118843078613281e+01,8.062893939807700860e+00,channels
4.470588235294117307e-01,0.000000000000000000e+00,0.000000000000000000e+00,2.694969892189126881e+01,1.189348888397216797e+01,9.064080041062902993e-01,channels
9.647058823529411908e-01,0.000000000000000000e+00,0.000000000000000000e+00,1.593686963291650898e+02,6.937622833251953125e+01,2.171560104233043020e+00,channels
0.000000000000000000e+00,7.137254901960784492e-01,0.000000000000000000e+00,1.711560118092353022e+01,6.664962005615234375e+01,2.603747397828643528e+01,channels
0.000000000000000000e+00,8.470588235294117530e-01,0.000000000000000000e+00,2.549546967746201531e+01,9.931990814208984375e+01,3.699258931529588779e+01,channels
2.549019607843137081e-01,0.000000000000000000e+00,0.000000000000000000e+00,8.487779334738233317e+00,3.869220733642578125e+00,5.924346047980674212e-01,channels
5.254901960784313930e-01,0.000000000000000000e+00,0.000000000000000000e+00,3.927445952786981564e+01,1.724608230590820312e+01,1.084642172420871686e+00,channels
0.000000000000000000e+00,6.392156862745097534e-01,0.000000000000000000e+00,1.351755257013086897e+01,5.256084823608398438e+01,2.094633600758279002e+01,channels
0.000000000000000000e+00,7.764705882352941346e-01,0.000000000000000000e+00,2.069292282405656280e+01,8.073424530029296875e+01,3.093144830614903640e+01,channels
8.862745098039215286e-01,0.000000000000000000e+00,0.000000000000000000e+00,1.300650022234366645e+02,5.671809005737304688e+01,2.114392842276075601e+00,channels
0.000000000000000000e+00,8.196078431372548767e-01,0.000000000000000000e+00,2.363039107994714172e+01,9.198550415039062500e+01,3.468216882322046501e+01,channels
0.000000000000000000e+00,0.000000000000000000e+00,4.392156862745097978e-01,5.401202030641790053e+00,4.495640754699707031e+00,3.040183273633693162e+01,channels
3.686274509803921795e-01,0.000000000000000000e+00,0.000000000000000000e+00,1.802272614776581250e+01,8.028941154479980469e+00,7.765943782698550013e-01,channels
0.000000000000000000e+00,3.411764705882353033e-01,0.000000000000000000e+00,3.620297396194493533e+00,1.364029979705810547e+01,5.844389910753145401e+00,channels
0.000000000000000000e+00,0.000000000000000000e+00,3.529411764705882304e-02,2.949265337578143020e-01,3.073093593120574951e-01,5.523504497772705468e-01,channels
0.000000000000000000e+00,0.000000000000000000e+00,5.019607843137254832e-01,7.047144976615432377e+00,5.854133605957031250e+00,4.037355820517112193e+01,channels
0.000000000000000000e+00,0.000000000000000000e+00,6.901960784313725394e-01,1.419063819028577633e+01,1.191616630554199219e+01,8.194014580520662605e+01,channels
0.000000000000000000e+00,0.000000000000000000e+00,5.411764705882352589e-01,8.312199558095459295e+00,6.925648689270019531e+00,4.776286855031647605e+01,channels
0.000000000000000000e+00,1.019607843137254888e-01,0.000000000000000000e+00,5.157917135230720707e-01,1.196692585945129395e+00,7.907130882616595358e-01,channels
0.000000000000000000e+00,0.000000000000000000e+00,2.274509803921568596e-01,1.458635825333462588e+00,1.249211430549621582e+00,7.343084698227742457e+00,channels
2.000000000000000111e-01,0.000000000000000000e+00,0.000000000000000000e+00,4.842497399185289986e+00,2.286390781402587891e+00,4.942778204799025410e-01,channels
0.000000000000000000e+00,6.196078431372549211e-01,0.000000000000000000e+00,1.258790002727850066e+01,4.900498580932617188e+01,1.959515244317520555e+01,channels
0.000000000000000000e+00,0.000000000000000000e+00,7.411764705882353255e-01,1.669037672182934173e+01,1.408803176879882812e+01,9.665090852590358850e+01,channels
0.000000000000000000e+00,0.000000000000000000e+00,7.647058823529411242e-01,1.793682384532786855e+01,1.517340564727783203e+01,1.038606879126962212e+02,channels
0.000000000000000000e+00,6.705882352941175961e-01,0.000000000000000000e+00,1.490051760353308907e+01,5.806303787231445312e+01,2.295421962150917849e+01,channels
0.000000000000000000e+00,7.921568627450980005e-01,0.000000000000000000e+00,2.174015959854281732e+01,8.477727508544921875e+01,3.229116966815146128e+01,channels
6.431372549019607199e-01,0.000000000000000000e+00,0.000000000000000000e+00,6.015414412809961675e+01,2.637662124633789062e+01,1.449047190978060673e+00,channels
0.000000000000000000e+00,9.803921568627450844e-02,0.000000000000000000e+00,4.716200003392893025e-01,1.103485703468322754e+00,7.617979340707550229e-01,channels
0.000000000000000000e+00,9.333333333333333481e-01,0.000000000000000000e+00,3.215588450002474730e+01,1.243417816162109375e+02,4.388882408248527156e+01,channels
0.000000000000000000e+00,0.000000000000000000e+00,8.980392156862745390e-01,2.771345864691337724e+01,2.410642433166503906e+01,1.600932969935071526e+02,channels
6.627450980392156632e-01,0.000000000000000000e+00,0.000000000000000000e+00,6.517445673845942622e+01,2.852004623413085938e+01,1.502858566191110912e+00,channels
0.000000000000000000e+00,0.000000000000000000e+00,3.725490196078431460e-01,3.812542747110494457e+00,3.179976940155029297e+00,2.104032847422223895e+01,channels
2.666666666666666630e-01,0.000000000000000000e+00,0.000000000000000000e+00,9.291909019752399246e+00,4.206782817840576172e+00,5.855745685337062634e-01,channels
0.000000000000000000e+00,5.803921568627450345e-01,0.000000000000000000e+00,1.082542521699723181e+01,4.199830627441406250e+01,1.693787175252488808e+01,channels
0.000000000000000000e+00,9.019607843137254777e-02,0.000000000000000000e+00,3.918742292574737829e-01,9.091235399246215820e-01,6.838812942320766641e-01,channels
2.117647058823529382e-01,0.000000000000000000e+00,0.000000000000000000e+00,5.422205343014319112e+00,2.532850980758666992e+00,5.160012898887719190e-01,channels
0.000000000000000000e+00,0.000000000000000000e+00,8.980392156862745390e-01,2.765710293873356562e+01,2.402006340026855469e+01,1.600387940076429629e+02,channels
4.784313725490195734e-01,0.000000000000000000e+00,0.000000000000000000e+00,3.117164394897173096e+01,1.375123596191406250e+01,1.000973555153300776e+00,channels
7.254901960784313486e-01,0.000000000000000000e+00,0.000000000000000000e+00,7.926209131160574373e+01,3.464720916748046875e+01,1.698178756777257714e+00,channels
0.000000000000000000e+00,0.000000000000000000e+00,4.705882352941176405e-02,3.116801017785868488e-01,3.195585012435913086e-01,5.965787682294367844e-01,channels
0.000000000000000000e+00,6.117647058823529882e-01,0.000000000000000000e+00,1.225129583746067397e+01,4.769353866577148438e+01,1.910333701493885172e+01,channels
0.000000000000000000e+00,0.000000000000000000e+00,7.607843137254901578e-01,1.779171524259516346e+01,1.503823757171630859e+01,1.027923116738141118e+02,channels
0.000000000000000000e+00,7.254901960784313486e-01,0.000000000000000000e+00,1.769306113265526292e+01,6.898107910156250000e+01,2.690585997384187777e+01,channels
0.000000000000000000e+00,0.000000000000000000e+00,2.862745098039215508e-01,2.323991662930367852e+00,1.960891723632812500e+00,1.225856419673064579e+01,channels
0.000000000000000000e+00,8.941176470588234615e-01,0.000000000000000000e+00,2.866747690254936742e+01,1.114355392456054688e+02,4.052670375946168235e+01,channels
0.000000000000000000e+00,7.921568627450980005e-01,0.000000000000000000e+00,2.171573670352292496e+01,8.470120239257812500e+01,3.228603281964119986e+01,channels
4.823529411764705954e-01,0.000000000000000000e+00,0.000000000000000000e+00,3.238637791706824487e+01,1.429849720001220703e+01,1.041037036347402855e+00,channels
8.627450980392156743e-02,0.000000000000000000e+00,0.000000000000000000e+00,8.510716743419530772e-01,5.380886793136596680e-01,3.839444254582895510e-01,channels
0.000000000000000000e+00,0.000000000000000000e+00,3.137254901960784270e-01,2.687728048606422337e+00,2.247030973434448242e+00,1.477133552953238471e+01,channels
5.568627450980392357e-01,0.000000000000000000e+00,0.000000000000000000e+00,4.427460725016923249e+01,1.946101760864257812e+01,1.200255220654177668e+00,channels
0.000000000000000000e+00,8.823529411764705621e-01,0.000000000000000000e+00,2.812392305802725545e+01,1.091931228637695312e+02,3.990039709883386365e+01,channels
9.333333333333333481e-01,0.000000000000000000e+00,0.000000000000000000e+00,1.500633763583057600e+02,6.533381652832031250e+01,2.127695864803130554e+00,channels
0.000000000000000000e+00,9.529411764705881804e-01,0.000000000000000000e+00,3.360268970449975967e+01,1.296469879150390625e+02,4.494716831311867367e+01,channels
0.000000000000000000e+00,0.000000000000000000e+00,2.862745098039215508e-01,2.276169036552417868e+00,1.931688070297241211e+00,1.224942578977977803e+01,channels
0.000000000000000000e+00,0.000000000000000000e+00,1.686274509803921684e-01,8.362340761946550627e-01,7.440961599349975586e-01,3.740012917864212749e+00,channels
0.000000000000000000e+00,0.000000000000000000e+00,3.411764705882353033e-01,3.131964665358192512e+00,2.621747970581054688e+00,1.738016754532657515e+01,channels
0.000000000000000000e+00,0.000000000000000000e+00,4.705882352941176405e-01,6.079610595778605742e+00,5.063725471496582031e+00,3.468213476288828190e+01,channels
2.862745098039215508e-01,0.000000000000000000e+00,0.000000000000000000e+00,1.073021387757095013e+01,4.863562107086181641e+00,6.553448432019636227e-01,channels
6.078431372549019107e-01,0.000000000000000000e+00,0.000000000000000000e+00,5.369869381202885705e+01,2.353975486755371094e+01,1.333840755696118263e+00,channels
0.000000000000000000e+00,0.000000000000000000e+00,5.882352941176470507e-02,3.501942473327019356e-01,3.537976443767547607e-01,7.648769788933789116e-01,channels
0.000000000000000000e+00,8.549019607843136859e-01,0.000000000000000000e+00,2.606213316636735655e+01,1.013373947143554688e+02,3.762544242484662504e+01,channels
0.000000000000000000e+00,5.999999999999999778e-01,0.000000000000000000e+00,1.172431115910182164e+01,4.567042541503906250e+01,1.831977378965651226e+01,channels
7.843137254901960675e-01,0.000000000000000000e+00,0.000000000000000000e+00,9.586974358914598326e+01,4.186893081665039062e+01,1.855985161809280637e+00,channels
0.000000000000000000e+00,0.000000000000000000e+00,9.725490196078431238e-01,3.631301725209707598e+01,3.289500427246093750e+01,2.087868243136946944e+02,channels
6.784313725490196401e-01,0.000000000000000000e+00,0.000000000000000000e+00,6.905742520986665056e+01,3.018943786621093750e+01,1.490460272521639595e+00,channels
0.000000000000000000e+00,6.705882352941175961e-01,0.000000000000000000e+00,1.486963375894292838e+01,5.795910644531250000e+01,2.290605149120869299e+01,channels
4.862745098039215619e-01,0.000000000000000000e+00,0.000000000000000000e+00,3.290457984015180415e+01,1.449180698394775391e+01,1.005666138775148433e+00,channels
8.274509803921568096e-01,0.000000000000000000e+00,0.000000000000000000e+00,1.092948624624833656e+02,4.769541168212890625e+01,1.974038079695741299e+00,channels
0.000000000000000000e+00,0.000000000000000000e+00,7.568627450980391913e-01,1.754661840878268464e+01,1.481870269775390625e+01,1.012083012051108284e+02,channels
0.000000000000000000e+00,1.529411764705882470e-01,0.000000000000000000e+00,8.412740526455391166e-01,2.502691030502319336e+00,1.339061319709948128e+00,channels
0.000000000000000000e+00,0.000000000000000000e+00,3.843137254901960453e-01,3.911742187217298827e+00,3.260670900344848633e+00,2.192031673205807607e+01,channels
0.000000000000000000e+00,0.000000000000000000e+00,2.392156862745097867e-01,1.553555240930619474e+00,1.316383481025695801e+00,7.898834359438852815e+00,channels
0.000000000000000000e+00,1.647058823529411742e-01,0.000000000000000000e+00,9.051609595469443104e-01,2.881245613098144531e+00,1.489542555707982885e+00,channels
0.000000000000000000e+00,2.588235294117646745e-01,0.000000000000000000e+00,2.056409618530531613e+00,7.496108055114746094e+00,3.407496703948758920e+00,channels
0.000000000000000000e+00,0.000000000000000000e+00,1.000000000000000000e+00,3.939854100718478946e+01,3.776683425903320312e+01,2.239993444070088913e+02,channels
0.000000000000000000e+00,0.000000000000000000e+00,6.588235294117646967e-01,1.266545900579448514e+01,1.061890888214111328e+01,7.316410009107920587e+01,channels
6.901960784313725394e-01,0.000000000000000000e+00,0.000000000000000000e+00,7.113456548455599204e+01,3.114533615112304688e+01,1.656383061869496132e+00,channels
6.352941176470587870e-01,0.000000000000000000e+00,0.000000000000000000e+00,5.929850943526241025e+01,2.597125625610351562e+01,1.400727886947305878e+00,channels
0.000000000000000000e+00,0.000000000000000000e+00,1.490196078431372528e-01,7.235201598973914905e-01,6.475008130073547363e-01,2.898630749128070949e+00,channels
0.000000000000000000e+00,4.313725490196078372e-02,0.000000000000000000e+00,2.839706493453649228e-01,3.977889418601989746e-01,4.524641146592989771e-01,channels
0.000000000000000000e+00,9.450980392156862475e-01,0.000000000000000000e+00,3.302873257905390147e+01,1.275939636230468750e+02,4.458265931969065576e+01,channels
0.000000000000000000e+00,6.313725490196078205e-01,0.000000000000000000e+00,1.312932313665272055e+01,5.092840194702148438e+01,2.033910507472403850e+01,channels
0.000000000000000000e+00,2.745098039215686514e-01,0.000000000000000000e+00,2.403947403567878283e+00,8.746209144592285156e+00,3.887030856952439883e+00,channels
2.705882352941176294e-01,0.000000000000000000e+00,0.000000000000000000e+00,9.593462188570232030e+00,4.376059055328369141e+00,6.398776876493486032e-01,channels
0.000000000000000000e+00,8.941176470588234615e-01,0.000000000000000000e+00,2.866949021043417289e+01,1.113582229614257812e+02,4.054243541657025673e+01,channels
0.000000000000000000e+00,0.000000000000000000e+00,7.725490196078431682e-01,1.847831478646959269e+01,1.567130947113037109e+01,1.070053161140202747e+02,channels
7.098039215686274828e-01,0.000000000000000000e+00,0.000000000000000000e+00,7.569273948983976652e+01,3.310852432250976562e+01,1.650310399709294051e+00,channels
1.960784313725490169e-02,0.000000000000000000e+00,0.000000000000000000e+00,2.817209567371468104e-01,2.826963365077972412e-01,4.020174974966870263e-01,channels
0.000000000000000000e+00,0.000000000000000000e+00,1.137254901960784298e-01,5.253578937044692809e-01,5.011929869651794434e-01,1.768821604703770811e+00,channels
0.000000000000000000e+00,0.000000000000000000e+00,3.294117647058823484e-01,2.975125728560961580e+00,2.489773035049438477e+00,1.611987574357944908e+01,channels
7.843137254901960675e-03,0.000000000000000000e+00,0.000000000000000000e+00,2.905717977852205758e-01,3.039112985134124756e-01,4.355062266321583220e-01,channels
2.745098039215686514e-01,0.000000000000000000e+00,0.000000000000000000e+00,9.811801039490907428e+00,4.455998897552490234e+00,5.920036953361903498e-01,channels
7.019607843137254388e-01,0.000000000000000000e+00,0.000000000000000000e+00,7.360240556413138791e+01,3.218069458007812500e+01,1.636746989629547677e+00,channels
0.000000000000000000e+00,0.000000000000000000e+00,3.529411764705882026e-01,3.339966757601382064e+00,2.773337602615356445e+00,1.817201188982493676e+01,channels
4.823529411764705954e-01,0.000000000000000000e+00,0.000000000000000000e+00,3.224053838415123607e+01,1.420154094696044922e+01,9.958702608335411322e-01,channels
6.901960784313725394e-01,0.000000000000000000e+00,0.000000000000000000e+00,7.104977368610562394e+01,3.109962272644042969e+01,1.632158433847757939e+00,channels
3.450980392156862697e-01,0.000000000000000000e+00,0.000000000000000000e+00,1.570723251792422914e+01,7.022037982940673828e+00,7.067891858652041170e-01,channels
0.000000000000000000e+00,0.000000000000000000e+00,7.411764705882353255e-01,1.666266003797101902e+01,1.405612277984619141e+01,9.637886083964893658e+01,channels
7.843137254901960675e-01,0.000000000000000000e+00,0.000000000000000000e+00,9.587283209900708414e+01,4.188925552368164062e+01,1.905956841103679578e+00,channels
0.000000000000000000e+00,0.000000000000000000e+00,5.215686274509804266e-01,7.695115478950850907e+00,6.390226840972900391e+00,4.374148553085733226e+01,channels
0.000000000000000000e+00,8.431372549019607865e-01,0.000000000000000000e+00,2.518918632426816018e+01,9.805706024169921875e+01,3.657675483832847618e+01,channels
5.686274509803921351e-01,0.000000000000000000e+00,0.000000000000000000e+00,4.644454735417140512e+01,2.040625572204589844e+01,1.247363181212781003e+00,channels
8.823529411764705621e-01,0.000000000000000000e+00,0.000000000000000000e+00,1.282562428324866062e+02,5.589689254760742188e+01,2.085929486727234661e+00,channels
0.000000000000000000e+00,3.568627450980392246e-01,0.000000000000000000e+00,3.964363275723157720e+00,1.493134021759033203e+01,6.360671992670432928e+00,channels
0.000000000000000000e+00,1.490196078431372528e-01,0.000000000000000000e+00,8.146851622427490058e-01,2.368864774703979492e+00,1.284280535100549292e+00,channels
7.647058823529411242e-01,0.000000000000000000e+00,0.000000000000000000e+00,8.977100585637211339e+01,3.920157623291015625e+01,1.796127227133606841e+00,channels
0.000000000000000000e+00,1.294117647058823373e-01,0.000000000000000000e+00,6.728716464017607812e-01,1.723929762840270996e+00,1.049051467504276358e+00,channels
0.000000000000000000e+00,0.000000000000000000e+00,1.411764705882352922e-01,6.658611260000308896e-01,6.010370850563049316e-01,2.601939152695992519e+00,channels
0.000000000000000000e+00,8.235294117647058709e-02,0.000000000000000000e+00,4.098317964504437083e-01,8.227189183235168457e-01,6.486829378150277270e-01,channels
1.333333333333333315e-01,0.000000000000000000e+00,0.000000000000000000e+00,2.050123468166217933e+00,1.069008588790893555e+00,4.354597513631559558e-01,channels
1.450980392156862586e-01,0.000000000000000000e+00,0.000000000000000000e+00,2.345048822928991417e+00,1.209296226501464844e+00,4.976518477556816089e-01,channels
0.000000000000000000e+00,0.000000000000000000e+00,1.450980392156862586e-01,6.360189628474953727e-01,5.893723368644714355e-01,2.597122833413644027e+00,channels
3.254901960784313819e-01,0.000000000000000000e+00,0.000000000000000000e+00,1.380006531395611091e+01,6.163648128509521484e+00,6.864423689870329248e-01,channels
0.000000000000000000e+00,0.000000000000000000e+00,6.627450980392156632e-01,1.289796959450272062e+01,1.079302787780761719e+01,7.431478836510709129e+01,channels
8.039215686274510109e-01,0.000000000000000000e+00,0.000000000000000000e+00,1.018413557358131243e+02,4.444591903686523438e+01,1.847314406355141436e+00,channels
0.000000000000000000e+00,0.000000000000000000e+00,8.627450980392157298e-01,2.463153341095385329e+01,2.118649291992187500e+01,1.424252383160682314e+02,channels
0.000000000000000000e+00,7.450980392156862642e-02,0.000000000000000000e+00,3.800126131758756465e-01,7.140799760818481445e-01,5.688814941337996256e-01,channels
0.000000000000000000e+00,1.000000000000000000e+00,0.000000000000000000e+00,3.546830512029342231e+01,1.361694793701171875e+02,4.587424917821189752e+01,channels
0.000000000000000000e+00,0.000000000000000000e+00,5.803921568627450345e-01,9.498205160089913335e+00,7.921449661254882812e+00,5.444731706844880392e+01,channels
0.000000000000000000e+00,4.941176470588235503e-01,0.000000000000000000e+00,7.751169007780051246e+00,2.984617614746093750e+01,1.231419641620147942e+01,channels
3.843137254901960453e-01,0.000000000000000000e+00,0.000000000000000000e+00,1.931294503799927398e+01,8.577104568481445312e+00,7.642540866604232708e-01,channels
6.980392156862744724e-01,0.000000000000000000e+00,0.000000000000000000e+00,7.262217423449418163e+01,3.178909873962402344e+01,1.654232644842512645e+00,channels
0.000000000000000000e+00,0.000000000000000000e+00,6.431372549019607199e-01,1.192748744051698928e+01,9.971202850341796875e+00,6.847436693908198890e+01,channels
1.921568627450980227e-01,0.000000000000000000e+00,0.000000000000000000e+00,4.145986958378136578e+00,1.951298117637634277e+00,4.844580348856263319e-01,channels
4.705882352941176405e-02,0.000000000000000000e+00,0.000000000000000000e+00,4.369293590180683418e-01,3.626570105552673340e-01,4.172864400556069997e-01,channels
0.000000000000000000e+00,0.000000000000000000e+00,9.019607843137255054e-01,2.809283628165058033e+01,2.442784690856933594e+01,1.624862170447193819e+02,channels
7.568627450980391913e-01,0.000000000000000000e+00,0.000000000000000000e+00,8.798078747171398106e+01,3.845303726196289062e+01,1.826991679479135877e+00,channels
5.058823529411764497e-01,0.000000000000000000e+00,0.000000000000000000e+00,3.596022755947070948e+01,1.582607269287109375e+01,1.056719220375229584e+00,channels
0.000000000000000000e+00,0.000000000000000000e+00,9.372549019607843146e-01,3.187220985933459616e+01,2.811797904968261719e+01,1.839918189326840547e+02,channels
8.313725490196077761e-01,0.000000000000000000e+00,0.000000000000000000e+00,1.091194044232028943e+02,4.760791397094726562e+01,1.967077648703566828e+00,channels
2.313725490196078538e-01,0.000000000000000000e+00,0.000000000000000000e+00,6.660979865780611853e+00,3.097909212112426758e+00,5.782333919760019869e-01,channels
0.000000000000000000e+00,0.000000000000000000e+00,6.274509803921568540e-02,3.464171986055243901e-01,3.522123694419860840e-01,8.584073193822241432e-01,channels
3.215686274509803599e-01,0.000000000000000000e+00,0.000000000000000000e+00,1.315256657230079540e+01,5.909595489501953125e+00,7.052542043845657638e-01,channels
5.333333333333333259e-01,0.000000000000000000e+00,0.000000000000000000e+00,4.051688011468809236e+01,1.783334732055664062e+01,1.168393996350433506e+00,channels
4.745098039215686070e-01,0.000000000000000000e+00,0.000000000000000000e+00,3.096055163869520044e+01,1.364916801452636719e+01,9.804852085116942950e-01,channels
0.000000000000000000e+00,9.176470588235293713e-01,0.000000000000000000e+00,3.082159895762322321e+01,1.194657211303710938e+02,4.271025528814977434e+01,channels
6.901960784313725394e-01,0.000000000000000000e+00,0.000000000000000000e+00,7.098793889911942756e+01,3.107082176208496094e+01,1.566909658958969276e+00,channels
0.000000000000000000e+00,0.000000000000000000e+00,4.745098039215686070e-01,6.174048773117529976e+00,5.131266593933105469e+00,3.504134012323308411e+01,channels
2.117647058823529382e-01,0.000000000000000000e+00,0.000000000000000000e+00,5.398700466032181566e+00,2.533552408218383789e+00,4.852723339425989435e-01,channels
8.862745098039215286e-01,0.000000000000000000e+00,0.000000000000000000e+00,1.298078000554665437e+02,5.657410049438476562e+01,2.108641271444718690e+00,channels
2.235294117647058654e-01,0.000000000000000000e+00,0.000000000000000000e+00,5.930529912736272280e+00,2.756744146347045898e+00,5.416734390404820410e-01,channels
0.000000000000000000e+00,6.235294117647058876e-01,0.000000000000000000e+00,1.273261202907965561e+01,4.944135665893554688e+01,1.978605658705372861e+01,channels
0.000000000000000000e+00,4.941176470588235503e-01,0.000000000000000000e+00,7.731705404836416662e+00,2.981277084350585938e+01,1.231459623340348841e+01,channels
8.117647058823529438e-01,0.000000000000000000e+00,0.000000000000000000e+00,1.042415497947868346e+02,4.551639938354492188e+01,1.943905341037364787e+00,channels
1.215686274509803905e-01,0.000000000000000000e+00,0.000000000000000000e+00,1.704547480622029321e+00,9.168010950088500977e-01,4.426601972512733685e-01,channels
1.843137254901960898e-01,0.000000000000000000e+00,0.000000000000000000e+00,3.977727050845762502e+00,1.897134184837341309e+00,5.048548437073915318e-01,channels
0.000000000000000000e+00,0.000000000000000000e+00,6.549019607843137303e-01,1.254321709877953239e+01,1.050114822387695312e+01,7.229372287385260165e+01,channels
0.000000000000000000e+00,8.117647058823529438e-01,0.000000000000000000e+00,2.298226209132030817e+01,8.955199432373046875e+01,3.389571483076847613e+01,channels
0.000000000000000000e+00,0.000000000000000000e+00,9.215686274509803377e-01,3.002783515884621934e+01,2.631040382385253906e+01,1.735747382791556959e+02,channels
7.843137254901960675e-03,0.000000000000000000e+00,0.000000000000000000e+00,2.613600250332029362e-01,2.899399995803833008e-01,4.462075322292206603e-01,channels
0.000000000000000000e+00,0.000000000000000000e+00,2.549019607843137081e-01,1.802402576496992426e+00,1.532788634300231934e+00,9.429802742615823519e+00,channels
0.000000000000000000e+00,5.725490196078431016e-01,0.000000000000000000e+00,1.059702628034630401e+01,4.116253662109375000e+01,1.667540224204547172e+01,channels
0.000000000000000000e+00,1.882352941176470562e-01,0.000000000000000000e+00,1.187538187254366440e+00,3.813630104064941406e+00,1.878766055740611174e+00,channels
0.000000000000000000e+00,0.000000000000000000e+00,4.156862745098038880e-01,4.621267855896156185e+00,3.841076374053955078e+00,2.597428699816464359e+01,channels
4.901960784313725283e-01,0.000000000000000000e+00,0.000000000000000000e+00,3.331621119078775450e+01,1.470389556884765625e+01,1.113700921549299006e+00,channels
0.000000000000000000e+00,0.000000000000000000e+00,4.431372549019607643e-01,5.341490178769776165e+00,4.440136432647705078e+00,3.041124575257037677e+01,channels
0.000000000000000000e+00,5.294117647058823595e-01,0.000000000000000000e+00,8.988359343180341909e+00,3.483701705932617188e+01,1.422933805604046142e+01,channels
0.000000000000000000e+00,0.000000000000000000e+00,9.450980392156862475e-01,3.261604182562812326e+01,2.889779090881347656e+01,1.882129194448107228e+02,channels
0.000000000000000000e+00,9.803921568627450567e-01,0.000000000000000000e+00,3.470488941916536163e+01,1.334637145996093750e+02,4.565748209075382391e+01,channels
0.000000000000000000e+00,0.000000000000000000e+00,3.921568627450980338e-01,4.191753691282380068e+00,3.514975070953369141e+00,2.336592695375357565e+01,channels
0.000000000000000000e+00,5.921568627450980449e-01,0.000000000000000000e+00,1.136619699155030538e+01,4.421131134033203125e+01,1.781485609597614328e+01,channels
5.647058823529411686e-01,0.000000000000000000e+00,0.000000000000000000e+00,4.571552671581046923e+01,2.007258415222167969e+01,1.224444257393743518e+00,channels
0.000000000000000000e+00,7.843137254901960675e-03,0.000000000000000000e+00,2.450037146513927844e-01,2.788279056549072266e-01,3.954916939856468749e-01,channels
0.000000000000000000e+00,0.000000000000000000e+00,3.686274509803921795e-01,3.677889941808958785e+00,3.065612316131591797e+00,2.028810266943023777e+01,channels
0.000000000000000000e+00,4.117647058823529216e-01,0.000000000000000000e+00,5.361031286798007223e+00,2.023976516723632812e+01,8.554751763241466023e+00,channels
7.529411764705882248e-01,0.000000000000000000e+00,0.000000000000000000e+00,8.644279683709346784e+01,3.775517654418945312e+01,1.724112885022494268e+00,channels
0.000000000000000000e+00,0.000000000000000000e+00,7.843137254901960675e-01,1.923122840578050941e+01,1.630675315856933594e+01,1.110077982703467256e+02,channels
1.725490196078431349e-01,0.000000000000000000e+00,0.000000000000000000e+00,3.547223731760055898e+00,1.736233234405517578e+00,5.366916587022432239e-01,channels
0.000000000000000000e+00,2.862745098039215508e-01,0.000000000000000000e+00,2.632328721754196188e+00,9.514448165893554688e+00,4.242530314671841829e+00,channels
0.000000000000000000e+00,0.000000000000000000e+00,5.607843137254902022e-01,8.919003905615065619e+00,7.430801391601562500e+00,5.119682722630052751e+01,channels
0.000000000000000000e+00,5.647058823529411686e-01,0.000000000000000000e+00,1.031643935132266243e+01,3.993389511108398438e+01,1.622239630272573763e+01,channels
0.000000000000000000e+00,9.254901960784314152e-01,0.000000000000000000e+00,3.147461816285404268e+01,1.218591537475585938e+02,4.332303532255344436e+01,channels
0.000000000000000000e+00,0.000000000000000000e+00,6.117647058823529882e-01,1.084702162400509984e+01,9.084606170654296875e+00,6.218466582659437591e+01,channels
2.000000000000000111e-01,0.000000000000000000e+00,0.000000000000000000e+00,4.809540753650239253e+00,2.274481296539306641e+00,5.758430451656726401e-01,channels
9.019607843137255054e-01,0.000000000000000000e+00,0.000000000000000000e+00,1.356906675056054326e+02,5.911707305908203125e+01,2.103918295390030391e+00,channels
4.313725490196078649e-01,0.000000000000000000e+00,0.000000000000000000e+00,2.519175740942505115e+01,1.113135242462158203e+01,8.480190189480255603e-01,channels
0.000000000000000000e+00,0.000000000000000000e+00,8.862745098039215286e-01,2.659305452977357120e+01,2.301529693603515625e+01,1.534649478074543083e+02,channels
0.000000000000000000e+00,1.686274509803921684e-01,0.000000000000000000e+00,9.958150162681977946e-01,3.051360845565795898e+00,1.578695877098630795e+00,channels
8.627450980392156743e-02,0.000000000000000000e+00,0.000000000000000000e+00,9.115150103854910979e-01,5.797691345214843750e-01,4.379042617696992101e-01,channels
4.274509803921568429e-01,0.000000000000000000e+00,0.000000000000000000e+00,2.470617954067810373e+01,1.092223548889160156e+01,8.570126776177620087e-01,channels
9.882352941176471006e-01,0.000000000000000000e+00,0.000000000000000000e+00,1.638545225891040218e+02,7.133815002441406250e+01,2.213050764921166369e+00,channels
6.039215686274509443e-01,0.000000000000000000e+00,0.000000000000000000e+00,5.270706138243161831e+01,2.312836265563964844e+01,1.384814403058356680e+00,channels
8.509803921568627194e-01,0.000000000000000000e+00,0.000000000000000000e+00,1.174618652006299016e+02,5.125543212890625000e+01,2.056522103771984078e+00,channels
0.000000000000000000e+00,0.000000000000000000e+00,7.215686274509803821e-01,1.554570408884209343e+01,1.307923984527587891e+01,8.983293832435197146e+01,channels
0.000000000000000000e+00,0.000000000000000000e+00,2.745098039215686236e-02,2.896904741504208181e-01,3.049737513065338135e-01,4.869573876517667710e-01,channels
0.000000000000000000e+00,0.000000000000000000e+00,1.803921568627450955e-01,9.574477713674545143e-01,8.406541943550109863e-01,4.323633386611803964e+00,channels
0.000000000000000000e+00,0.000000000000000000e+00,5.999999999999999778e-01,1.037230229181799857e+01,8.653262138366699219e+00,5.936717372948113081e+01,channels
0.000000000000000000e+00,6.666666666666666574e-02,0.000000000000000000e+00,3.713503383070366204e-01,6.337911486625671387e-01,5.733425598514656496e-01,channels
0.000000000000000000e+00,9.882352941176471006e-01,0.000000000000000000e+00,3.518235684593157941e+01,1.352024230957031250e+02,4.581672572546674616e+01,channels
9.411764705882352811e-02,0.000000000000000000e+00,0.000000000000000000e+00,1.101544961615180229e+00,6.876338720321655273e-01,4.676928727206005609e-01,channels
0.000000000000000000e+00,0.000000000000000000e+00,5.882352941176470784e-01,9.852039013463727457e+00,8.228423118591308594e+00,5.666503714969394423e+01,channels
0.000000000000000000e+00,5.882352941176470784e-01,0.000000000000000000e+00,1.110826305569392147e+01,4.348652267456054688e+01,1.750765828995880469e+01,channels
4.705882352941176405e-01,0.000000000000000000e+00,0.000000000000000000e+00,3.040828260492074975e+01,1.344003391265869141e+01,9.840261200718853907e-01,channels
3.450980392156862697e-01,0.000000000000000000e+00,0.000000000000000000e+00,1.565182768140942215e+01,6.989541530609130859e+00,7.222046273244423498e-01,channels
0.000000000000000000e+00,0.000000000000000000e+00,3.490196078431372362e-01,3.298863778981539152e+00,2.759076356887817383e+00,1.802232495210249397e+01,channels
8.745098039215686292e-01,0.000000000000000000e+00,0.000000000000000000e+00,1.255536579695587278e+02,5.475639343261718750e+01,2.128645165594469812e+00,channels
5.882352941176470784e-01,0.000000000000000000e+00,0.000000000000000000e+00,4.983782917508493426e+01,2.187516021728515625e+01,1.296609765741587150e+00,channels
1.215686274509803905e-01,0.000000000000000000e+00,0.000000000000000000e+00,1.681922539472571421e+00,9.077731370925903320e-01,4.481271464613183486e-01,channels
0.000000000000000000e+00,6.823529411764706065e-01,0.000000000000000000e+00,1.541810132428293834e+01,5.999964141845703125e+01,2.366649028304279767e+01,channels
0.000000000000000000e+00,2.666666666666666630e-01,0.000000000000000000e+00,2.273775314587304308e+00,8.194124221801757812e+00,3.668992880074998464e+00,channels
0.000000000000000000e+00,0.000000000000000000e+00,6.392156862745097534e-01,1.183254744974213679e+01,9.890000343322753906e+00,6.822588558921758306e+01,channels
5.019607843137254832e-01,0.000000000000000000e+00,0.000000000000000000e+00,3.536962944388091046e+01,1.558442592620849609e+01,1.148421379526821218e+00,channels
0.000000000000000000e+00,4.784313725490195734e-01,0.000000000000000000e+00,7.052356074577339484e+00,2.721199226379394531e+01,1.124742438302437364e+01,channels
0.000000000000000000e+00,0.000000000000000000e+00,4.941176470588235503e-01,6.793989451563968274e+00,5.647453308105468750e+00,3.854916607890136504e+01,channels
0.000000000000000000e+00,0.000000000000000000e+00,3.058823529411764941e-01,2.541646846338636578e+00,2.121086359024047852e+00,1.380497897774341709e+01,channels
0.000000000000000000e+00,0.000000000000000000e+00,3.882352941176470673e-01,4.043847984045724431e+00,3.370542526245117188e+00,2.254869299984693498e+01,channels
0.000000000000000000e+00,0.000000000000000000e+00,4.313725490196078372e-02,3.229647792359724434e-01,3.351048529148101807e-01,6.518280038191011094e-01,channels
2.745098039215686514e-01,0.000000000000000000e+00,0.000000000000000000e+00,9.737864722649884897e+00,4.424043178558349609e+00,6.453574874895416924e-01,channels
0.000000000000000000e+00,0.000000000000000000e+00,7.686274509803920907e-01,1.784641795793815788e+01,1.508271026611328125e+01,1.032694385728976414e+02,channels
0.000000000000000000e+00,0.000000000000000000e+00,8.823529411764705621e-01,2.619546188784508089e+01,2.264529991149902344e+01,1.513745716720157475e+02,channels
0.000000000000000000e+00,9.490196078431372140e-01,0.000000000000000000e+00,3.329151667496682876e+01,1.285404510498046875e+02,4.475043740666601622e+01,channels
0.000000000000000000e+00,6.549019607843137303e-01,0.000000000000000000e+00,1.404353806063484988e+01,5.479701995849609375e+01,2.176759902819142667e+01,channels
7.568627450980391913e-01,0.000000000000000000e+00,0.000000000000000000e+00,8.781340147937878271e+01,3.839433288574218750e+01,1.784928038170461972e+00,channels
0.000000000000000000e+00,0.000000000000000000e+00,2.666666666666666630e-01,1.968847974924741395e+00,1.653491973876953125e+00,1.047256992054687252e+01,channels
0.000000000000000000e+00,0.000000000000000000e+00,2.509803921568627416e-01,1.809931445745945666e+00,1.527511000633239746e+00,9.264171270769770317e+00,channels
0.000000000000000000e+00,0.000000000000000000e+00,8.352941176470588536e-01,2.262785368495179128e+01,1.935078048706054688e+01,1.306819015320166102e+02,channels
0.000000000000000000e+00,0.000000000000000000e+00,9.137254901960784048e-01,2.925404354655062278e+01,2.553016090393066406e+01,1.690847037362237870e+02,channels
3.607843137254901911e-01,0.000000000000000000e+00,0.000000000000000000e+00,1.710244807459249827e+01,7.621064662933349609e+00,7.326983738120095291e-01,channels
5.254901960784313930e-01,0.000000000000000000e+00,0.000000000000000000e+00,3.900633956797035040e+01,1.717685890197753906e+01,1.153438549166423410e+00,channels
0.000000000000000000e+00,5.999999999999999778e-01,0.000000000000000000e+00,1.172704690271205052e+01,4.545627212524414062e+01,1.831365824067626491e+01,channels
0.000000000000000000e+00,6.156862745098039547e-01,0.000000000000000000e+00,1.235451304854304944e+01,4.799455261230468750e+01,1.928269040230741993e+01,channels
1.450980392156862586e-01,0.000000000000000000e+00,0.000000000000000000e+00,2.310424427863733587e+00,1.185178995132446289e+00,4.462762648491980788e-01,channels
4.627450980392157076e-01,0.000000000000000000e+00,0.000000000000000000e+00,2.924792028148671363e+01,1.294109058380126953e+01,1.024657135479895453e+00,channels
1.529411764705882470e-01,0.000000000000000000e+00,0.000000000000000000e+00,2.694213981023380278e+00,1.354940056800842285e+00,4.516609038824981881e-01,channels
1.764705882352941013e-01,0.000000000000000000e+00,0.000000000000000000e+00,3.485997511886636868e+00,1.689349174499511719e+00,4.705802889708430858e-01,channels
8.470588235294117530e-01,0.000000000000000000e+00,0.000000000000000000e+00,1.156808994544631162e+02,5.045914840698242188e+01,2.014409741908002260e+00,channels
0.000000000000000000e+00,7.333333333333332815e-01,0.000000000000000000e+00,1.798154982716145511e+01,7.019276428222656250e+01,2.727619386673562119e+01,channels
0.000000000000000000e+00,0.000000000000000000e+00,3.137254901960784270e-01,2.686522276065986592e+00,2.250272512435913086e+00,1.463816786515862489e+01,channels
0.000000000000000000e+00,6.666666666666666297e-01,0.000000000000000000e+00,1.462270551478744984e+01,5.696973800659179688e+01,2.255481429578649966e+01,channels
0.000000000000000000e+00,8.549019607843136859e-01,0.000000000000000000e+00,2.598380229282835785e+01,1.011015090942382812e+02,3.756319724095423140e+01,channels
0.000000000000000000e+00,0.000000000000000000e+00,6.666666666666666574e-02,4.064686968786441201e-01,4.134590029716491699e-01,9.327118462673468224e-01,channels
6.470588235294117974e-01,0.000000000000000000e+00,0.000000000000000000e+00,6.134615667884552437e+01,2.688894081115722656e+01,1.448950436880911186e+00,channels
0.000000000000000000e+00,0.000000000000000000e+00,7.529411764705882248e-01,1.728949305378711898e+01,1.460069751739501953e+01,9.992890134212720454e+01,channels
0.000000000000000000e+00,2.470588235294117752e-01,0.000000000000000000e+00,1.953459247642522101e+00,6.931283473968505859e+00,3.167879458379347479e+00,channels
0.000000000000000000e+00,3.490196078431372362e-01,0.000000000000000000e+00,3.757243835262034981e+00,1.410637092590332031e+01,6.069338966895572618e+00,channels
0.000000000000000000e+00,4.313725490196078649e-01,0.000000000000000000e+00,5.790875051484645653e+00,2.217584037780761719e+01,9.278772276856209089e+00,channels
2.901960784313725172e-01,0.000000000000000000e+00,0.000000000000000000e+00,1.061786730734240791e+01,4.817065715789794922e+00,6.491707871350853587e-01,channels
0.000000000000000000e+00,1.803921568627450955e-01,0.000000000000000000e+00,1.124468952959677415e+00,3.491159915924072266e+00,1.784398579187548073e+00,channels
0.000000000000000000e+00,0.000000000000000000e+00,1.647058823529411742e-01,8.250855951425998258e-01,7.270484566688537598e-01,3.570873515932056819e+00,channels
0.000000000000000000e+00,0.000000000000000000e+00,8.156862745098039102e-01,2.121452367428229735e+01,1.808846092224121094e+01,1.228054256708921343e+02,channels
0.000000000000000000e+00,3.725490196078431460e-01,0.000000000000000000e+00,4.259283165183637365e+00,1.615356445312500000e+01,6.896400078040305637e+00,channels
7.254901960784313486e-01,0.000000000000000000e+00,0.000000000000000000e+00,7.889621457907703928e+01,3.451857757568359375e+01,1.727437197175968997e+00,channels
0.000000000000000000e+00,0.000000000000000000e+00,1.764705882352941013e-01,9.083726408794823293e-01,7.942175865173339844e-01,3.971756250181179837e+00,channels
0.000000000000000000e+00,0.000000000000000000e+00,1.215686274509803905e-01,5.286282641929394011e-01,4.890292584896087646e-01,1.917224056123617348e+00,channels
4.078431372549019551e-01,0.000000000000000000e+00,0.000000000000000000e+00,2.225560442597078747e+01,9.871922492980957031e+00,8.617963864584888833e-01,channels
6.274509803921568540e-01,0.000000000000000000e+00,0.000000000000000000e+00,5.755238180562155037e+01,2.522944450378417969e+01,1.412947975493876962e+00,channels
0.000000000000000000e+00,4.392156862745097978e-01,0.000000000000000000e+00,6.094248186247069654e+00,2.313377952575683594e+01,9.691755523928124560e+00,channels
3.176470588235293935e-01,0.000000000000000000e+00,0.000000000000000000e+00,1.308512213254434187e+01,5.887721538543701172e+00,6.781939411753081792e-01,channels
0.000000000000000000e+00,2.313725490196078538e-01,0.000000000000000000e+00,1.753344173441357290e+00,5.977849483489990234e+00,2.796678864404323228e+00,channels
6.666666666666666574e-02,0.000000000000000000e+00,0.000000000000000000e+00,6.448595943998489677e-01,4.683460295200347900e-01,4.438729617035679920e-01,channels
0.000000000000000000e+00,1.686274509803921684e-01,0.000000000000000000e+00,9.777072408537852422e-01,3.022315263748168945e+00,1.550550827641100415e+00,channels
0.000000000000000000e+00,5.882352941176470507e-02,0.000000000000000000e+00,3.837528481160094596e-01,5.773587226867675781e-01,5.669578834004396217e-01,channels
8.235294117647058709e-02,0.000000000000000000e+00,0.000000000000000000e+00,8.150454611552412354e-01,5.175468921661376953e-01,4.632075452964357076e-01,channels
0.000000000000000000e+00,4.509803921568627527e-01,0.000000000000000000e+00,6.375055573043605150e+00,2.442056274414062500e+01,1.018240926400938129e+01,channels
0.000000000000000000e+00,0.000000000000000000e+00,7.254901960784313486e-01,1.571527915244746332e+01,1.323863697052001953e+01,9.091476813041430205e+01,channels
0.000000000000000000e+00,0.000000000000000000e+00,8.039215686274510109e-01,2.034779460743095214e+01,1.729391098022460938e+01,1.179416054530949225e+02,channels
0.000000000000000000e+00,0.000000000000000000e+00,8.352941176470588536e-01,2.259957459724164508e+01,1.931545448303222656e+01,1.304704718938377539e+02,channels
2.000000000000000111e-01,0.000000000000000000e+00,0.000000000000000000e+00,4.803942665566427017e+00,2.291834115982055664e+00,5.604658417163574935e-01,channels
0.000000000000000000e+00,3.921568627450980338e-02,0.000000000000000000e+00,3.138825470330031675e-01,4.064796864986419678e-01,4.684306059569450231e-01,channels
0.000000000000000000e+00,0.000000000000000000e+00,4.196078431372549100e-01,4.734140045408922859e+00,3.933886528015136719e+00,2.674981227539372242e+01,channels
0.000000000000000000e+00,8.235294117647058709e-02,0.000000000000000000e+00,3.907580110265261308e-01,8.000483512878417969e-01,6.529442858617486856e-01,channels
0.000000000000000000e+00,3.647058823529411575e-01,0.000000000000000000e+00,4.132544056876213290e+00,1.547006893157958984e+01,6.626310016079048459e+00,channels
3.294117647058823484e-01,0.000000000000000000e+00,0.000000000000000000e+00,1.407239503374545109e+01,6.322893619537353516e+00,7.384487783299982233e-01,channels
8.784313725490195957e-01,0.000000000000000000e+00,0.000000000000000000e+00,1.264592090278177352e+02,5.514664459228515625e+01,2.104999016421288172e+00,channels
9.686274509803921573e-01,0.000000000000000000e+00,0.000000000000000000e+00,1.604272723977146313e+02,6.983625793457031250e+01,2.172319675055200960e+00,channels
4.274509803921568429e-01,0.000000000000000000e+00,0.000000000000000000e+00,2.461899512663993050e+01,1.089044761657714844e+01,9.038016838312334933e-01,channels
0.000000000000000000e+00,5.294117647058823595e-01,0.000000000000000000e+00,9.008643065762679925e+00,3.471572494506835938e+01,1.422548394887462031e+01,channels
0.000000000000000000e+00,0.000000000000000000e+00,5.882352941176470507e-02,3.228242263792189259e-01,3.426124751567840576e-01,7.630453328234859667e-01,channels
0.000000000000000000e+00,0.000000000000000000e+00,3.725490196078431460e-01,3.707109873470865402e+00,3.084292650222778320e+00,2.071490048044186949e+01,channels
4.705882352941176405e-02,0.000000000000000000e+00,0.000000000000000000e+00,4.279440197247449396e-01,3.539678156375885010e-01,4.263961493743863573e-01,channels
0.000000000000000000e+00,4.823529411764705954e-01,0.000000000000000000e+00,7.328037387455118790e+00,2.821120071411132812e+01,1.165252587809855278e+01,channels
0.000000000000000000e+00,0.000000000000000000e+00,6.235294117647058876e-01,1.120917833104619632e+01,9.368633270263671875e+00,6.434503823294210179e+01,channels
3.490196078431372362e-01,0.000000000000000000e+00,0.000000000000000000e+00,1.581219693043211016e+01,7.053689002990722656e+00,7.254332156999633296e-01,channels
0.000000000000000000e+00,3.960784313725490002e-01,0.000000000000000000e+00,4.903873861794536992e+00,1.845578193664550781e+01,7.853419400242548143e+00,channels
0.000000000000000000e+00,0.000000000000000000e+00,7.450980392156862642e-02,3.495311379528939222e-01,3.595435023307800293e-01,1.012252683096182215e+00,channels
0.000000000000000000e+00,0.000000000000000000e+00,2.352941176470588203e-01,1.555586205412496703e+00,1.318826436996459961e+00,7.778913194290820066e+00,channels
6.666666666666666297e-01,0.000000000000000000e+00,0.000000000000000000e+00,6.553390288076417391e+01,2.865859413146972656e+01,1.478840750900791479e+00,channels
5.254901960784313930e-01,0.000000000000000000e+00,0.000000000000000000e+00,3.887548782937402336e+01,1.711121368408203125e+01,1.140119465535287535e+00,channels
0.000000000000000000e+00,1.000000000000000000e+00,0.000000000000000000e+00,3.552779904617123208e+01,1.362112884521484375e+02,4.594648951396904835e+01,channels
0.000000000000000000e+00,2.039215686274509776e-01,0.000000000000000000e+00,1.359457190375682245e+00,4.502401828765869141e+00,2.160741720629091311e+00,channels
0.000000000000000000e+00,0.000000000000000000e+00,1.450980392156862586e-01,6.520375436098361233e-01,5.883320569992065430e-01,2.543364069931061788e+00,channels
0.000000000000000000e+00,5.254901960784313930e-01,0.000000000000000000e+00,8.770079233078702075e+00,3.408860397338867188e+01,1.394107414571579007e+01,channels
0.000000000000000000e+00,7.176470588235294157e-01,0.000000000000000000e+00,1.714636831280553864e+01,6.688548278808593750e+01,2.612057663070719471e+01,channels
9.647058823529411908e-01,0.000000000000000000e+00,0.000000000000000000e+00,1.591222809148791271e+02,6.927881622314453125e+01,2.212658053265488256e+00,channels
0.000000000000000000e+00,3.411764705882353033e-01,0.000000000000000000e+00,3.637625392407273228e+00,1.348085689544677734e+01,5.818961622611205087e+00,channels
0.000000000000000000e+00,3.098039215686274606e-01,0.000000000000000000e+00,2.997847131257791453e+00,1.106382942199707031e+01,4.822768848421580934e+00,channels
0.000000000000000000e+00,6.823529411764706065e-01,0.000000000000000000e+00,1.531796458966395313e+01,5.980648803710937500e+01,2.360149580558411131e+01,channels
0.000000000000000000e+00,0.000000000000000000e+00,8.392156862745098200e-01,2.292275300977361141e+01,1.962035560607910156e+01,1.323934575702199368e+02,channels
0.000000000000000000e+00,0.000000000000000000e+00,2.745098039215686514e-01,2.120725722722128115e+00,1.781261324882507324e+00,1.102160363512805397e+01,channels
0.000000000000000000e+00,3.921568627450980338e-03,0.000000000000000000e+00,2.634168175349277941e-01,2.772771716117858887e-01,3.948002999799128943e-01,channels
0.000000000000000000e+00,0.000000000000000000e+00,7.294117647058823151e-01,1.596737142631433670e+01,1.344173717498779297e+01,9.210387467971246167e+01,channels
7.333333333333332815e-01,0.000000000000000000e+00,0.000000000000000000e+00,8.080706410616828350e+01,3.535381317138671875e+01,1.758973649316085686e+00,channels
0.000000000000000000e+00,8.039215686274510109e-01,0.000000000000000000e+00,2.245009094456311871e+01,8.736682891845703125e+01,3.316558722454215058e+01,channels
0.000000000000000000e+00,8.666666666666666963e-01,0.000000000000000000e+00,2.684492700550315547e+01,1.043644256591796875e+02,3.853323360989026014e+01,channels
0.000000000000000000e+00,0.000000000000000000e+00,9.764705882352940902e-01,3.703294471731732074e+01,3.373135375976562500e+01,2.130092889263124505e+02,channels
0.000000000000000000e+00,0.000000000000000000e+00,6.156862745098039547e-01,1.088144963978044721e+01,9.087974548339843750e+00,6.261241520072250921e+01,channels
9.411764705882352811e-01,0.000000000000000000e+00,0.000000000000000000e+00,1.523699763930716244e+02,6.634284210205078125e+01,2.204855622346729049e+00,channels
0.000000000000000000e+00,0.000000000000000000e+00,8.627450980392156743e-02,4.304595684567379399e-01,4.028550386428833008e-01,1.234265812823075237e+00,channels
7.215686274509803821e-01,0.000000000000000000e+00,0.000000000000000000e+00,7.828598268210841127e+01,3.425196838378906250e+01,1.709781758875271951e+00,channels
2.470588235294117752e-01,0.000000000000000000e+00,0.000000000000000000e+00,7.630983482613681979e+00,3.482473611831665039e+00,5.544095185945142612e-01,channels
0.000000000000000000e+00,3.921568627450980338e-03,0.000000000000000000e+00,2.996181637818410848e-01,3.060662448406219482e-01,4.230760456402316017e-01,channels
0.000000000000000000e+00,3.882352941176470673e-01,0.000000000000000000e+00,4.649208501895481405e+00,1.760774612426757812e+01,7.472219204624702016e+00,channels
1.137254901960784298e-01,0.000000000000000000e+00,0.000000000000000000e+00,1.539999672744659653e+00,8.665444850921630859e-01,4.752561154724675441e-01,channels
6.313725490196078205e-01,0.000000000000000000e+00,0.000000000000000000e+00,5.826488952155671797e+01,2.551951599121093750e+01,1.417609820737882664e+00,channels
9.725490196078431238e-01,0.000000000000000000e+00,0.000000000000000000e+00,1.611032089019758473e+02,7.012920379638671875e+01,2.205006978787572791e+00,channels
0.000000000000000000e+00,2.039215686274509776e-01,0.000000000000000000e+00,1.381974784057276251e+00,4.511873245239257812e+00,2.192480581926031569e+00,channels
6.549019607843137303e-01,0.000000000000000000e+00,0.000000000000000000e+00,6.290122904973377160e+01,2.754986190795898438e+01,1.515594422258042417e+00,channels
1.647058823529411742e-01,0.000000000000000000e+00,0.000000000000000000e+00,3.132990773202462442e+00,1.538003206253051758e+00,4.439206757016052052e-01,channels
0.000000000000000000e+00,0.000000000000000000e+00,4.235294117647058765e-01,4.876791181151855170e+00,4.039227008819580078e+00,2.735833453532951154e+01,channels
9.058823529411764719e-01,0.000000000000000000e+00,0.000000000000000000e+00,1.370595842246959819e+02,5.973442840576171875e+01,2.172222701358041963e+00,channels
0.000000000000000000e+00,0.000000000000000000e+00,4.392156862745097978e-01,5.325080250859614672e+00,4.416045188903808594e+00,2.986045263265480543e+01,channels
5.882352941176470507e-02,0.000000000000000000e+00,0.000000000000000000e+00,5.365950570748900805e-01,4.189574122428894043e-01,4.580302498706411707e-01,channels
9.019607843137255054e-01,0.000000000000000000e+00,0.000000000000000000e+00,1.355712220680922542e+02,5.907550430297851562e+01,2.116256742954871317e+00,channels
8.705882352941176627e-01,0.000000000000000000e+00,0.000000000000000000e+00,1.237629178917881774e+02,5.398115158081054688e+01,2.121712416267816703e+00,channels
0.000000000000000000e+00,0.000000000000000000e+00,9.215686274509803377e-01,2.998955884114351989e+01,2.623188781738281250e+01,1.732131292358915857e+02,channels
0.000000000000000000e+00,9.647058823529411908e-01,0.000000000000000000e+00,3.409638751248151323e+01,1.314003601074218750e+02,4.531911208024806825e+01,channels
2.941176470588235392e-01,0.000000000000000000e+00,0.000000000000000000e+00,1.108452019939742605e+01,4.997702598571777344e+00,6.179719138986605742e-01,channels
0.000000000000000000e+00,0.000000000000000000e+00,6.470588235294117974e-01,1.216448450684731775e+01,1.018209552764892578e+01,7.003398944586336938e+01,channels
9.411764705882352811e-02,0.000000000000000000e+00,0.000000000000000000e+00,1.098351484064984618e+00,6.884518265724182129e-01,4.879624242205413132e-01,channels
0.000000000000000000e+00,8.235294117647058432e-01,0.000000000000000000e+00,2.378751997367895754e+01,9.250399017333984375e+01,3.486279292041268718e+01,channels
0.000000000000000000e+00,0.000000000000000000e+00,8.392156862745098200e-01,2.290303665224248419e+01,1.960038185119628906e+01,1.322329242518096635e+02,channels
0.000000000000000000e+00,6.274509803921568540e-02,0.000000000000000000e+00,3.601501138163161198e-01,5.936130881309509277e-01,5.600468994681714330e-01,channels
0.000000000000000000e+00,1.725490196078431349e-01,0.000000000000000000e+00,9.465572865335533104e-01,3.092849731445312500e+00,1.588305111446324469e+00,channels
0.000000000000000000e+00,0.000000000000000000e+00,4.313725490196078649e-01,5.078941068073334897e+00,4.233534812927246094e+00,2.853723301321308625e+01,channels
0.000000000000000000e+00,0.000000000000000000e+00,2.392156862745097867e-01,1.464350023311835836e+00,1.253824114799499512e+00,7.696011173706972741e+00,channels
0.000000000000000000e+00,8.352941176470588536e-01,0.000000000000000000e+00,2.454788477088195009e+01,9.561190032958984375e+01,3.586467378472423206e+01,channels
0.000000000000000000e+00,0.000000000000000000e+00,4.313725490196078372e-02,3.448629101230963889e-01,3.686952292919158936e-01,6.454456060580360255e-01,channels
2.196078431372548989e-01,0.000000000000000000e+00,0.000000000000000000e+00,5.902936442262106453e+00,2.766994714736938477e+00,5.644860453958082669e-01,channels
0.000000000000000000e+00,3.254901960784313819e-01,0.000000000000000000e+00,3.274351258808964271e+00,1.217543983459472656e+01,5.284889227883895479e+00,channels
0.000000000000000000e+00,6.588235294117646967e-01,0.000000000000000000e+00,1.426796546225692985e+01,5.538658523559570312e+01,2.205146902002410059e+01,channels
0.000000000000000000e+00,6.980392156862744724e-01,0.000000000000000000e+00,1.617383661080283730e+01,6.284957122802734375e+01,2.472965604938769957e+01,channels
0.000000000000000000e+00,7.058823529411764608e-02,0.000000000000000000e+00,3.407539521068986277e-01,6.389036178588867188e-01,5.502632772536407701e-01,channels
0.000000000000000000e+00,4.549019607843137192e-01,0.000000000000000000e+00,6.429538824326117563e+00,2.472031593322753906e+01,1.026839480248650638e+01,channels
8.313725490196077761e-01,0.000000000000000000e+00,0.000000000000000000e+00,1.087492269089372172e+02,4.746022796630859375e+01,1.995337798123435258e+00,channels
0.000000000000000000e+00,8.588235294117646523e-01,0.000000000000000000e+00,2.628908767488121256e+01,1.020609207153320312e+02,3.785696169114022069e+01,channels
6.627450980392156632e-01,0.000000000000000000e+00,0.000000000000000000e+00,6.460734564450743278e+01,2.831364059448242188e+01,1.520361150082715662e+00,channels
0.000000000000000000e+00,0.000000000000000000e+00,8.078431372549019773e-01,2.076334321606267963e+01,1.766558837890625000e+01,1.196502788500784646e+02,channels
0.000000000000000000e+00,0.000000000000000000e+00,6.627450980392156632e-01,1.279300526692906281e+01,1.070640468597412109e+01,7.368832087390137531e+01,channels
8.745098039215686292e-01,0.000000000000000000e+00,0.000000000000000000e+00,1.253095547536176042e+02,5.463122177124023438e+01,2.105978333551703940e+00,channels
0.000000000000000000e+00,0.000000000000000000e+00,7.921568627450980005e-01,1.961347783627899233e+01,1.664153671264648438e+01,1.134272373702781493e+02,channels
0.000000000000000000e+00,1.137254901960784298e-01,0.000000000000000000e+00,6.096399823485774139e-01,1.433200955390930176e+00,9.262366068377951844e-01,channels
0.000000000000000000e+00,0.000000000000000000e+00,4.941176470588235503e-01,6.737198553962674197e+00,5.606845855712890625e+00,3.830233978315348509e+01,channels
0.000000000000000000e+00,0.000000000000000000e+00,2.627450980392156965e-01,1.917365140503942689e+00,1.625112652778625488e+00,1.000188552381611906e+01,channels
0.000000000000000000e+00,5.725490196078431016e-01,0.000000000000000000e+00,1.045609058185468676e+01,4.082600402832031250e+01,1.651964045743403631e+01,channels
6.862745098039215730e-01,0.000000000000000000e+00,0.000000000000000000e+00,7.001408684072046640e+01,3.066428184509277344e+01,1.627460073157462661e+00,channels
6.627450980392156632e-01,0.000000000000000000e+00,0.000000000000000000e+00,6.455493600105855023e+01,2.826644325256347656e+01,1.514022375134508991e+00,channels
9.921568627450980671e-01,0.000000000000000000e+00,0.000000000000000000e+00,1.638021150785413624e+02,7.131067657470703125e+01,2.205010028990103343e+00,channels
9.254901960784314152e-01,0.000000000000000000e+00,0.000000000000000000e+00,1.461377002652749582e+02,6.365772628784179688e+01,2.196815082440007227e+00,channels
4.901960784313725283e-01,0.000000000000000000e+00,0.000000000000000000e+00,3.286771917785747377e+01,1.447353839874267578e+01,9.831648106047023994e-01,channels
0.000000000000000000e+00,1.764705882352941013e-01,0.000000000000000000e+00,9.977070386912316735e-01,3.122185707092285156e+00,1.585889919488009392e+00,channels
0.000000000000000000e+00,0.000000000000000000e+00,2.117647058823529382e-01,1.203867369815526223e+00,1.043027281761169434e+00,6.044735663292945205e+00,channels
0.000000000000000000e+00,7.294117647058823151e-01,0.000000000000000000e+00,1.772820218221663779e+01,6.922786712646484375e+01,2.693160553320750239e+01,channels
2.980392156862745057e-01,0.000000000000000000e+00,0.000000000000000000e+00,1.139882263616054381e+01,5.146020412445068359e+00,6.397897676614496820e-01,channels
0.000000000000000000e+00,8.627450980392156743e-02,0.000000000000000000e+00,4.041743940621974063e-01,8.615872859954833984e-01,6.418630592199574547e-01,channels
4.941176470588235503e-01,0.000000000000000000e+00,0.000000000000000000e+00,3.378772956670736249e+01,1.490578269958496094e+01,1.065977383510476217e+00,channels
0.000000000000000000e+00,4.313725490196078372e-02,0.000000000000000000e+00,3.228096300953608444e-01,4.214643836021423340e-01,4.996788895457821011e-01,channels
0.000000000000000000e+00,0.000000000000000000e+00,6.431372549019607199e-01,1.182990610494764461e+01,9.884819984436035156e+00,6.793026512327010380e+01,channels
0.000000000000000000e+00,0.000000000000000000e+00,5.254901960784313930e-01,7.727613796725225193e+00,6.426642894744873047e+00,4.402814506423568730e+01,channels
0.000000000000000000e+00,9.490196078431372140e-01,0.000000000000000000e+00,3.332671448551916882e+01,1.285202178955078125e+02,4.481484645351489604e+01,channels
0.000000000000000000e+00,0.000000000000000000e+00,4.039215686274509887e-01,4.448726064764094268e+00,3.710051536560058594e+00,2.469036639280784939e+01,channels
9.294117647058823817e-01,0.000000000000000000e+00,0.000000000000000000e+00,1.479219011625043834e+02,6.441460418701171875e+01,2.119943151359330979e+00,channels
1.176470588235294101e-01,0.000000000000000000e+00,0.000000000000000000e+00,1.577977817257031345e+00,8.540254235267639160e-01,4.617424302869557184e-01,channels
4.509803921568627527e-01,0.000000000000000000e+00,0.000000000000000000e+00,2.753175651318498396e+01,1.217411804199218750e+01,9.812275149669508201e-01,channels
0.000000000000000000e+00,0.000000000000000000e+00,1.000000000000000000e+00,3.939324136974450141e+01,3.769796752929687500e+01,2.241522385349209401e+02,channels
8.745098039215686292e-01,0.000000000000000000e+00,0.000000000000000000e+00,1.252493228360886945e+02,5.459826278686523438e+01,2.069810991739570838e+00,channels
4.941176470588235503e-01,0.000000000000000000e+00,0.000000000000000000e+00,3.374376949872038267e+01,1.487676334381103516e+01,1.096416948444422612e+00,channels
0.000000000000000000e+00,1.294117647058823373e-01,0.000000000000000000e+00,6.768831502885583884e-01,1.709164142608642578e+00,1.003789915803049215e+00,channels
0.000000000000000000e+00,0.000000000000000000e+00,4.745098039215686070e-01,6.124530777647447799e+00,5.072793483734130859e+00,3.464481465253906123e+01,channels
0.000000000000000000e+00,7.137254901960784492e-01,0.000000000000000000e+00,1.693409415268562768e+01,6.597889709472656250e+01,2.585629596900400529e+01,channels
0.000000000000000000e+00,0.000000000000000000e+00,5.921568627450980449e-01,9.961150976157648884e+00,8.297345161437988281e+00,5.727263186792081484e+01,channels
0.000000000000000000e+00,0.000000000000000000e+00,5.137254901960783826e-01,7.337540770089399977e+00,6.113745689392089844e+00,4.179193279503505920e+01,channels
0.000000000000000000e+00,0.000000000000000000e+00,2.274509803921568596e-01,1.442803274725001250e+00,1.219681382179260254e+00,7.190191462468360939e+00,channels
0.000000000000000000e+00,2.156862745098039325e-01,0.000000000000000000e+00,1.426526154889225406e+00,4.990793228149414062e+00,2.371965642945567332e+00,channels
0.000000000000000000e+00,3.058823529411764941e-01,0.000000000000000000e+00,2.945109225406145725e+00,1.074180698394775391e+01,4.715574521374132466e+00,channels
9.843137254901960231e-01,0.000000000000000000e+00,0.000000000000000000e+00,1.630306192904037061e+02,7.093459320068359375e+01,2.109973077536531960e+00,channels
5.921568627450980449e-01,0.000000000000000000e+00,0.000000000000000000e+00,5.027553152492622957e+01,2.206015014648437500e+01,1.336882722031903947e+00,channels
0.000000000000000000e+00,1.254901960784313708e-01,0.000000000000000000e+00,6.602226049834329924e-01,1.686787724494934082e+00,9.993778853935224582e-01,channels
8.156862745098039102e-01,0.000000000000000000e+00,0.000000000000000000e+00,1.050879318215358751e+02,4.588093185424804688e+01,1.997961537618260008e+00,channels
2.666666666666666630e-01,0.000000000000000000e+00,0.000000000000000000e+00,9.158192435150882105e+00,4.182437419891357422e+00,6.314469608936129630e-01,channels
0.000000000000000000e+00,5.372549019607842924e-01,0.000000000000000000e+00,9.203449053156774085e+00,3.564198684692382812e+01,1.453686645056053095e+01,channels
0.000000000000000000e+00,8.509803921568627194e-01,0.000000000000000000e+00,2.567140109414145854e+01,9.987300872802734375e+01,3.718297635472815443e+01,channels
0.000000000000000000e+00,8.784313725490195957e-01,0.000000000000000000e+00,2.769944987552800342e+01,1.076645202636718750e+02,3.949275740443562910e+01,channels
0.000000000000000000e+00,0.000000000000000000e+00,2.509803921568627416e-01,1.801078930497010067e+00,1.525406241416931152e+00,9.183894847804566552e+00,channels
0.000000000000000000e+00,0.000000000000000000e+00,9.686274509803921573e-01,3.566187616102659064e+01,3.210428619384765625e+01,2.052305030541853910e+02,channels
4.431372549019607643e-01,0.000000000000000000e+00,0.000000000000000000e+00,2.653765215422536983e+01,1.175380611419677734e+01,9.505246287435407115e-01,channels
2.745098039215686236e-02,0.000000000000000000e+00,0.000000000000000000e+00,3.891302770950890166e-01,3.806975185871124268e-01,4.901867297950378011e-01,channels
0.000000000000000000e+00,7.098039215686274828e-01,0.000000000000000000e+00,1.672813917616784352e+01,6.514805603027343750e+01,2.555145895452107396e+01,channels
3.333333333333333148e-01,0.000000000000000000e+00,0.000000000000000000e+00,1.433500520487372221e+01,6.459824562072753906e+00,7.230316198054642651e-01,channels
0.000000000000000000e+00,0.000000000000000000e+00,4.313725490196078372e-02,3.424316768677203582e-01,3.537167310714721680e-01,6.251106036071644168e-01,channels
1.058823529411764691e-01,0.000000000000000000e+00,0.000000000000000000e+00,1.355189948501154928e+00,7.968080639839172363e-01,4.984972916278662125e-01,channels
0.000000000000000000e+00,1.764705882352941013e-01,0.000000000000000000e+00,1.014802483332179150e+00,3.146340847015380859e+00,1.617424965821848470e+00,channels
0.000000000000000000e+00,9.254901960784314152e-01,0.000000000000000000e+00,3.142357116475162471e+01,1.216717834472656250e+02,4.328119326301680303e+01,channels
7.411764705882353255e-01,0.000000000000000000e+00,0.000000000000000000e+00,8.295583389308714573e+01,3.628813552856445312e+01,1.778814366873469499e+00,channels
0.000000000000000000e+00,3.686274509803921795e-01,0.000000000000000000e+00,4.164447942961470694e+00,1.568681716918945312e+01,6.738160064466242716e+00,channels
8.509803921568627194e-01,0.000000000000000000e+00,0.000000000000000000e+00,1.170107887562351578e+02,5.104370117187500000e+01,2.056581598114967768e+00,channels
1.568627450980392135e-01,0.000000000000000000e+00,0.000000000000000000e+00,2.846538668923805471e+00,1.393936872482299805e+00,4.521858181272609967e-01,channels
9.294117647058823817e-01,0.000000000000000000e+00,0.000000000000000000e+00,1.480226466871776267e+02,6.448824310302734375e+01,2.217890515687323649e+00,channels
0.000000000000000000e+00,5.019607843137254832e-01,0.000000000000000000e+00,7.962443452295385526e+00,3.071398162841796875e+01,1.262618413922868577e+01,channels
0.000000000000000000e+00,7.411764705882353255e-01,0.000000000000000000e+00,1.835662388562715108e+01,7.158333587646484375e+01,2.780172675990258924e+01,channels
0.000000000000000000e+00,0.000000000000000000e+00,1.568627450980392135e-02,2.939946647567083238e-01,3.171362578868865967e-01,4.834232692899089190e-01,channels
0.000000000000000000e+00,0.000000000000000000e+00,6.235294117647058876e-01,1.113429049858790520e+01,9.299063682556152344e+00,6.402527956948416943e+01,channels
0.000000000000000000e+00,0.000000000000000000e+00,7.882352941176470340e-01,1.930698380238258594e+01,1.637438774108886719e+01,1.116300442656734191e+02,channels
6.196078431372549211e-01,0.000000000000000000e+00,0.000000000000000000e+00,5.576526779124261424e+01,2.443962287902832031e+01,1.416886081002700637e+00,channels
0.000000000000000000e+00,2.235294117647058654e-01,0.000000000000000000e+00,1.529984271864258893e+00,5.229670047760009766e+00,2.450484849684709587e+00,channels
0.000000000000000000e+00,0.000000000000000000e+00,9.411764705882352811e-02,4.327196637899275999e-01,4.188217222690582275e-01,1.341992062055111568e+00,channels
0.000000000000000000e+00,0.000000000000000000e+00,8.666666666666666963e-01,2.487306911444918001e+01,2.139291000366210938e+01,1.437633975583657673e+02,channels
0.000000000000000000e+00,5.215686274509804266e-01,0.000000000000000000e+00,8.659402353821366916e+00,3.347328567504882812e+01,1.375618399703426675e+01,channels
0.000000000000000000e+00,0.000000000000000000e+00,8.156862745098039102e-01,2.114495447194867594e+01,1.801257896423339844e+01,1.223353833015694931e+02,channels
7.882352941176470340e-01,0.000000000000000000e+00,0.000000000000000000e+00,9.608584934403252475e+01,4.196883773803710938e+01,1.885891258749112787e+00,channels
2.549019607843137081e-01,0.000000000000000000e+00,0.000000000000000000e+00,8.294134653167651194e+00,3.801400184631347656e+00,6.058375165386514771e-01,channels
0.000000000000000000e+00,1.607843137254901800e-01,0.000000000000000000e+00,8.459522360117084361e-01,2.562868595123291016e+00,1.368263456275317314e+00,channels
0.000000000000000000e+00,0.000000000000000000e+00,6.039215686274509443e-01,1.040328756108984010e+01,8.673164367675781250e+00,5.974002547375784644e+01,channels
0.000000000000000000e+00,0.000000000000000000e+00,5.764705882352940680e-01,9.426760596694585104e+00,7.856485843658447266e+00,5.377428863036658413e+01,channels
0.000000000000000000e+00,0.000000000000000000e+00,3.137254901960784270e-02,2.682983762588849186e-01,2.870342433452606201e-01,5.137672992970668817e-01,channels
0.000000000000000000e+00,6.352941176470587870e-01,0.000000000000000000e+00,1.312939442937795320e+01,5.112668991088867188e+01,2.041177905854347330e+01,channels
0.000000000000000000e+00,0.000000000000000000e+00,7.921568627450980005e-01,1.960334400379746356e+01,1.664365959167480469e+01,1.133372089573187367e+02,channels
0.000000000000000000e+00,8.941176470588234615e-01,0.000000000000000000e+00,2.861719683425387473e+01,1.110363388061523438e+02,4.049872259630948435e+01,channels
0.000000000000000000e+00,6.588235294117646967e-01,0.000000000000000000e+00,1.416947777693850696e+01,5.523329925537109375e+01,2.194220877249410506e+01,channels
1.647058823529411742e-01,0.000000000000000000e+00,0.000000000000000000e+00,3.165750413859359291e+00,1.582741260528564453e+00,5.143835104663120328e-01,channels
0.000000000000000000e+00,0.000000000000000000e+00,3.921568627450980338e-02,3.101883510353516393e-01,3.208886981010437012e-01,5.683472577454655728e-01,channels
0.000000000000000000e+00,0.000000000000000000e+00,8.274509803921568096e-01,2.202643795451330888e+01,1.880562019348144531e+01,1.271091220290654036e+02,channels
0.000000000000000000e+00,1.215686274509803905e-01,0.000000000000000000e+00,5.771700277969707971e-01,1.540823101997375488e+00,9.211573238199903813e-01,channels
0.000000000000000000e+00,0.000000000000000000e+00,8.745098039215686292e-01,2.547563890844432777e+01,2.194789886474609375e+01,1.472253838298941560e+02,channels
7.921568627450980005e-01,0.000000000000000000e+00,0.000000000000000000e+00,9.753162157060324944e+01,4.261472320556640625e+01,1.879912612749854439e+00,channels
4.980392156862745168e-01,0.000000000000000000e+00,0.000000000000000000e+00,3.410813457883139677e+01,1.504166889190673828e+01,1.079406648855069539e+00,channels
0.000000000000000000e+00,0.000000000000000000e+00,9.333333333333333481e-01,3.147084444229827227e+01,2.770205688476562500e+01,1.814728557373651086e+02,channels
0.000000000000000000e+00,0.000000000000000000e+00,1.058823529411764691e-01,4.314952171573208095e-01,4.231438338756561279e-01,1.565702394823620391e+00,channels
0.000000000000000000e+00,0.000000000000000000e+00,8.078431372549019773e-01,2.062465325719201914e+01,1.754918861389160156e+01,1.192888666552832575e+02,channels
4.039215686274509887e-01,0.000000000000000000e+00,0.000000000000000000e+00,2.180734164464650959e+01,9.652344703674316406e+00,8.423202463446192167e-01,channels
0.000000000000000000e+00,7.019607843137254388e-01,0.000000000000000000e+00,1.625700999098300059e+01,6.345984268188476562e+01,2.493452609899658157e+01,channels
0.000000000000000000e+00,0.000000000000000000e+00,4.862745098039215619e-01,6.442650771307322444e+00,5.352346420288085938e+00,3.681080622324785878e+01,channels
0.000000000000000000e+00,9.019607843137255054e-01,0.000000000000000000e+00,2.946964093222846159e+01,1.144712142944335938e+02,4.142538876561060590e+01,channels
4.823529411764705954e-01,0.000000000000000000e+00,0.000000000000000000e+00,3.184113367796869554e+01,1.404073238372802734e+01,9.820214177363021379e-01,channels
0.000000000000000000e+00,4.980392156862745168e-01,0.000000000000000000e+00,7.777922120840097264e+00,2.998353195190429688e+01,1.234477080455247666e+01,channels
0.000000000000000000e+00,4.745098039215686070e-01,0.000000000000000000e+00,7.047368339694060957e+00,2.699559402465820312e+01,1.116917488037726436e+01,channels
0.000000000000000000e+00,5.843137254901961120e-01,0.000000000000000000e+00,1.098638652394401483e+01,4.255279541015625000e+01,1.722522849103982523e+01,channels
0.000000000000000000e+00,7.450980392156862642e-02,0.000000000000000000e+00,3.618264216587255278e-01,6.946693658828735352e-01,5.609541479317602386e-01,channels
0.000000000000000000e+00,8.470588235294117530e-01,0.000000000000000000e+00,2.531145584681901184e+01,9.867075347900390625e+01,3.677428499474800816e+01,channels
0.000000000000000000e+00,4.745098039215686070e-01,0.000000000000000000e+00,7.034498936145752168e+00,2.695658302307128906e+01,1.117777335588081833e+01,channels
0.000000000000000000e+00,0.000000000000000000e+00,2.352941176470588203e-01,1.524431883926818054e+00,1.292218685150146484e+00,7.690166496151950248e+00,channels
3.764705882352941124e-01,0.000000000000000000e+00,0.000000000000000000e+00,1.870310164444574497e+01,8.347998619079589844e+00,8.078578713096560282e-01,channels
6.078431372549019107e-01,0.000000000000000000e+00,0.000000000000000000e+00,5.302387306623779750e+01,2.323647689819335938e+01,1.340902027636796223e+00,channels
2.313725490196078538e-01,0.000000000000000000e+00,0.000000000000000000e+00,6.552646301088695502e+00,3.041359901428222656e+00,5.851849231198724688e-01,channels
0.000000000000000000e+00,0.000000000000000000e+00,4.156862745098038880e-01,4.544779826459518723e+00,3.789366960525512695e+00,2.557900091984440394e+01,channels
5.490196078431373028e-01,0.000000000000000000e+00,0.000000000000000000e+00,4.244587888175117740e+01,1.863092422485351562e+01,1.197142450145129322e+00,channels
0.000000000000000000e+00,8.235294117647058432e-01,0.000000000000000000e+00,2.373358732853831654e+01,9.233897399902343750e+01,3.482716476815279805e+01,channels
7.803921568627451011e-01,0.000000000000000000e+00,0.000000000000000000e+00,9.423849519455957591e+01,4.117613983154296875e+01,1.847040405598934010e+00,channels
9.529411764705881804e-01,0.000000000000000000e+00,0.000000000000000000e+00,1.560009848444099987e+02,6.791663360595703125e+01,2.108344982468186579e+00,channels
0.000000000000000000e+00,6.117647058823529882e-01,0.000000000000000000e+00,1.212957949359715926e+01,4.708339309692382812e+01,1.890360374935930565e+01,channels
6.117647058823529882e-01,0.000000000000000000e+00,0.000000000000000000e+00,5.398762681867311386e+01,2.369777297973632812e+01,1.383168428302123498e+00,channels
0.000000000000000000e+00,0.000000000000000000e+00,7.137254901960784492e-01,1.510358750479300660e+01,1.268537139892578125e+01,8.702882001718535321e+01,channels
0.000000000000000000e+00,3.411764705882353033e-01,0.000000000000000000e+00,3.588357516247569823e+00,1.336725044250488281e+01,5.785044848804738571e+00,channels
0.000000000000000000e+00,4.549019607843137192e-01,0.000000000000000000e+00,6.403257046108250528e+00,2.462156677246093750e+01,1.023689939516000891e+01,channels
0.000000000000000000e+00,0.000000000000000000e+00,3.333333333333333148e-01,2.945463205738937607e+00,2.461927652359008789e+00,1.620889979898928601e+01,channels
0.000000000000000000e+00,0.000000000000000000e+00,9.960784313725490335e-01,3.934291973455352576e+01,3.752756881713867188e+01,2.240990227842933109e+02,channels
0.000000000000000000e+00,1.960784313725490169e-02,0.000000000000000000e+00,2.584043922605196442e-01,2.989847660064697266e-01,4.450257868349505874e-01,channels
0.000000000000000000e+00,0.000000000000000000e+00,6.039215686274509443e-01,1.037710698852210101e+01,8.656399726867675781e+00,5.955937237152112118e+01,channels
8.392156862745098200e-01,0.000000000000000000e+00,0.000000000000000000e+00,1.121789717931366965e+02,4.894857025146484375e+01,2.017416000569121071e+00,channels
3.921568627450980338e-03,0.000000000000000000e+00,0.000000000000000000e+00,3.551632883903237392e-01,3.464874625205993652e-01,4.323619840410001247e-01,channels
0.000000000000000000e+00,3.529411764705882026e-01,0.000000000000000000e+00,3.760806068464955576e+00,1.401914978027343750e+01,6.038413848435066456e+00,channels
5.372549019607842924e-01,0.000000000000000000e+00,0.000000000000000000e+00,4.072271551101158593e+01,1.791551017761230469e+01,1.194504766933931261e+00,channels
0.000000000000000000e+00,0.000000000000000000e+00,1.607843137254901800e-01,7.469090749904921944e-01,6.727074980735778809e-01,3.196216254836008908e+00,channels
3.921568627450980338e-01,0.000000000000000000e+00,0.000000000000000000e+00,2.017658650222288941e+01,8.940325736999511719e+00,8.249504275245126417e-01,channels
0.000000000000000000e+00,8.313725490196077761e-01,0.000000000000000000e+00,2.397545122241225357e+01,9.336955261230468750e+01,3.515365340161394414e+01,channels
3.843137254901960453e-01,0.000000000000000000e+00,0.000000000000000000e+00,1.895955164173970431e+01,8.424930572509765625e+00,7.396998832539594115e-01,channels
9.960784313725490335e-01,0.000000000000000000e+00,0.000000000000000000e+00,1.640067466300716603e+02,7.137976074218750000e+01,2.149941235140438778e+00,channels
0.000000000000000000e+00,0.000000000000000000e+00,6.274509803921568540e-02,3.030858337231929212e-01,3.020052611827850342e-01,7.972952528549034357e-01,channels
9.137254901960784048e-01,0.000000000000000000e+00,0.000000000000000000e+00,1.407245273972152120e+02,6.132445144653320312e+01,2.160654216323857124e+00,channels
0.000000000000000000e+00,0.000000000000000000e+00,5.372549019607842924e-01,8.119698386822646441e+00,6.748820304870605469e+00,4.625223404097683755e+01,channels
0.000000000000000000e+00,1.843137254901960898e-01,0.000000000000000000e+00,1.134353348219439894e+00,3.599832534790039062e+00,1.791140133882959784e+00,channels
1.098039215686274495e-01,0.000000000000000000e+00,0.000000000000000000e+00,1.378805429300964169e+00,7.677086591720581055e-01,4.447661222654284430e-01,channels
0.000000000000000000e+00,9.490196078431372140e-01,0.000000000000000000e+00,3.326919562013656417e+01,1.284083251953125000e+02,4.477926228378766638e+01,channels
0.000000000000000000e+00,0.000000000000000000e+00,6.784313725490196401e-01,1.350868078463299327e+01,1.133290863037109375e+01,7.742293699049363909e+01,channels
0.000000000000000000e+00,0.000000000000000000e+00,5.294117647058823595e-01,7.848364244015201052e+00,6.543973445892333984e+00,4.459299799607717318e+01,channels
9.176470588235293713e-01,0.000000000000000000e+00,0.000000000000000000e+00,1.420762570908981104e+02,6.190652084350585938e+01,2.169864714908567027e+00,channels
0.000000000000000000e+00,0.000000000000000000e+00,1.254901960784313708e-01,5.318729242125254109e-01,4.991412460803985596e-01,1.981585364031640317e+00,channels
0.000000000000000000e+00,0.000000000000000000e+00,6.274509803921568540e-01,1.128855003471039353e+01,9.425006866455078125e+00,6.484193178825672987e+01,channels
6.784313725490196401e-01,0.000000000000000000e+00,0.000000000000000000e+00,6.845514176898710446e+01,2.998132896423339844e+01,1.587984790733759199e+00,channels
5.411764705882352589e-01,0.000000000000000000e+00,0.000000000000000000e+00,4.124886433706819844e+01,1.812495994567871094e+01,1.175753578570418956e+00,channels
1.137254901960784298e-01,0.000000000000000000e+00,0.000000000000000000e+00,1.531717723360593642e+00,8.553012013435363770e-01,4.924858660013144984e-01,channels
9.843137254901960231e-01,0.000000000000000000e+00,0.000000000000000000e+00,1.629990617415073473e+02,7.094478607177734375e+01,2.156759796822885988e+00,channels
6.274509803921568540e-02,0.000000000000000000e+00,0.000000000000000000e+00,5.375290635515197479e-01,3.818214237689971924e-01,3.849322422399139576e-01,channels
0.000000000000000000e+00,0.000000000000000000e+00,9.137254901960784048e-01,2.918496991968897802e+01,2.544460868835449219e+01,1.684217703555023036e+02,channels
0.000000000000000000e+00,0.000000000000000000e+00,6.901960784313725394e-01,1.403012545366129160e+01,1.176670074462890625e+01,8.074573217125836777e+01,channels
0.000000000000000000e+00,7.725490196078431682e-01,0.000000000000000000e+00,2.026790710190219968e+01,7.900784301757812500e+01,3.038050497298864272e+01,channels
0.000000000000000000e+00,0.000000000000000000e+00,8.705882352941176627e-01,2.515692326831482717e+01,2.164228630065917969e+01,1.451169999653310754e+02,channels
0.000000000000000000e+00,0.000000000000000000e+00,8.431372549019607865e-01,2.305836324059676201e+01,1.972496604919433594e+01,1.332797752820210633e+02,channels
3.098039215686274606e-01,0.000000000000000000e+00,0.000000000000000000e+00,1.239322858734160882e+01,5.598260879516601562e+00,7.424348330996534129e-01,channels
0.000000000000000000e+00,0.000000000000000000e+00,5.960784313725490113e-01,1.017021989251912650e+01,8.486914634704589844e+00,5.809204762944361988e+01,channels
8.470588235294117530e-01,0.000000000000000000e+00,0.000000000000000000e+00,1.152725574049705983e+02,5.028367614746093750e+01,2.032955454209993462e+00,channels
3.803921568627450789e-01,0.000000000000000000e+00,0.000000000000000000e+00,1.894655067845575402e+01,8.413861274719238281e+00,7.934609723115022550e-01,channels
9.058823529411764719e-01,0.000000000000000000e+00,0.000000000000000000e+00,1.368742825475114842e+02,5.963947677612304688e+01,2.127806566499443885e+00,channels
1.254901960784313708e-01,0.000000000000000000e+00,0.000000000000000000e+00,1.842542984031481756e+00,9.835603833198547363e-01,4.770626178201121670e-01,channels
0.000000000000000000e+00,0.000000000000000000e+00,4.588235294117646856e-01,5.782645817518882403e+00,4.792004108428955078e+00,3.259576373207089972e+01,channels
6.784313725490196401e-01,0.000000000000000000e+00,0.000000000000000000e+00,6.842452387413099757e+01,2.997140884399414062e+01,1.598668207234500427e+00,channels
0.000000000000000000e+00,0.000000000000000000e+00,8.823529411764705621e-01,2.610025309918202652e+01,2.253686332702636719e+01,1.508200156224943100e+02,channels
0.000000000000000000e+00,0.000000000000000000e+00,1.647058823529411742e-01,8.600955403273797817e-01,7.612942457199096680e-01,3.601215925539699381e+00,channels
1.019607843137254888e-01,0.000000000000000000e+00,0.000000000000000000e+00,1.235140364854932393e+00,7.205786705017089844e-01,4.895075176108947268e-01,channels
0.000000000000000000e+00,0.000000000000000000e+00,3.725490196078431460e-01,3.670451340690912723e+00,3.066317081451416016e+00,2.049539197808007884e+01,channels
4.745098039215686070e-01,0.000000000000000000e+00,0.000000000000000000e+00,3.062392359562437960e+01,1.352260208129882812e+01,1.040839319142070396e+00,channels
0.000000000000000000e+00,8.588235294117646523e-01,0.000000000000000000e+00,2.620254199384805815e+01,1.018180923461914062e+02,3.785803026720498821e+01,channels
7.450980392156862642e-02,0.000000000000000000e+00,0.000000000000000000e+00,7.029733113024582147e-01,4.951308071613311768e-01,4.298649535364975072e-01,channels
6.941176470588235059e-01,0.000000000000000000e+00,0.000000000000000000e+00,7.204357660008214737e+01,3.154503059387207031e+01,1.643438447882111353e+00,channels
7.372549019607843590e-01,0.000000000000000000e+00,0.000000000000000000e+00,8.155076050318344016e+01,3.565461730957031250e+01,1.766410836655350591e+00,channels
8.117647058823529438e-01,0.000000000000000000e+00,0.000000000000000000e+00,1.036474184872737681e+02,4.523862457275390625e+01,1.960271031500108174e+00,channels
0.000000000000000000e+00,2.588235294117646745e-01,0.000000000000000000e+00,2.039234869843637110e+00,7.337023735046386719e+00,3.331179625953844425e+00,channels
2.745098039215686236e-02,0.000000000000000000e+00,0.000000000000000000e+00,3.263595532728156279e-01,3.163013756275177002e-01,4.227460856337669215e-01,channels
0.000000000000000000e+00,0.000000000000000000e+00,1.411764705882352922e-01,6.755038926050745962e-01,6.062116622924804688e-01,2.532906003875230017e+00,channels
0.000000000000000000e+00,1.843137254901960898e-01,0.000000000000000000e+00,1.121743901737966009e+00,3.598960638046264648e+00,1.804740144003631697e+00,channels
6.470588235294117974e-01,0.000000000000000000e+00,0.000000000000000000e+00,6.092739592660112180e+01,2.668889427185058594e+01,1.481231880908733256e+00,channels
5.490196078431372473e-02,0.000000000000000000e+00,0.000000000000000000e+00,5.399636281024858819e-01,4.110322594642639160e-01,4.521919191463338872e-01,channels
0.000000000000000000e+00,5.137254901960783826e-01,0.000000000000000000e+00,8.385988784658886530e+00,3.233300399780273438e+01,1.327130970519702657e+01,channels
5.843137254901961120e-01,0.000000000000000000e+00,0.000000000000000000e+00,4.862557733572164409e+01,2.134339714050292969e+01,1.258891857193962682e+00,channels
0.000000000000000000e+00,3.607843137254901911e-01,0.000000000000000000e+00,4.011961771331952420e+00,1.499501228332519531e+01,6.425053747098951717e+00,channels
0.000000000000000000e+00,7.843137254901960675e-01,0.000000000000000000e+00,2.108281270830810428e+01,8.199761962890625000e+01,3.145270895658032373e+01,channels
2.470588235294117752e-01,0.000000000000000000e+00,0.000000000000000000e+00,7.549855392301099144e+00,3.459234952926635742e+00,5.388370299548895792e-01,channels
9.215686274509803377e-01,0.000000000000000000e+00,0.000000000000000000e+00,1.439348750681919000e+02,6.271244812011718750e+01,2.154481555444180518e+00,channels
0.000000000000000000e+00,2.352941176470588203e-01,0.000000000000000000e+00,1.738728305160367249e+00,6.058218002319335938e+00,2.776055493071561742e+00,channels
0.000000000000000000e+00,0.000000000000000000e+00,1.176470588235294101e-02,2.866566937748066812e-01,3.040127158164978027e-01,4.474573453877680462e-01,channels
0.000000000000000000e+00,0.000000000000000000e+00,4.666666666666666741e-01,5.907303260650698107e+00,4.907783031463623047e+00,3.339070037060093910e+01,channels
4.509803921568627527e-01,0.000000000000000000e+00,0.000000000000000000e+00,2.739188653715559596e+01,1.210721302032470703e+01,9.368229712990778779e-01,channels
6.431372549019607199e-01,0.000000000000000000e+00,0.000000000000000000e+00,5.923983743067608287e+01,2.595788002014160156e+01,1.497063743881541509e+00,channels
4.980392156862745168e-01,0.000000000000000000e+00,0.000000000000000000e+00,3.401874819341773559e+01,1.502482128143310547e+01,1.123559375480063904e+00,channels
5.803921568627450345e-01,0.000000000000000000e+00,0.000000000000000000e+00,4.713118684780476997e+01,2.068846511840820312e+01,1.249475595772811864e+00,channels
9.333333333333333481e-01,0.000000000000000000e+00,0.000000000000000000e+00,1.497750699636027889e+02,6.526914978027343750e+01,2.213691963713005695e+00,channels
0.000000000000000000e+00,1.215686274509803905e-01,0.000000000000000000e+00,6.608923105415528410e-01,1.609269380569458008e+00,9.719924879340610113e-01,channels
0.000000000000000000e+00,0.000000000000000000e+00,9.372549019607843146e-01,3.172794076754492210e+01,2.795354461669921875e+01,1.833217917838080382e+02,channels
4.784313725490195734e-01,0.000000000000000000e+00,0.000000000000000000e+00,3.058227244377355092e+01,1.350782871246337891e+01,1.028706048278061891e+00,channels
0.000000000000000000e+00,7.529411764705882248e-01,0.000000000000000000e+00,1.904051390151233036e+01,7.419136047363281250e+01,2.872554336473940850e+01,channels
5.490196078431372473e-02,0.000000000000000000e+00,0.000000000000000000e+00,5.476165243838624352e-01,4.447779059410095215e-01,4.446577748228478510e-01,channels
0.000000000000000000e+00,0.000000000000000000e+00,8.901960784313724950e-01,2.680299462324116888e+01,2.319850349426269531e+01,1.550789445292371624e+02,channels
0.000000000000000000e+00,0.000000000000000000e+00,3.607843137254901911e-01,3.490615671174781998e+00,2.907399892807006836e+00,1.917554165602933836e+01,channels
1.450980392156862586e-01,0.000000000000000000e+00,0.000000000000000000e+00,2.274462164895217686e+00,1.180717110633850098e+00,4.470084963468042849e-01,channels
0.000000000000000000e+00,4.352941176470588314e-01,0.000000000000000000e+00,5.864552917765859519e+00,2.239994621276855469e+01,9.407521924408019487e+00,channels
6.509803921568627638e-01,0.000000000000000000e+00,0.000000000000000000e+00,6.172606682974610237e+01,2.703709411621093750e+01,1.498722327731631054e+00,channels
0.000000000000000000e+00,0.000000000000000000e+00,1.019607843137254888e-01,4.866158577741653279e-01,4.550828337669372559e-01,1.470033441794589280e+00,channels
3.450980392156862697e-01,0.000000000000000000e+00,0.000000000000000000e+00,1.545048127381295089e+01,6.910099983215332031e+00,7.316596370203565236e-01,channels
0.000000000000000000e+00,0.000000000000000000e+00,2.352941176470588203e-01,1.534604058729757137e+00,1.305109739303588867e+00,7.678387186358488492e+00,channels
9.137254901960784048e-01,0.000000000000000000e+00,0.000000000000000000e+00,1.406849051976996066e+02,6.132090759277343750e+01,2.222015693298365235e+00,channels
0.000000000000000000e+00,0.000000000000000000e+00,4.000000000000000222e-01,4.299217606854407236e+00,3.564552545547485352e+00,2.389882644137855650e+01,channels
0.000000000000000000e+00,0.000000000000000000e+00,6.666666666666666574e-02,3.873023964321934409e-01,3.902275264263153076e-01,9.018738735777678261e-01,channels
0.000000000000000000e+00,9.294117647058823817e-01,0.000000000000000000e+00,3.173717767611070784e+01,1.227312011718750000e+02,4.356596859465265936e+01,channels
0.000000000000000000e+00,0.000000000000000000e+00,7.058823529411764608e-02,3.939608678848998680e-01,4.061543643474578857e-01,9.840741466643397883e-01,channels
0.000000000000000000e+00,0.000000000000000000e+00,4.431372549019607643e-01,5.303648731253267634e+00,4.408868789672851562e+00,2.989568925543946776e+01,channels
0.000000000000000000e+00,4.235294117647058765e-01,0.000000000000000000e+00,5.575906691160402495e+00,2.116707992553710938e+01,8.898506351998465291e+00,channels
0.000000000000000000e+00,0.000000000000000000e+00,6.039215686274509443e-01,1.039323966830393964e+01,8.664951324462890625e+00,5.947747041043498228e+01,channels
6.705882352941175961e-01,0.000000000000000000e+00,0.000000000000000000e+00,6.607914372909817757e+01,2.893897438049316406e+01,1.564146826739500451e+00,channels
0.000000000000000000e+00,3.333333333333333148e-01,0.000000000000000000e+00,3.479366656922225243e+00,1.274077510833740234e+01,5.539378666553704811e+00,channels
0.000000000000000000e+00,0.000000000000000000e+00,7.568627450980391913e-01,1.728777224860763795e+01,1.459015274047851562e+01,9.994594402077530049e+01,channels
8.431372549019607865e-01,0.000000000000000000e+00,0.000000000000000000e+00,1.135976350944351196e+02,4.957019042968750000e+01,2.028949080797470828e+00,channels
0.000000000000000000e+00,8.705882352941176627e-01,0.000000000000000000e+00,2.706058547155617688e+01,1.051406555175781250e+02,3.878404576594036257e+01,channels
0.000000000000000000e+00,3.647058823529411575e-01,0.000000000000000000e+00,4.047222784005991336e+00,1.525524425506591797e+01,6.534624950436601409e+00,channels
0.000000000000000000e+00,0.000000000000000000e+00,3.960784313725490002e-01,4.235434570148461475e+00,3.537818670272827148e+00,2.352217663462186437e+01,channels
0.000000000000000000e+00,5.529411764705882693e-01,0.000000000000000000e+00,9.704984213712959829e+00,3.766416168212890625e+01,1.533519287084402904e+01,channels
0.000000000000000000e+00,3.725490196078431460e-01,0.000000000000000000e+00,4.261730923205133692e+00,1.596738147735595703e+01,6.840020094073851809e+00,channels
0.000000000000000000e+00,9.568627450980391469e-01,0.000000000000000000e+00,3.355540773295916068e+01,1.294204101562500000e+02,4.497907037874662706e+01,channels
9.411764705882352811e-01,0.000000000000000000e+00,0.000000000000000000e+00,1.521679763776106427e+02,6.629416656494140625e+01,2.209416441104902873e+00,channels
0.000000000000000000e+00,0.000000000000000000e+00,4.470588235294117307e-01,5.355366538270494914e+00,4.431872844696044922e+00,2.999655157345551615e+01,channels
0.000000000000000000e+00,0.000000000000000000e+00,2.000000000000000111e-01,1.128496175322361683e+00,9.615324139595031738e-01,5.282345772721049215e+00,channels
0.000000000000000000e+00,0.000000000000000000e+00,9.490196078431372140e-01,3.291134238082154440e+01,2.913431167602539062e+01,1.896943627792927316e+02,channels
0.000000000000000000e+00,0.000000000000000000e+00,1.294117647058823373e-01,5.516409924508116625e-01,5.151126384735107422e-01,2.025794534277105097e+00,channels
0.000000000000000000e+00,5.607843137254902022e-01,0.000000000000000000e+00,1.003699332567704339e+01,3.887386322021484375e+01,1.579163233570416658e+01,channels
4.627450980392157076e-01,0.000000000000000000e+00,0.000000000000000000e+00,2.888278983038867764e+01,1.276021766662597656e+01,9.859220043646363951e-01,channels
0.000000000000000000e+00,5.019607843137254832e-01,0.000000000000000000e+00,7.982027307644174563e+00,3.059128379821777344e+01,1.262282715296297120e+01,channels
1.000000000000000000e+00,0.000000000000000000e+00,0.000000000000000000e+00,1.640101504418063314e+02,7.135330963134765625e+01,2.124675388594528425e+00,channels
8.941176470588234615e-01,0.000000000000000000e+00,0.000000000000000000e+00,1.309144653887490790e+02,5.706602859497070312e+01,2.108748832334095713e+00,channels
0.000000000000000000e+00,1.882352941176470562e-01,0.000000000000000000e+00,1.170192274388899945e+00,3.729330062866210938e+00,1.851509802447127484e+00,channels
0.000000000000000000e+00,5.882352941176470507e-02,0.000000000000000000e+00,3.778807982790580722e-01,5.734358429908752441e-01,5.634077732865504506e-01,channels
7.921568627450980005e-01,0.000000000000000000e+00,0.000000000000000000e+00,9.731433097860841031e+01,4.248473739624023438e+01,1.829168826785268820e+00,channels
0.000000000000000000e+00,6.941176470588235059e-01,0.000000000000000000e+00,1.588850622475831464e+01,6.180862045288085938e+01,2.434890568398470734e+01,channels
2.117647058823529382e-01,0.000000000000000000e+00,0.000000000000000000e+00,5.325394739445918013e+00,2.538901567459106445e+00,5.678909778149431320e-01,channels
4.588235294117646856e-01,0.000000000000000000e+00,0.000000000000000000e+00,2.847350608744740441e+01,1.257255077362060547e+01,9.705416279213102682e-01,channels
0.000000000000000000e+00,0.000000000000000000e+00,9.764705882352940902e-01,3.712280873668303371e+01,3.375945281982421875e+01,2.129175980065900546e+02,channels
0.000000000000000000e+00,0.000000000000000000e+00,4.313725490196078372e-02,3.442888640219430862e-01,3.555276691913604736e-01,6.461217711872310199e-01,channels
7.647058823529411242e-01,0.000000000000000000e+00,0.000000000000000000e+00,8.899334029904740362e+01,3.889723968505859375e+01,1.787814365256450211e+00,channels
0.000000000000000000e+00,3.176470588235293935e-01,0.000000000000000000e+00,3.132660216838951239e+00,1.151359081268310547e+01,5.055335706732418721e+00,channels
0.000000000000000000e+00,2.549019607843137081e-01,0.000000000000000000e+00,2.044730879682173708e+00,7.318448543548583984e+00,3.348701351993666364e+00,channels
0.000000000000000000e+00,0.000000000000000000e+00,1.176470588235294101e-01,5.416698306444927002e-01,5.203648805618286133e-01,1.825621936355992458e+00,channels
0.000000000000000000e+00,4.784313725490195734e-01,0.000000000000000000e+00,6.974508726023769256e+00,2.686788177490234375e+01,1.115666323450294506e+01,channels
0.000000000000000000e+00,0.000000000000000000e+00,7.960784313725489669e-01,1.986579264526798383e+01,1.687026023864746094e+01,1.149312175167567318e+02,channels
0.000000000000000000e+00,0.000000000000000000e+00,5.098039215686274439e-02,3.143737590899781109e-01,3.359937369823455811e-01,6.370131559904284035e-01,channels
0.000000000000000000e+00,7.254901960784313486e-01,0.000000000000000000e+00,1.744737921855256246e+01,6.814099121093750000e+01,2.660949387621300488e+01,channels
1.411764705882352922e-01,0.000000000000000000e+00,0.000000000000000000e+00,2.294846254192951296e+00,1.192352056503295898e+00,4.592131785983805670e-01,channels
0.000000000000000000e+00,0.000000000000000000e+00,5.725490196078431016e-01,9.215548351909955471e+00,7.679598331451416016e+00,5.286628308660162645e+01,channels
0.000000000000000000e+00,2.117647058823529382e-01,0.000000000000000000e+00,1.465628056387640488e+00,4.851728439331054688e+00,2.336640018165963006e+00,channels
0.000000000000000000e+00,0.000000000000000000e+00,9.333333333333333481e-01,3.134647255812107858e+01,2.758084487915039062e+01,1.812579782335531320e+02,channels
9.725490196078431238e-01,0.000000000000000000e+00,0.000000000000000000e+00,1.608569342952605155e+02,7.002201080322265625e+01,2.150806216974434637e+00,channels
9.490196078431372140e-01,0.000000000000000000e+00,0.000000000000000000e+00,1.554821033431009027e+02,6.770388031005859375e+01,2.218411789867437367e+00,channels
0.000000000000000000e+00,0.000000000000000000e+00,8.156862745098039102e-01,2.108925316696587871e+01,1.793605804443359375e+01,1.220348960006525374e+02,channels
9.176470588235293713e-01,0.000000000000000000e+00,0.000000000000000000e+00,1.421212951352222262e+02,6.196179199218750000e+01,2.255291131231582646e+00,channels
0.000000000000000000e+00,0.000000000000000000e+00,9.372549019607843146e-01,3.173475669135850907e+01,2.794569778442382812e+01,1.833857334817357412e+02,channels
0.000000000000000000e+00,5.999999999999999778e-01,0.000000000000000000e+00,1.156869871739060862e+01,4.498146057128906250e+01,1.812924462086197153e+01,channels
0.000000000000000000e+00,7.843137254901960675e-02,0.000000000000000000e+00,4.794598670594072964e-01,8.276449441909790039e-01,6.779001263957488144e-01,channels
9.450980392156862475e-01,0.000000000000000000e+00,0.000000000000000000e+00,1.539734982934689071e+02,6.705914306640625000e+01,2.198251117673336363e+00,channels
0.000000000000000000e+00,0.000000000000000000e+00,7.490196078431372584e-01,1.684323958521672537e+01,1.419287681579589844e+01,9.682653849589638639e+01,channels
0.000000000000000000e+00,8.313725490196077761e-01,0.000000000000000000e+00,2.396802254544777355e+01,9.324068450927734375e+01,3.514333747442000089e+01,channels
1.568627450980392135e-02,0.000000000000000000e+00,0.000000000000000000e+00,3.428043113687289645e-01,3.505551218986511230e-01,4.657191159400192459e-01,channels
0.000000000000000000e+00,0.000000000000000000e+00,7.803921568627451011e-01,1.880834057716497654e+01,1.590478515625000000e+01,1.085941852480848127e+02,channels
2.117647058823529382e-01,0.000000000000000000e+00,0.000000000000000000e+00,5.261649760644571572e+00,2.479482412338256836e+00,4.952418815395653318e-01,channels
7.098039215686274828e-01,0.000000000000000000e+00,0.000000000000000000e+00,7.489486415144776288e+01,3.277862930297851562e+01,1.672197819359009907e+00,channels
2.784313725490196179e-01,0.000000000000000000e+00,0.000000000000000000e+00,9.787141973158336228e+00,4.440453529357910156e+00,6.104922921952286030e-01,channels
1.215686274509803905e-01,0.000000000000000000e+00,0.000000000000000000e+00,1.711443013435736349e+00,9.501127004623413086e-01,4.825309795027756254e-01,channels
0.000000000000000000e+00,7.019607843137254388e-01,0.000000000000000000e+00,1.626627919472177197e+01,6.332551956176757812e+01,2.491232533755655965e+01,channels
4.941176470588235503e-01,0.000000000000000000e+00,0.000000000000000000e+00,3.351088765333471997e+01,1.476898479461669922e+01,1.029257899659789643e+00,channels
1.333333333333333315e-01,0.000000000000000000e+00,0.000000000000000000e+00,2.019109800600585647e+00,1.066048145294189453e+00,4.832697454067367837e-01,channels
1.764705882352941013e-01,0.000000000000000000e+00,0.000000000000000000e+00,3.393668729046506627e+00,1.648814201354980469e+00,4.764627314746801567e-01,channels
6.980392156862744724e-01,0.000000000000000000e+00,0.000000000000000000e+00,7.189700957083596222e+01,3.148513412475585938e+01,1.682942279570044608e+00,channels
4.392156862745097978e-01,0.000000000000000000e+00,0.000000000000000000e+00,2.580447269671316946e+01,1.141738033294677734e+01,8.975438041423868807e-01,channels
0.000000000000000000e+00,0.000000000000000000e+00,7.882352941176470340e-01,1.926072483253684453e+01,1.631202125549316406e+01,1.113549620111180332e+02,channels
3.921568627450980338e-01,0.000000000000000000e+00,0.000000000000000000e+00,2.013499300730397934e+01,8.969406127929687500e+00,8.585505977350503803e-01,channels
0.000000000000000000e+00,8.078431372549019773e-01,0.000000000000000000e+00,2.259749376032203827e+01,8.797195434570312500e+01,3.344886852644353326e+01,channels
0.000000000000000000e+00,4.705882352941176405e-01,0.000000000000000000e+00,6.923150319534872033e+00,2.639438056945800781e+01,1.100372579611461177e+01,channels
9.960784313725490335e-01,0.000000000000000000e+00,0.000000000000000000e+00,1.639090121885155327e+02,7.134620666503906250e+01,2.177269065461443720e+00,channels
0.000000000000000000e+00,6.980392156862744724e-01,0.000000000000000000e+00,1.607784552958088398e+01,6.254198074340820312e+01,2.455988738687274875e+01,channels
0.000000000000000000e+00,5.333333333333333259e-01,0.000000000000000000e+00,8.975864475698765332e+00,3.479275131225585938e+01,1.421885720017311527e+01,channels
7.921568627450980005e-01,0.000000000000000000e+00,0.000000000000000000e+00,9.730491629803267983e+01,4.251248550415039062e+01,1.903942660760387984e+00,channels
0.000000000000000000e+00,6.431372549019607199e-01,0.000000000000000000e+00,1.334071493242385920e+01,5.167284774780273438e+01,2.061714094871903669e+01,channels
0.000000000000000000e+00,0.000000000000000000e+00,9.137254901960784048e-01,2.913434730655411897e+01,2.540031051635742188e+01,1.682148569421730713e+02,channels
6.980392156862744724e-01,0.000000000000000000e+00,0.000000000000000000e+00,7.183185903331869326e+01,3.143586730957031250e+01,1.638528692013681232e+00,channels
0.000000000000000000e+00,0.000000000000000000e+00,1.294117647058823373e-01,5.881104418036465775e-01,5.503924489021301270e-01,2.001416721148796984e+00,channels
0.000000000000000000e+00,1.647058823529411742e-01,0.000000000000000000e+00,9.012556117165185787e-01,2.817030906677246094e+00,1.471095777160524642e+00,channels
4.352941176470588314e-01,0.000000000000000000e+00,0.000000000000000000e+00,2.534050773174192273e+01,1.121572208404541016e+01,8.926968555529386506e-01,channels
0.000000000000000000e+00,4.745098039215686070e-01,0.000000000000000000e+00,7.026303043591610731e+00,2.689131927490234375e+01,1.117085408353811893e+01,channels
0.000000000000000000e+00,0.000000000000000000e+00,4.823529411764705954e-01,6.304549843717571100e+00,5.238549709320068359e+00,3.585183608924196363e+01,channels
0.000000000000000000e+00,0.000000000000000000e+00,9.019607843137255054e-01,2.796010880941921073e+01,2.426278877258300781e+01,1.615882744761392473e+02,channels
5.215686274509804266e-01,0.000000000000000000e+00,0.000000000000000000e+00,3.782834968077930426e+01,1.667119216918945312e+01,1.186447806272590499e+00,channels
0.000000000000000000e+00,9.960784313725490335e-01,0.000000000000000000e+00,3.547415072595885022e+01,1.359937591552734375e+02,4.597499669118356280e+01,channels
0.000000000000000000e+00,0.000000000000000000e+00,5.098039215686274161e-01,7.182787341185050245e+00,5.982409477233886719e+00,4.086762547411876767e+01,channels
3.333333333333333148e-01,0.000000000000000000e+00,0.000000000000000000e+00,1.419085875567297350e+01,6.377460479736328125e+00,7.290007856101408112e-01,channels
0.000000000000000000e+00,6.078431372549019107e-01,0.000000000000000000e+00,1.189343176592951501e+01,4.623597717285156250e+01,1.860335254886182810e+01,channels
0.000000000000000000e+00,8.156862745098039102e-01,0.000000000000000000e+00,2.314814164332157631e+01,9.004891204833984375e+01,3.410745322529396617e+01,channels
9.529411764705881804e-01,0.000000000000000000e+00,0.000000000000000000e+00,1.558639131538844822e+02,6.788379669189453125e+01,2.202722364098954166e+00,channels
0.000000000000000000e+00,0.000000000000000000e+00,9.960784313725490335e-01,3.940121318680286322e+01,3.755599975585937500e+01,2.242561700005060459e+02,channels
0.000000000000000000e+00,8.509803921568627194e-01,0.000000000000000000e+00,2.565794347532433051e+01,9.962451934814453125e+01,3.719462188192744634e+01,channels
0.000000000000000000e+00,0.000000000000000000e+00,5.490196078431373028e-01,8.409892907578488064e+00,7.003770351409912109e+00,4.806608957768897028e+01,channels
0.000000000000000000e+00,9.803921568627450567e-01,0.000000000000000000e+00,3.466804421003933356e+01,1.332947692871093750e+02,4.563545541631368252e+01,channels
0.000000000000000000e+00,0.000000000000000000e+00,9.490196078431372140e-01,3.278450192189639267e+01,2.905599021911621094e+01,1.894281312724383497e+02,channels
0.000000000000000000e+00,2.901960784313725172e-01,0.000000000000000000e+00,2.582945410854266211e+00,9.304464340209960938e+00,4.163673043781592753e+00,channels
7.607843137254901578e-01,0.000000000000000000e+00,0.000000000000000000e+00,8.788238483700642689e+01,3.840402603149414062e+01,1.810482002807622059e+00,channels
0.000000000000000000e+00,3.803921568627450789e-01,0.000000000000000000e+00,4.408029598679651606e+00,1.664782714843750000e+01,7.084364687813114791e+00,channels
0.000000000000000000e+00,4.823529411764705954e-01,0.000000000000000000e+00,7.243222522385849516e+00,2.781310081481933594e+01,1.154729318247264302e+01,channels
2.901960784313725172e-01,0.000000000000000000e+00,0.000000000000000000e+00,1.040264786073077019e+01,4.713860511779785156e+00,6.285585931616740618e-01,channels
0.000000000000000000e+00,0.000000000000000000e+00,5.058823529411764497e-01,7.101365628855748291e+00,5.903612136840820312e+00,4.024843526534678517e+01,channels
0.000000000000000000e+00,0.000000000000000000e+00,8.117647058823529438e-01,2.083922883184739305e+01,1.773463439941406250e+01,1.205020695052742923e+02,channels
0.000000000000000000e+00,0.000000000000000000e+00,3.921568627450980338e-01,4.130932792830834366e+00,3.432294130325317383e+00,2.286159411895148352e+01,channels
0.000000000000000000e+00,5.647058823529411686e-01,0.000000000000000000e+00,1.015557338769158413e+01,3.936816787719726562e+01,1.601311044951820151e+01,channels
8.941176470588234615e-01,0.000000000000000000e+00,0.000000000000000000e+00,1.308223074505989132e+02,5.703727722167968750e+01,2.169408386862480942e+00,channels
0.000000000000000000e+00,0.000000000000000000e+00,1.294117647058823373e-01,5.305186020693846149e-01,5.023615956306457520e-01,2.000058845678042374e+00,channels
5.333333333333333259e-01,0.000000000000000000e+00,0.000000000000000000e+00,3.992695999581354727e+01,1.757399368286132812e+01,1.197710940870301721e+00,channels
8.000000000000000444e-01,0.000000000000000000e+00,0.000000000000000000e+00,1.002808561233039484e+02,4.380029678344726562e+01,1.887581034587336948e+00,channels
0.000000000000000000e+00,0.000000000000000000e+00,7.058823529411764053e-01,1.457884131856758358e+01,1.223455238342285156e+01,8.401472676655760097e+01,channels
0.000000000000000000e+00,0.000000000000000000e+00,7.254901960784313486e-01,1.560382574070301587e+01,1.312533092498779297e+01,9.000834140242176318e+01,channels
0.000000000000000000e+00,6.117647058823529882e-01,0.000000000000000000e+00,1.209144533701390323e+01,4.691165161132812500e+01,1.886679783165845237e+01,channels
0.000000000000000000e+00,4.235294117647058765e-01,0.000000000000000000e+00,5.538740152615914347e+00,2.106107902526855469e+01,8.847167881696991643e+00,channels
0.000000000000000000e+00,7.843137254901960675e-01,0.000000000000000000e+00,2.102510968073373832e+01,8.182493591308593750e+01,3.139829074417295729e+01,channels
8.352941176470588536e-01,0.000000000000000000e+00,0.000000000000000000e+00,1.115997495034183373e+02,4.871998596191406250e+01,2.042307622738729567e+00,channels
2.235294117647058654e-01,0.000000000000000000e+00,0.000000000000000000e+00,5.879251989910600606e+00,2.776581525802612305e+00,6.151997668831606925e-01,channels
0.000000000000000000e+00,0.000000000000000000e+00,5.568627450980392357e-01,8.729212807374473471e+00,7.256460189819335938e+00,4.972805096734902719e+01,channels
0.000000000000000000e+00,0.000000000000000000e+00,8.627450980392156743e-02,3.849479738198638423e-01,3.830507099628448486e-01,1.133539924789879416e+00,channels
0.000000000000000000e+00,0.000000000000000000e+00,8.039215686274510109e-01,2.020832030018356917e+01,1.717341423034667969e+01,1.170944882549904378e+02,channels
0.000000000000000000e+00,6.941176470588235059e-01,0.000000000000000000e+00,1.582386719289628374e+01,6.169397735595703125e+01,2.433187608728998441e+01,channels
7.686274509803920907e-01,0.000000000000000000e+00,0.000000000000000000e+00,8.889663027974094689e+01,3.884023666381835938e+01,1.772460970622000254e+00,channels
7.058823529411764053e-01,0.000000000000000000e+00,0.000000000000000000e+00,7.273262490654268220e+01,3.182069587707519531e+01,1.639045442741028369e+00,channels
0.000000000000000000e+00,0.000000000000000000e+00,6.666666666666666574e-02,4.347797947343594038e-01,4.217737019062042236e-01,9.023817296106215746e-01,channels
6.980392156862744724e-01,0.000000000000000000e+00,0.000000000000000000e+00,7.179254604273647544e+01,3.141757583618164062e+01,1.606090825631305341e+00,channels
3.686274509803921795e-01,0.000000000000000000e+00,0.000000000000000000e+00,1.749734548708671866e+01,7.802439212799072266e+00,7.672307796389603585e-01,channels
2.980392156862745057e-01,0.000000000000000000e+00,0.000000000000000000e+00,1.123074495532156369e+01,5.045320034027099609e+00,6.237954636166791467e-01,channels
3.490196078431372362e-01,0.000000000000000000e+00,0.000000000000000000e+00,1.558027326706747751e+01,6.967838764190673828e+00,7.447038164969199681e-01,channels
0.000000000000000000e+00,8.627450980392156743e-02,0.000000000000000000e+00,4.621069250613970003e-01,9.021806120872497559e-01,6.704025650753119292e-01,channels
0.000000000000000000e+00,0.000000000000000000e+00,2.274509803921568596e-01,1.455508334344685073e+00,1.246106147766113281e+00,7.140151605793687573e+00,channels
0.000000000000000000e+00,3.529411764705882304e-02,0.000000000000000000e+00,3.518292160300356408e-01,4.146157503128051758e-01,4.928500103883191596e-01,channels
1.333333333333333315e-01,0.000000000000000000e+00,0.000000000000000000e+00,2.077828176763273138e+00,1.115841627120971680e+00,5.160442816309059877e-01,channels
0.000000000000000000e+00,0.000000000000000000e+00,8.470588235294117530e-01,2.330584162685390126e+01,1.994698715209960938e+01,1.348364984840522141e+02,channels
0.000000000000000000e+00,0.000000000000000000e+00,2.078431372549019440e-01,1.154623760844080360e+00,1.003489255905151367e+00,5.526445787398143850e+00,channels
0.000000000000000000e+00,2.274509803921568596e-01,0.000000000000000000e+00,1.631270227920716520e+00,5.606445312500000000e+00,2.633684557306208873e+00,channels
0.000000000000000000e+00,0.000000000000000000e+00,1.725490196078431349e-01,8.787609959658582159e-01,7.828305959701538086e-01,3.838321410084728047e+00,channels
2.823529411764705843e-01,0.000000000000000000e+00,0.000000000000000000e+00,1.016225475802582423e+01,4.629705905914306641e+00,6.410969853241660354e-01,channels
0.000000000000000000e+00,3.882352941176470673e-01,0.000000000000000000e+00,4.572125899477167188e+00,1.737040519714355469e+01,7.338546491738587640e+00,channels
0.000000000000000000e+00,0.000000000000000000e+00,3.450980392156862697e-01,3.166129344384176036e+00,2.633445262908935547e+00,1.739930319868420483e+01,channels
0.000000000000000000e+00,0.000000000000000000e+00,1.490196078431372528e-01,7.081926716333337701e-01,6.343293786048889160e-01,2.784302522177793282e+00,channels
0.000000000000000000e+00,4.039215686274509887e-01,0.000000000000000000e+00,5.049434786061292257e+00,1.900061035156250000e+01,8.050570255171463074e+00,channels
0.000000000000000000e+00,2.862745098039215508e-01,0.000000000000000000e+00,2.605987029935652011e+00,9.318426132202148438e+00,4.159401096063710668e+00,channels
7.568627450980391913e-01,0.000000000000000000e+00,0.000000000000000000e+00,8.708667134862986359e+01,3.805401229858398438e+01,1.777305561463587535e+00,channels
0.000000000000000000e+00,2.274509803921568596e-01,0.000000000000000000e+00,1.647930920123859444e+00,5.625952720642089844e+00,2.660029841998750033e+00,channels
0.000000000000000000e+00,0.000000000000000000e+00,2.549019607843137081e-01,1.817773073177453957e+00,1.539512515068054199e+00,9.198002525809052088e+00,channels
0.000000000000000000e+00,0.000000000000000000e+00,8.745098039215686292e-01,2.540023625476867863e+01,2.186647987365722656e+01,1.468697859712853244e+02,channels
0.000000000000000000e+00,8.980392156862745390e-01,0.000000000000000000e+00,2.919643184044096174e+01,1.131844100952148438e+02,4.114576108126705378e+01,channels
5.137254901960783826e-01,0.000000000000000000e+00,0.000000000000000000e+00,3.648946379529545680e+01,1.606507110595703125e+01,1.073310246692719572e+00,channels
0.000000000000000000e+00,0.000000000000000000e+00,5.450980392156862253e-01,8.331298209788947418e+00,6.922507286071777344e+00,4.737735196859457432e+01,channels
8.627450980392156743e-02,0.000000000000000000e+00,0.000000000000000000e+00,9.153977897263119168e-01,5.981211662292480469e-01,4.994099718509223962e-01,channels
0.000000000000000000e+00,1.960784313725490169e-01,0.000000000000000000e+00,1.234323291486741470e+00,4.064502716064453125e+00,1.998687663975377227e+00,channels
8.274509803921568096e-01,0.000000000000000000e+00,0.000000000000000000e+00,1.084041695478674967e+02,4.732932281494140625e+01,1.993023783985122810e+00,channels
0.000000000000000000e+00,0.000000000000000000e+00,2.392156862745097867e-01,1.555976258733706263e+00,1.320654869079589844e+00,7.661122210637457464e+00,channels
7.450980392156862919e-01,0.000000000000000000e+00,0.000000000000000000e+00,8.314118874009571414e+01,3.632824707031250000e+01,1.763142821406372018e+00,channels
2.352941176470588203e-02,0.000000000000000000e+00,0.000000000000000000e+00,3.414879360555365118e-01,3.296219408512115479e-01,4.115261720913883647e-01,channels
0.000000000000000000e+00,3.137254901960784270e-01,0.000000000000000000e+00,2.980724996370136104e+00,1.113084888458251953e+01,4.876348133242073501e+00,channels
5.647058823529411686e-01,0.000000000000000000e+00,0.000000000000000000e+00,4.500789060622133775e+01,1.975368690490722656e+01,1.260695541951524667e+00,channels
0.000000000000000000e+00,0.000000000000000000e+00,9.568627450980391469e-01,3.338265797576674032e+01,2.960868072509765625e+01,1.925847338043569152e+02,channels
0.000000000000000000e+00,7.137254901960784492e-01,0.000000000000000000e+00,1.687587533739899825e+01,6.564403533935546875e+01,2.577776934734918157e+01,channels
0.000000000000000000e+00,8.274509803921568096e-01,0.000000000000000000e+00,2.394761474816184332e+01,9.315951538085937500e+01,3.512990092818133547e+01,channels
4.627450980392157076e-01,0.000000000000000000e+00,0.000000000000000000e+00,2.870257572211726682e+01,1.264128017425537109e+01,9.349140242012276003e-01,channels
0.000000000000000000e+00,2.156862745098039325e-01,0.000000000000000000e+00,1.501998887121661852e+00,4.996845722198486328e+00,2.398003703064513381e+00,channels
0.000000000000000000e+00,0.000000000000000000e+00,5.607843137254902022e-01,8.815329633207390714e+00,7.348045825958251953e+00,5.037769989276249305e+01,channels
0.000000000000000000e+00,0.000000000000000000e+00,3.411764705882353033e-01,3.105350816385134660e+00,2.598472595214843750e+00,1.687775585013697111e+01,channels
0.000000000000000000e+00,4.352941176470588314e-01,0.000000000000000000e+00,5.878750047223999076e+00,2.233271217346191406e+01,9.395305137330451473e+00,channels
0.000000000000000000e+00,0.000000000000000000e+00,9.019607843137254777e-02,4.452269794942927406e-01,4.353497326374053955e-01,1.240932862457206021e+00,channels
0.000000000000000000e+00,2.666666666666666630e-01,0.000000000000000000e+00,2.243851682217596011e+00,8.036381721496582031e+00,3.663052008362574163e+00,channels
2.941176470588235392e-01,0.000000000000000000e+00,0.000000000000000000e+00,1.094891848568790316e+01,4.942297935485839844e+00,6.005737827609523016e-01,channels
0.000000000000000000e+00,0.000000000000000000e+00,4.901960784313725283e-01,6.556625960073547255e+00,5.441797733306884766e+00,3.709349438496411011e+01,channels
0.000000000000000000e+00,0.000000000000000000e+00,5.019607843137254832e-01,6.915054386845337575e+00,5.739965915679931641e+00,3.923570384840297720e+01,channels
0.000000000000000000e+00,0.000000000000000000e+00,1.843137254901960898e-01,9.419755939585978677e-01,8.244263529777526855e-01,4.422741842723008077e+00,channels
0.000000000000000000e+00,1.019607843137254888e-01,0.000000000000000000e+00,5.142682970820631194e-01,1.160922169685363770e+00,8.049833704156303948e-01,channels
0.000000000000000000e+00,7.882352941176470340e-01,0.000000000000000000e+00,2.129931544917163322e+01,8.284239196777343750e+01,3.173115482115160191e+01,channels
0.000000000000000000e+00,7.098039215686274828e-01,0.000000000000000000e+00,1.660275111005777049e+01,6.475628662109375000e+01,2.540674172188168711e+01,channels
5.098039215686274439e-02,0.000000000000000000e+00,0.000000000000000000e+00,4.838769885713005148e-01,4.033987224102020264e-01,4.666637706174321942e-01,channels
9.411764705882352811e-01,0.000000000000000000e+00,0.000000000000000000e+00,1.520530259488803893e+02,6.620690917968750000e+01,2.166940271051804867e+00,channels
0.000000000000000000e+00,4.352941176470588314e-01,0.000000000000000000e+00,5.870247692984062127e+00,2.231275177001953125e+01,9.361629444323783744e+00,channels
0.000000000000000000e+00,0.000000000000000000e+00,3.058823529411764941e-01,2.533180685143291200e+00,2.119326353073120117e+00,1.355604438448686189e+01,channels
0.000000000000000000e+00,0.000000000000000000e+00,7.254901960784313486e-01,1.560385372181842456e+01,1.311508083343505859e+01,8.989119666355728100e+01,channels
0.000000000000000000e+00,0.000000000000000000e+00,3.921568627450980338e-02,3.342893689391515100e-01,3.472733497619628906e-01,6.013745511916049891e-01,channels
0.000000000000000000e+00,0.000000000000000000e+00,9.803921568627450567e-01,3.773275107936001405e+01,3.452743148803710938e+01,2.163631700235059441e+02,channels
5.568627450980392357e-01,0.000000000000000000e+00,0.000000000000000000e+00,4.341601452648178139e+01,1.908911323547363281e+01,1.243773419957027615e+00,channels
0.000000000000000000e+00,0.000000000000000000e+00,8.196078431372548767e-01,2.128239976655601495e+01,1.811618614196777344e+01,1.231488866174941990e+02,channels
1.686274509803921684e-01,0.000000000000000000e+00,0.000000000000000000e+00,3.299679760468310796e+00,1.634667634963989258e+00,5.062244750136672966e-01,channels
0.000000000000000000e+00,0.000000000000000000e+00,7.058823529411764608e-02,3.844852731305021254e-01,3.935211002826690674e-01,9.529172729321528923e-01,channels
6.862745098039215730e-01,0.000000000000000000e+00,0.000000000000000000e+00,6.949349623929020936e+01,3.042103767395019531e+01,1.583074914528372901e+00,channels
0.000000000000000000e+00,0.000000000000000000e+00,2.196078431372548989e-01,1.410833533617406044e+00,1.196856141090393066e+00,6.669936388694974738e+00,channels
0.000000000000000000e+00,4.039215686274509887e-01,0.000000000000000000e+00,5.035788307009680942e+00,1.897124862670898438e+01,8.060474308583705394e+00,channels
0.000000000000000000e+00,0.000000000000000000e+00,1.529411764705882470e-01,7.551786963554769638e-01,6.821405291557312012e-01,2.993286685282946280e+00,channels
7.411764705882353255e-01,0.000000000000000000e+00,0.000000000000000000e+00,8.248612758208655293e+01,3.606616592407226562e+01,1.787766036419967008e+00,channels
0.000000000000000000e+00,8.313725490196077761e-01,0.000000000000000000e+00,2.396694542835184905e+01,9.312718963623046875e+01,3.512563996913924314e+01,channels
4.588235294117646856e-01,0.000000000000000000e+00,0.000000000000000000e+00,2.840702629856669859e+01,1.255787754058837891e+01,9.871060563522995324e-01,channels
0.000000000000000000e+00,2.352941176470588203e-01,0.000000000000000000e+00,1.798278675270425619e+00,6.085452556610107422e+00,2.856188431963620822e+00,channels
0.000000000000000000e+00,3.176470588235293935e-01,0.000000000000000000e+00,3.054531167860737639e+00,1.138008975982666016e+01,4.971262892467840366e+00,channels
0.000000000000000000e+00,3.019607843137254721e-01,0.000000000000000000e+00,2.850112090558723832e+00,1.033135223388671875e+01,4.596977554198261373e+00,channels
5.490196078431373028e-01,0.000000000000000000e+00,0.000000000000000000e+00,4.220984549908134653e+01,1.855167007446289062e+01,1.216177900042964222e+00,channels
5.254901960784313930e-01,0.000000000000000000e+00,0.000000000000000000e+00,3.840357170263383324e+01,1.688985061645507812e+01,1.144746231192486530e+00,channels
0.000000000000000000e+00,5.882352941176470507e-02,0.000000000000000000e+00,3.715700119089269116e-01,5.609935522079467773e-01,5.812392423639756167e-01,channels
3.490196078431372362e-01,0.000000000000000000e+00,0.000000000000000000e+00,1.558527330636110442e+01,6.979831695556640625e+00,7.724172502813181351e-01,channels
9.764705882352940902e-01,0.000000000000000000e+00,0.000000000000000000e+00,1.620601470400678181e+02,7.054631805419921875e+01,2.210331426485979467e+00,channels
0.000000000000000000e+00,0.000000000000000000e+00,3.725490196078431460e-01,3.725237675601576814e+00,3.093850374221801758e+00,2.039568335044671699e+01,channels
0.000000000000000000e+00,0.000000000000000000e+00,2.745098039215686514e-01,2.050772536744836838e+00,1.714846134185791016e+00,1.081381055529391411e+01,channels
5.098039215686274439e-02,0.000000000000000000e+00,0.000000000000000000e+00,4.616860230026952894e-01,3.646918833255767822e-01,4.383306388314413549e-01,channels
0.000000000000000000e+00,5.450980392156862253e-01,0.000000000000000000e+00,9.438116626356185535e+00,3.645386505126953125e+01,1.489672909088146646e+01,channels
2.627450980392156965e-01,0.000000000000000000e+00,0.000000000000000000e+00,8.685710822838942136e+00,3.959059476852416992e+00,5.731704161832954503e-01,channels
0.000000000000000000e+00,0.000000000000000000e+00,4.705882352941176405e-01,6.050261614334542237e+00,5.027040958404541016e+00,3.390453123838985761e+01,channels
0.000000000000000000e+00,0.000000000000000000e+00,2.627450980392156965e-01,1.876196759077397358e+00,1.587732315063476562e+00,9.817159360012258418e+00,channels
2.392156862745097867e-01,0.000000000000000000e+00,0.000000000000000000e+00,6.806774265805588087e+00,3.159195423126220703e+00,6.200874946469161486e-01,channels
0.000000000000000000e+00,7.294117647058823151e-01,0.000000000000000000e+00,1.770614971358713774e+01,6.883268737792968750e+01,2.691151237993866729e+01,channels
0.000000000000000000e+00,0.000000000000000000e+00,5.607843137254902022e-01,8.769752584197229694e+00,7.308518886566162109e+00,5.025165590414761141e+01,channels
0.000000000000000000e+00,8.313725490196077761e-01,0.000000000000000000e+00,2.394188074780554487e+01,9.311976623535156250e+01,3.510909386097441143e+01,channels
0.000000000000000000e+00,0.000000000000000000e+00,2.784313725490196179e-01,2.100032127298549600e+00,1.774553656578063965e+00,1.109062641255163939e+01,channels
0.000000000000000000e+00,5.215686274509804266e-01,0.000000000000000000e+00,8.624502918196348844e+00,3.322258377075195312e+01,1.362714121817333357e+01,channels
2.196078431372548989e-01,0.000000000000000000e+00,0.000000000000000000e+00,5.805697617105131769e+00,2.728555679321289062e+00,5.704089440281916445e-01,channels
1.000000000000000000e+00,0.000000000000000000e+00,0.000000000000000000e+00,1.639917777602929334e+02,7.139536285400390625e+01,2.206553811973260615e+00,channels
0.000000000000000000e+00,0.000000000000000000e+00,3.843137254901960453e-01,3.913921900328122927e+00,3.254973411560058594e+00,2.132532950162186225e+01,channels
0.000000000000000000e+00,2.627450980392156965e-01,0.000000000000000000e+00,2.169232399823175950e+00,7.763327121734619141e+00,3.509943126237264011e+00,channels
2.549019607843137081e-01,0.000000000000000000e+00,0.000000000000000000e+00,8.214662894012834116e+00,3.776342153549194336e+00,6.240523191684030913e-01,channels
0.000000000000000000e+00,0.000000000000000000e+00,5.803921568627450345e-01,9.320508896122960962e+00,7.759725570678710938e+00,5.338193060470727147e+01,channels
0.000000000000000000e+00,0.000000000000000000e+00,6.509803921568627638e-01,1.217384617342766262e+01,1.016615295410156250e+01,7.008115744321318630e+01,channels
9.882352941176471006e-01,0.000000000000000000e+00,0.000000000000000000e+00,1.634626793745815121e+02,7.114675903320312500e+01,2.188407637500671576e+00,channels
0.000000000000000000e+00,0.000000000000000000e+00,2.313725490196078538e-01,1.495369869873097723e+00,1.272257328033447266e+00,7.405285915885181147e+00,channels
0.000000000000000000e+00,9.843137254901960231e-01,0.000000000000000000e+00,3.496192986206599329e+01,1.343053131103515625e+02,4.579477185964795893e+01,channels
3.921568627450980338e-02,0.000000000000000000e+00,0.000000000000000000e+00,4.327807912022397785e-01,3.929218053817749023e-01,4.780374415128206822e-01,channels
0.000000000000000000e+00,0.000000000000000000e+00,6.313725490196078205e-01,1.136841042485435693e+01,9.494300842285156250e+00,6.547687549780978600e+01,channels
7.725490196078431682e-01,0.000000000000000000e+00,0.000000000000000000e+00,9.127129809530786986e+01,3.989382934570312500e+01,1.863683721280871897e+00,channels
0.000000000000000000e+00,9.411764705882352811e-02,0.000000000000000000e+00,5.082673559651395001e-01,1.039444327354431152e+00,7.827712967136126743e-01,channels
9.725490196078431238e-01,0.000000000000000000e+00,0.000000000000000000e+00,1.607855633582059340e+02,6.997399902343750000e+01,2.161646757482574177e+00,channels
0.000000000000000000e+00,0.000000000000000000e+00,2.901960784313725172e-01,2.267564292397363346e+00,1.903348445892333984e+00,1.183795275415710080e+01,channels
0.000000000000000000e+00,8.078431372549019773e-01,0.000000000000000000e+00,2.259890246321094764e+01,8.785770416259765625e+01,3.339571304907513394e+01,channels
0.000000000000000000e+00,9.803921568627450844e-02,0.000000000000000000e+00,5.133430965833347681e-01,1.101205945014953613e+00,7.940663562547065624e-01,channels
0.000000000000000000e+00,4.784313725490195734e-01,0.000000000000000000e+00,6.997933008191841608e+00,2.676062583923339844e+01,1.113245389720903589e+01,channels
8.784313725490195957e-01,0.000000000000000000e+00,0.000000000000000000e+00,1.258700402957497175e+02,5.489788055419921875e+01,2.128601621673347211e+00,channels
6.392156862745097534e-01,0.000000000000000000e+00,0.000000000000000000e+00,5.900561532098512885e+01,2.589459800720214844e+01,1.489284376404245824e+00,channels
5.333333333333333259e-01,0.000000000000000000e+00,0.000000000000000000e+00,3.968742525473152938e+01,1.745431900024414062e+01,1.156604613109964319e+00,channels
3.098039215686274606e-01,0.000000000000000000e+00,0.000000000000000000e+00,1.223541359447757593e+01,5.519207954406738281e+00,6.855005422945442684e-01,channels
0.000000000000000000e+00,0.000000000000000000e+00,1.607843137254901800e-01,7.872740843987415804e-01,6.947253346443176270e-01,3.210322278485739034e+00,channels
0.000000000000000000e+00,0.000000000000000000e+00,9.058823529411764719e-01,2.823323571607643956e+01,2.451588630676269531e+01,1.628844237023568553e+02,channels
0.000000000000000000e+00,0.000000000000000000e+00,5.450980392156862253e-01,8.283373298197888701e+00,6.885912895202636719e+00,4.721881450224305610e+01,channels
0.000000000000000000e+00,0.000000000000000000e+00,7.333333333333332815e-01,1.599952770307980643e+01,1.346414279937744141e+01,9.232433899755477569e+01,channels
0.000000000000000000e+00,0.000000000000000000e+00,1.921568627450980227e-01,1.043342582221527426e+00,9.158560037612915039e-01,4.600589868449948661e+00,channels
0.000000000000000000e+00,0.000000000000000000e+00,1.098039215686274495e-01,4.791608055117503873e-01,4.570361971855163574e-01,1.618048436272107038e+00,channels
7.372549019607843590e-01,0.000000000000000000e+00,0.000000000000000000e+00,8.120363997213310370e+01,3.548020172119140625e+01,1.718122566034419041e+00,channels
0.000000000000000000e+00,9.019607843137254777e-02,0.000000000000000000e+00,4.692626822013936660e-01,9.437874555587768555e-01,7.105469501158684364e-01,channels
0.000000000000000000e+00,0.000000000000000000e+00,1.215686274509803905e-01,5.770219142798231893e-01,5.384384989738464355e-01,1.958693541353082601e+00,channels
0.000000000000000000e+00,0.000000000000000000e+00,5.607843137254902022e-01,8.759302803311914687e+00,7.278667449951171875e+00,5.021279338345565435e+01,channels
0.000000000000000000e+00,6.941176470588235059e-01,0.000000000000000000e+00,1.577768840858000488e+01,6.155395126342773438e+01,2.427187711267774617e+01,channels
0.000000000000000000e+00,0.000000000000000000e+00,0.000000000000000000e+00,2.926318725960317946e-01,3.139253258705139160e-01,4.480495285949315787e-01,channels
0.000000000000000000e+00,4.509803921568627527e-01,0.000000000000000000e+00,6.297876818971943180e+00,2.403000640869140625e+01,1.006963101569654739e+01,channels
1.882352941176470562e-01,0.000000000000000000e+00,0.000000000000000000e+00,4.071287050234330351e+00,1.971672296524047852e+00,5.530257552740751592e-01,channels
0.000000000000000000e+00,0.000000000000000000e+00,4.980392156862745168e-01,6.814444341338730560e+00,5.654919624328613281e+00,3.865054065780557835e+01,channels
0.000000000000000000e+00,9.333333333333333481e-01,0.000000000000000000e+00,3.207285775872608014e+01,1.238668746948242188e+02,4.390825799901980986e+01,channels
0.000000000000000000e+00,9.098039215686274384e-01,0.000000000000000000e+00,3.015748571802990696e+01,1.167236938476562500e+02,4.210368870260981566e+01,channels
0.000000000000000000e+00,0.000000000000000000e+00,6.666666666666666574e-02,3.501171381520403192e-01,3.548614680767059326e-01,8.517794049365497999e-01,channels
0.000000000000000000e+00,2.156862745098039325e-01,0.000000000000000000e+00,1.451232025207636500e+00,4.945729255676269531e+00,2.344943938864330946e+00,channels
3.921568627450980338e-01,0.000000000000000000e+00,0.000000000000000000e+00,2.005865161705110467e+01,8.930951118469238281e+00,8.344960541410983978e-01,channels
7.843137254901960675e-02,0.000000000000000000e+00,0.000000000000000000e+00,7.504075262253890877e-01,5.070926547050476074e-01,4.372963139760219220e-01,channels
0.000000000000000000e+00,0.000000000000000000e+00,8.745098039215686292e-01,2.543533554359976279e+01,2.189427947998046875e+01,1.467212565939516651e+02,channels
0.000000000000000000e+00,4.823529411764705954e-01,0.000000000000000000e+00,7.269019867662675161e+00,2.780457496643066406e+01,1.153799259038120617e+01,channels
8.941176470588234615e-01,0.000000000000000000e+00,0.000000000000000000e+00,1.307027012536650261e+02,5.699840927124023438e+01,2.161871792828728989e+00,channels
0.000000000000000000e+00,3.137254901960784270e-02,0.000000000000000000e+00,3.310203934743116694e-01,3.770866096019744873e-01,4.718741234582786714e-01,channels
0.000000000000000000e+00,0.000000000000000000e+00,3.647058823529411575e-01,3.604069862586690487e+00,2.993540287017822266e+00,1.959989781962168109e+01,channels
9.490196078431372140e-01,0.000000000000000000e+00,0.000000000000000000e+00,1.552832500317236111e+02,6.760838317871093750e+01,2.174170454314211742e+00,channels
0.000000000000000000e+00,4.588235294117646856e-01,0.000000000000000000e+00,6.534941143042277467e+00,2.490905570983886719e+01,1.041932286876240354e+01,channels
0.000000000000000000e+00,0.000000000000000000e+00,5.568627450980392357e-01,8.725774435166176346e+00,7.264414310455322266e+00,4.957237339928217779e+01,channels
9.019607843137254777e-02,0.000000000000000000e+00,0.000000000000000000e+00,9.862018104381786721e-01,6.297906041145324707e-01,4.775255975297434397e-01,channels
0.000000000000000000e+00,0.000000000000000000e+00,6.352941176470587870e-01,1.153473367963549201e+01,9.634449958801269531e+00,6.628669047732567776e+01,channels
0.000000000000000000e+00,8.196078431372548767e-01,0.000000000000000000e+00,2.337925727823207467e+01,9.097216033935546875e+01,3.445544247939540838e+01,channels
0.000000000000000000e+00,0.000000000000000000e+00,5.647058823529411686e-01,8.894541132732008748e+00,7.416571617126464844e+00,5.092868574326435294e+01,channels
0.000000000000000000e+00,0.000000000000000000e+00,7.607843137254901578e-01,1.747953157527475909e+01,1.475178718566894531e+01,1.009092939564489910e+02,channels
1.607843137254901800e-01,0.000000000000000000e+00,0.000000000000000000e+00,2.841275866245622339e+00,1.425236940383911133e+00,5.167330060938980507e-01,channels
0.000000000000000000e+00,2.274509803921568596e-01,0.000000000000000000e+00,1.617977198675547346e+00,5.574299335479736328e+00,2.627509235195751636e+00,channels
5.333333333333333259e-01,0.000000000000000000e+00,0.000000000000000000e+00,3.969545193530404958e+01,1.745518875122070312e+01,1.122839827492649434e+00,channels
1.725490196078431349e-01,0.000000000000000000e+00,0.000000000000000000e+00,3.362021551726805502e+00,1.618034958839416504e+00,4.563433936673758073e-01,channels
4.705882352941176405e-02,0.000000000000000000e+00,0.000000000000000000e+00,4.789824716526994708e-01,3.988948464393615723e-01,4.755601590299171622e-01,channels
0.000000000000000000e+00,7.490196078431372584e-01,0.000000000000000000e+00,1.865744547369877537e+01,7.279166412353515625e+01,2.825347819230132629e+01,channels
3.647058823529411575e-01,0.000000000000000000e+00,0.000000000000000000e+00,1.704044202071690606e+01,7.637789726257324219e+00,8.021744295673870484e-01,channels
7.490196078431372584e-01,0.000000000000000000e+00,0.000000000000000000e+00,8.476315731961263111e+01,3.704029846191406250e+01,1.739912560192681923e+00,channels
0.000000000000000000e+00,0.000000000000000000e+00,9.607843137254902244e-01,3.439140299591748118e+01,3.067697715759277344e+01,1.981723066566959233e+02,channels
0.000000000000000000e+00,3.019607843137254721e-01,0.000000000000000000e+00,2.854603561119766209e+00,1.033740711212158203e+01,4.588474201041466749e+00,channels
0.000000000000000000e+00,7.450980392156862919e-01,0.000000000000000000e+00,1.846869386537266067e+01,7.197329711914062500e+01,2.799029557435013515e+01,channels
6.156862745098039547e-01,0.000000000000000000e+00,0.000000000000000000e+00,5.462611565022992721e+01,2.398389434814453125e+01,1.430365157028593570e+00,channels
0.000000000000000000e+00,8.039215686274510109e-01,0.000000000000000000e+00,2.229201818907832333e+01,8.680131530761718750e+01,3.304543087154689829e+01,channels
0.000000000000000000e+00,0.000000000000000000e+00,1.764705882352941013e-01,8.436290525209211300e-01,7.550104260444641113e-01,3.824736705539511838e+00,channels
2.352941176470588203e-01,0.000000000000000000e+00,0.000000000000000000e+00,6.775982853200353873e+00,3.145617485046386719e+00,5.948795913547210157e-01,channels
5.686274509803921351e-01,0.000000000000000000e+00,0.000000000000000000e+00,4.553050680248702520e+01,2.000001716613769531e+01,1.257308448247922872e+00,channels
0.000000000000000000e+00,0.000000000000000000e+00,8.392156862745098200e-01,2.274302221490777498e+01,1.942537307739257812e+01,1.313584181645547346e+02,channels
0.000000000000000000e+00,3.960784313725490002e-01,0.000000000000000000e+00,4.767970584088975450e+00,1.807875633239746094e+01,7.713155193020701184e+00,channels
0.000000000000000000e+00,5.999999999999999778e-01,0.000000000000000000e+00,1.153902959746891277e+01,4.476024246215820312e+01,1.808284474832338162e+01,channels
6.666666666666666574e-02,0.000000000000000000e+00,0.000000000000000000e+00,6.459276483858343854e-01,4.790473282337188721e-01,4.794618446470367834e-01,channels
0.000000000000000000e+00,4.901960784313725283e-01,0.000000000000000000e+00,7.455048931981338001e+00,2.868772125244140625e+01,1.186869430859753827e+01,channels
0.000000000000000000e+00,8.941176470588234615e-01,0.000000000000000000e+00,2.855451159456211130e+01,1.107837448120117188e+02,4.048540668521317087e+01,channels
0.000000000000000000e+00,7.882352941176470340e-01,0.000000000000000000e+00,2.124785973790763194e+01,8.270043945312500000e+01,3.169654183323669727e+01,channels
8.980392156862745390e-01,0.000000000000000000e+00,0.000000000000000000e+00,1.338274927823599967e+02,5.834742355346679688e+01,2.152803028381514494e+00,channels
0.000000000000000000e+00,0.000000000000000000e+00,4.000000000000000222e-01,4.295523690663356930e+00,3.567762851715087891e+00,2.372527617106468867e+01,channels
1.882352941176470562e-01,0.000000000000000000e+00,0.000000000000000000e+00,4.022623506631982870e+00,1.924361705780029297e+00,5.126656689879038886e-01,channels
0.000000000000000000e+00,9.647058823529411908e-01,0.000000000000000000e+00,3.404922987266461831e+01,1.312510528564453125e+02,4.529383436550763520e+01,channels
1.529411764705882470e-01,0.000000000000000000e+00,0.000000000000000000e+00,2.634621895364986699e+00,1.336753487586975098e+00,4.801126906060586563e-01,channels
0.000000000000000000e+00,8.627450980392156743e-02,0.000000000000000000e+00,4.782051664061600094e-01,9.068089723587036133e-01,7.051946584445331068e-01,channels
5.490196078431373028e-01,0.000000000000000000e+00,0.000000000000000000e+00,4.214457530453184120e+01,1.854228019714355469e+01,1.191864626900520197e+00,channels
0.000000000000000000e+00,6.666666666666666574e-02,0.000000000000000000e+00,3.854555429774624842e-01,6.303982734680175781e-01,5.848720575338069994e-01,channels
4.313725490196078649e-01,0.000000000000000000e+00,0.000000000000000000e+00,2.475303012774530487e+01,1.095104980468750000e+01,9.041586091445110718e-01,channels
5.882352941176470784e-01,0.000000000000000000e+00,0.000000000000000000e+00,4.907770232948781342e+01,2.155771446228027344e+01,1.311160931928841755e+00,channels
0.000000000000000000e+00,6.117647058823529882e-01,0.000000000000000000e+00,1.202725580507656211e+01,4.671823883056640625e+01,1.872550412292645916e+01,channels
0.000000000000000000e+00,3.137254901960784270e-01,0.000000000000000000e+00,3.069904543506499550e+00,1.115573596954345703e+01,4.930222994730767638e+00,channels
0.000000000000000000e+00,3.176470588235293935e-01,0.000000000000000000e+00,3.131205743305290223e+00,1.141963195800781250e+01,5.025134822997003425e+00,channels
5.764705882352940680e-01,0.000000000000000000e+00,0.000000000000000000e+00,4.691328556013930040e+01,2.060962295532226562e+01,1.250314464206728093e+00,channels
0.000000000000000000e+00,5.568627450980392357e-01,0.000000000000000000e+00,9.837175915620711919e+00,3.804523468017578125e+01,1.543668876537109114e+01,channels
0.000000000000000000e+00,5.372549019607842924e-01,0.000000000000000000e+00,9.089755590178716815e+00,3.520000457763671875e+01,1.440372123280227079e+01,channels
8.705882352941176627e-01,0.000000000000000000e+00,0.000000000000000000e+00,1.231563614580648505e+02,5.372052001953125000e+01,2.136027469764477882e+00,channels
9.333333333333333481e-01,0.000000000000000000e+00,0.000000000000000000e+00,1.495223066876389737e+02,6.514656066894531250e+01,2.233403991455830795e+00,channels
0.000000000000000000e+00,0.000000000000000000e+00,6.352941176470587870e-01,1.150785737418064869e+01,9.598231315612792969e+00,6.621756722192556310e+01,channels
7.450980392156862642e-02,0.000000000000000000e+00,0.000000000000000000e+00,7.905905172930361990e-01,5.633410215377807617e-01,4.998336685437654858e-01,channels
0.000000000000000000e+00,2.431372549019607809e-01,0.000000000000000000e+00,1.855665915960501788e+00,6.500337123870849609e+00,3.003648275859442496e+00,channels
0.000000000000000000e+00,2.980392156862745057e-01,0.000000000000000000e+00,2.764249168036016169e+00,1.002787017822265625e+01,4.427008202289178129e+00,channels
0.000000000000000000e+00,0.000000000000000000e+00,7.450980392156862919e-01,1.658549267396893612e+01,1.398042106628417969e+01,9.576891273908849200e+01,channels
0.000000000000000000e+00,0.000000000000000000e+00,7.882352941176470340e-01,1.917966845904088657e+01,1.625319099426269531e+01,1.108148791188835105e+02,channels
0.000000000000000000e+00,0.000000000000000000e+00,5.882352941176470784e-01,9.694929950931047813e+00,8.076313018798828125e+00,5.554336312665682129e+01,channels
0.000000000000000000e+00,0.000000000000000000e+00,6.666666666666666297e-01,1.284413058169987742e+01,1.074621582031250000e+01,7.382895974481544954e+01,channels
0.000000000000000000e+00,7.137254901960784492e-01,0.000000000000000000e+00,1.681454127412563082e+01,6.549388122558593750e+01,2.571678693827479023e+01,channels
2.745098039215686514e-01,0.000000000000000000e+00,0.000000000000000000e+00,9.514389267359934621e+00,4.336471557617187500e+00,6.523381790905319333e-01,channels
0.000000000000000000e+00,0.000000000000000000e+00,4.196078431372549100e-01,4.697269081597753804e+00,3.901520013809204102e+00,2.620904655224188673e+01,channels
0.000000000000000000e+00,6.549019607843137303e-01,0.000000000000000000e+00,1.396612072709240948e+01,5.417332839965820312e+01,2.161089007448429911e+01,channels
0.000000000000000000e+00,0.000000000000000000e+00,9.647058823529411908e-01,3.498549017574963926e+01,3.135649108886718750e+01,2.013229393609052238e+02,channels
0.000000000000000000e+00,0.000000000000000000e+00,9.019607843137254777e-02,4.860533379360840733e-01,4.650204777717590332e-01,1.311214342585509840e+00,channels
0.000000000000000000e+00,0.000000000000000000e+00,7.294117647058823151e-01,1.572581593571569059e+01,1.324151134490966797e+01,9.087058201009428160e+01,channels
0.000000000000000000e+00,1.058823529411764691e-01,0.000000000000000000e+00,5.749430097416067253e-01,1.279088854789733887e+00,8.709886275191406346e-01,channels
0.000000000000000000e+00,0.000000000000000000e+00,5.960784313725490113e-01,9.967482474870831055e+00,8.308660507202148438e+00,5.747861710714780514e+01,channels
0.000000000000000000e+00,0.000000000000000000e+00,2.156862745098039325e-01,1.290614663348192748e+00,1.112391471862792969e+00,6.248540007073531299e+00,channels
8.784313725490195957e-01,0.000000000000000000e+00,0.000000000000000000e+00,1.257950320641115383e+02,5.484875869750976562e+01,2.063100922223186640e+00,channels
0.000000000000000000e+00,0.000000000000000000e+00,1.843137254901960898e-01,9.568919262941452120e-01,8.369801640510559082e-01,4.427694449066620130e+00,channels
0.000000000000000000e+00,0.000000000000000000e+00,8.392156862745098200e-01,2.263793196746167879e+01,1.934468650817871094e+01,1.312060409083952095e+02,channels
0.000000000000000000e+00,0.000000000000000000e+00,6.745098039215686736e-01,1.316941205293779582e+01,1.102623367309570312e+01,7.581051932809994298e+01,channels
0.000000000000000000e+00,0.000000000000000000e+00,1.725490196078431349e-01,9.089969108410842491e-01,8.097369074821472168e-01,3.843226425201072605e+00,channels
8.901960784313724950e-01,0.000000000000000000e+00,0.000000000000000000e+00,1.306363741454503327e+02,5.696314620971679688e+01,2.126882835199510158e+00,channels
5.921568627450980449e-01,0.000000000000000000e+00,0.000000000000000000e+00,4.979490404090135058e+01,2.186330223083496094e+01,1.345625577492670422e+00,channels
7.215686274509803821e-01,0.000000000000000000e+00,0.000000000000000000e+00,7.753910808887643213e+01,3.393708419799804688e+01,1.738460582142802080e+00,channels
0.000000000000000000e+00,3.843137254901960453e-01,0.000000000000000000e+00,4.472542465650924726e+00,1.661536598205566406e+01,7.116541540415067146e+00,channels
0.000000000000000000e+00,0.000000000000000000e+00,5.999999999999999778e-01,1.017589572889914251e+01,8.469086647033691406e+00,5.831206215266377768e+01,channels
7.490196078431372584e-01,0.000000000000000000e+00,0.000000000000000000e+00,8.473917231770261083e+01,3.705137634277343750e+01,1.793552220520920004e+00,channels
0.000000000000000000e+00,0.000000000000000000e+00,2.313725490196078538e-01,1.507830133255444238e+00,1.277388095855712891e+00,7.405972135130540757e+00,channels
0.000000000000000000e+00,0.000000000000000000e+00,3.294117647058823484e-01,2.959688529374593813e+00,2.474558115005493164e+00,1.565306381052813300e+01,channels
9.098039215686274384e-01,0.000000000000000000e+00,0.000000000000000000e+00,1.391868224953853428e+02,6.065606307983398438e+01,2.140962701474987462e+00,channels
0.000000000000000000e+00,8.156862745098039102e-01,0.000000000000000000e+00,2.308098242755790608e+01,8.980761718750000000e+01,3.406870467277176573e+01,channels
0.000000000000000000e+00,0.000000000000000000e+00,7.019607843137254388e-01,1.446197804291917954e+01,1.214229583740234375e+01,8.360982144186428400e+01,channels
0.000000000000000000e+00,0.000000000000000000e+00,5.411764705882352589e-01,8.114544725967528294e+00,6.741928577423095703e+00,4.639074271174265363e+01,channels
0.000000000000000000e+00,6.705882352941175961e-01,0.000000000000000000e+00,1.459238301169399854e+01,5.688579177856445312e+01,2.255324188433952770e+01,channels
0.000000000000000000e+00,0.000000000000000000e+00,1.960784313725490169e-02,2.647720976996449371e-01,2.938185930252075195e-01,4.346787157727303175e-01,channels
3.411764705882353033e-01,0.000000000000000000e+00,0.000000000000000000e+00,1.487125606307801995e+01,6.694936752319335938e+00,7.339795148732112251e-01,channels
7.803921568627451011e-01,0.000000000000000000e+00,0.000000000000000000e+00,9.373919101185005331e+01,4.096502304077148438e+01,1.847349493575539903e+00,channels
0.000000000000000000e+00,9.882352941176471006e-01,0.000000000000000000e+00,3.515813378170500414e+01,1.350445098876953125e+02,4.584551632176579261e+01,channels
0.000000000000000000e+00,0.000000000000000000e+00,8.156862745098039102e-01,2.106187300052485867e+01,1.793519210815429688e+01,1.215902192524475254e+02,channels
0.000000000000000000e+00,5.176470588235293491e-01,0.000000000000000000e+00,8.285365678998756422e+00,3.202769470214843750e+01,1.318933770790903814e+01,channels
0.000000000000000000e+00,0.000000000000000000e+00,9.254901960784314152e-01,3.039831628352502335e+01,2.662083625793457031e+01,1.752706519567339285e+02,channels
0.000000000000000000e+00,0.000000000000000000e+00,8.627450980392157298e-01,2.439884677031352211e+01,2.094946861267089844e+01,1.409035288930200807e+02,channels
0.000000000000000000e+00,1.411764705882352922e-01,0.000000000000000000e+00,7.339296911351917974e-01,2.060786008834838867e+00,1.214131666835670309e+00,channels
3.647058823529411575e-01,0.000000000000000000e+00,0.000000000000000000e+00,1.700620499535182972e+01,7.607703685760498047e+00,7.717382431206104565e-01,channels
5.372549019607842924e-01,0.000000000000000000e+00,0.000000000000000000e+00,4.026436080959745567e+01,1.770584106445312500e+01,1.187293667799471431e+00,channels
0.000000000000000000e+00,3.568627450980392246e-01,0.000000000000000000e+00,3.889205511727770848e+00,1.449487590789794922e+01,6.224989473932796891e+00,channels
9.254901960784314152e-01,0.000000000000000000e+00,0.000000000000000000e+00,1.457189832443089870e+02,6.350107574462890625e+01,2.208707152810722718e+00,channels
0.000000000000000000e+00,4.156862745098038880e-01,0.000000000000000000e+00,5.176887944649991802e+00,1.965220451354980469e+01,8.291098305515037126e+00,channels
0.000000000000000000e+00,0.000000000000000000e+00,3.607843137254901911e-01,3.461664029416532617e+00,2.893267869949340820e+00,1.898869931699813662e+01,channels
1.921568627450980227e-01,0.000000000000000000e+00,0.000000000000000000e+00,3.996995263183887648e+00,1.917108058929443359e+00,4.606609346365490021e-01,channels
8.235294117647058432e-01,0.000000000000000000e+00,0.000000000000000000e+00,1.072535206130351497e+02,4.683297348022460938e+01,1.986526191664560681e+00,channels
0.000000000000000000e+00,0.000000000000000000e+00,1.921568627450980227e-01,1.068533208689162572e+00,9.304840564727783203e-01,4.564171623572793379e+00,channels
4.980392156862745168e-01,0.000000000000000000e+00,0.000000000000000000e+00,3.370507123663897175e+01,1.486838817596435547e+01,1.081328066236922458e+00,channels
0.000000000000000000e+00,3.254901960784313819e-01,0.000000000000000000e+00,3.268139026007772507e+00,1.197876644134521484e+01,5.249140608844604650e+00,channels
0.000000000000000000e+00,2.823529411764705843e-01,0.000000000000000000e+00,2.468606766259560548e+00,8.945102691650390625e+00,4.012123692117699036e+00,channels
1.764705882352941013e-01,0.000000000000000000e+00,0.000000000000000000e+00,3.425571284181779586e+00,1.684685468673706055e+00,5.094483294244884775e-01,channels
0.000000000000000000e+00,0.000000000000000000e+00,5.882352941176470507e-02,4.025950737556094339e-01,3.992545306682586670e-01,7.953635857637467721e-01,channels
0.000000000000000000e+00,0.000000000000000000e+00,4.235294117647058765e-01,4.780258820436564804e+00,3.971347093582153320e+00,2.677005731160775781e+01,channels
0.000000000000000000e+00,8.235294117647058709e-02,0.000000000000000000e+00,4.231457425212566958e-01,8.052656054496765137e-01,6.446872339904352600e-01,channels
0.000000000000000000e+00,6.666666666666666297e-01,0.000000000000000000e+00,1.439616291770781942e+01,5.615078735351562500e+01,2.225693284670620642e+01,channels
0.000000000000000000e+00,7.058823529411764608e-02,0.000000000000000000e+00,4.053302679610154002e-01,6.941783428192138672e-01,5.984582255658058569e-01,channels
0.000000000000000000e+00,1.333333333333333315e-01,0.000000000000000000e+00,6.727943412197811002e-01,1.836458444595336914e+00,1.068703296266383385e+00,channels
0.000000000000000000e+00,0.000000000000000000e+00,6.235294117647058876e-01,1.100566881418581566e+01,9.185519218444824219e+00,6.329356606998171486e+01,channels
0.000000000000000000e+00,4.901960784313725283e-01,0.000000000000000000e+00,7.498136711395030574e+00,2.869878196716308594e+01,1.189236805768211980e+01,channels
0.000000000000000000e+00,7.176470588235294157e-01,0.000000000000000000e+00,1.702199648481535021e+01,6.622362518310546875e+01,2.595351778966304934e+01,channels
0.000000000000000000e+00,0.000000000000000000e+00,9.450980392156862475e-01,3.245168302865768339e+01,2.868346214294433594e+01,1.871447546659060777e+02,channels
1.254901960784313708e-01,0.000000000000000000e+00,0.000000000000000000e+00,1.808330752836374566e+00,9.730899333953857422e-01,4.910415942112578702e-01,channels
0.000000000000000000e+00,1.411764705882352922e-01,0.000000000000000000e+00,7.299176320650176963e-01,2.056918382644653320e+00,1.176097528850960083e+00,channels
0.000000000000000000e+00,0.000000000000000000e+00,4.627450980392157076e-01,5.781290228703212186e+00,4.797624111175537109e+00,3.251444654781236920e+01,channels
0.000000000000000000e+00,9.529411764705881804e-01,0.000000000000000000e+00,3.358893413439041353e+01,1.293294219970703125e+02,4.504778021758085771e+01,channels
0.000000000000000000e+00,2.470588235294117752e-01,0.000000000000000000e+00,1.906081477526726964e+00,6.715914249420166016e+00,3.076495312065816279e+00,channels
0.000000000000000000e+00,0.000000000000000000e+00,8.549019607843136859e-01,2.381445087443707820e+01,2.041530418395996094e+01,1.374917161151848859e+02,channels
0.000000000000000000e+00,4.470588235294117307e-01,0.000000000000000000e+00,6.050541276696277393e+00,2.305920028686523438e+01,9.656593550553262517e+00,channels
4.784313725490195734e-01,0.000000000000000000e+00,0.000000000000000000e+00,3.033063910192369761e+01,1.340289688110351562e+01,1.042596294792209610e+00,channels
4.862745098039215619e-01,0.000000000000000000e+00,0.000000000000000000e+00,3.199964391599957025e+01,1.408927917480468750e+01,1.021584537385289870e+00,channels
0.000000000000000000e+00,6.862745098039215730e-01,0.000000000000000000e+00,1.542910908172541617e+01,5.995695877075195312e+01,2.372630982870818173e+01,channels
6.509803921568627638e-01,0.000000000000000000e+00,0.000000000000000000e+00,6.139492120013863286e+01,2.693824195861816406e+01,1.501292901443892047e+00,channels
0.000000000000000000e+00,0.000000000000000000e+00,3.960784313725490002e-01,4.196898723334300030e+00,3.492642164230346680e+00,2.330910807179152044e+01,channels
0.000000000000000000e+00,5.529411764705882693e-01,0.000000000000000000e+00,9.683879714149352225e+00,3.743647003173828125e+01,1.528136453346804835e+01,channels
0.000000000000000000e+00,0.000000000000000000e+00,6.274509803921568540e-02,3.883023704708570278e-01,3.856664896011352539e-01,8.600976773255567531e-01,channels
0.000000000000000000e+00,0.000000000000000000e+00,5.294117647058823595e-01,7.684445340796128399e+00,6.405116081237792969e+00,4.404068457865538022e+01,channels
6.392156862745097534e-01,0.000000000000000000e+00,0.000000000000000000e+00,5.886945647165462248e+01,2.580183792114257812e+01,1.501415714927891498e+00,channels
7.843137254901960675e-01,0.000000000000000000e+00,0.000000000000000000e+00,9.467340879967431988e+01,4.135456085205078125e+01,1.831434954249189007e+00,channels
0.000000000000000000e+00,9.843137254901960231e-01,0.000000000000000000e+00,3.496480314377249243e+01,1.342984313964843750e+02,4.575141628136653793e+01,channels
0.000000000000000000e+00,0.000000000000000000e+00,2.117647058823529382e-01,1.271529358131191945e+00,1.099152922630310059e+00,5.945735017832913805e+00,channels
0.000000000000000000e+00,6.196078431372549211e-01,0.000000000000000000e+00,1.228196917469523619e+01,4.785054779052734375e+01,1.920414703646139998e+01,channels
3.058823529411764941e-01,0.000000000000000000e+00,0.000000000000000000e+00,1.184189062664140479e+01,5.362342357635498047e+00,6.868783435993195408e-01,channels
0.000000000000000000e+00,2.000000000000000111e-01,0.000000000000000000e+00,1.315728363925079858e+00,4.232097148895263672e+00,2.067851564351194327e+00,channels
5.529411764705882693e-01,0.000000000000000000e+00,0.000000000000000000e+00,4.256580660686027784e+01,1.872556114196777344e+01,1.231065278867971235e+00,channels
0.000000000000000000e+00,1.686274509803921684e-01,0.000000000000000000e+00,9.814697860629941761e-01,2.947475194931030273e+00,1.568137977440384301e+00,channels
7.333333333333332815e-01,0.000000000000000000e+00,0.000000000000000000e+00,8.008293278252455138e+01,3.506354522705078125e+01,1.793815354638936821e+00,channels
0.000000000000000000e+00,6.901960784313725394e-01,0.000000000000000000e+00,1.563814930089769462e+01,6.071299362182617188e+01,2.397237472503367073e+01,channels
3.960784313725490002e-01,0.000000000000000000e+00,0.000000000000000000e+00,2.038502573212039692e+01,9.094376564025878906e+00,8.347273074232725021e-01,channels
6.156862745098039547e-01,0.000000000000000000e+00,0.000000000000000000e+00,5.440312261186424081e+01,2.384998703002929688e+01,1.398601375488403686e+00,channels
0.000000000000000000e+00,0.000000000000000000e+00,4.235294117647058765e-01,4.776534454242344907e+00,3.958534002304077148e+00,2.678727886929272728e+01,channels
0.000000000000000000e+00,0.000000000000000000e+00,9.058823529411764719e-01,2.814644751376629728e+01,2.444239616394042969e+01,1.625888568325314623e+02,channels
3.215686274509803599e-01,0.000000000000000000e+00,0.000000000000000000e+00,1.280552807835510620e+01,5.765010356903076172e+00,7.049919835794632439e-01,channels
0.000000000000000000e+00,0.000000000000000000e+00,2.823529411764705843e-01,2.174992229664706844e+00,1.833297133445739746e+00,1.147899652314764118e+01,channels
9.098039215686274384e-01,0.000000000000000000e+00,0.000000000000000000e+00,1.392140619824032228e+02,6.068924713134765625e+01,2.196617346402130355e+00,channels
9.803921568627450567e-01,0.000000000000000000e+00,0.000000000000000000e+00,1.626054978883088609e+02,7.080818176269531250e+01,2.229160716387576624e+00,channels
0.000000000000000000e+00,0.000000000000000000e+00,4.705882352941176405e-02,3.604882946025830814e-01,3.600218296051025391e-01,6.429017258219859032e-01,channels
0.000000000000000000e+00,9.686274509803921573e-01,0.000000000000000000e+00,3.416841401489932650e+01,1.315071258544921875e+02,4.540135471286952651e+01,channels
0.000000000000000000e+00,2.941176470588235392e-01,0.000000000000000000e+00,2.702863212058253417e+00,9.743927001953125000e+00,4.342800968668254491e+00,channels
0.000000000000000000e+00,6.784313725490196401e-01,0.000000000000000000e+00,1.494155302215162529e+01,5.830536651611328125e+01,2.304208477297856206e+01,channels
0.000000000000000000e+00,3.254901960784313819e-01,0.000000000000000000e+00,3.244605072548726543e+00,1.194412803649902344e+01,5.234771247385633153e+00,channels
0.000000000000000000e+00,7.568627450980391913e-01,0.000000000000000000e+00,1.916244277090127923e+01,7.472840881347656250e+01,2.893670581953260523e+01,channels
0.000000000000000000e+00,0.000000000000000000e+00,6.980392156862744724e-01,1.414773565309885228e+01,1.186835098266601562e+01,8.180500572364321954e+01,channels
0.000000000000000000e+00,9.725490196078431238e-01,0.000000000000000000e+00,3.433116883489189064e+01,1.320472412109375000e+02,4.552548552465686527e+01,channels
1.215686274509803905e-01,0.000000000000000000e+00,0.000000000000000000e+00,1.636132862568737689e+00,8.970931768417358398e-01,4.531283682012873237e-01,channels
0.000000000000000000e+00,6.745098039215686736e-01,0.000000000000000000e+00,1.482196658729083083e+01,5.762509536743164062e+01,2.283397526070487871e+01,channels
0.000000000000000000e+00,3.215686274509803599e-01,0.000000000000000000e+00,3.081545642247628169e+00,1.136185073852539062e+01,4.963280844069291042e+00,channels
6.470588235294117974e-01,0.000000000000000000e+00,0.000000000000000000e+00,6.049378727320218019e+01,2.651913452148437500e+01,1.493742405268288387e+00,channels
0.000000000000000000e+00,0.000000000000000000e+00,9.725490196078431238e-01,3.622729693885916191e+01,3.271930694580078125e+01,2.083079096894129236e+02,channels
0.000000000000000000e+00,7.019607843137254388e-01,0.000000000000000000e+00,1.619420929117040941e+01,6.300484848022460938e+01,2.477807179569037999e+01,channels
0.000000000000000000e+00,0.000000000000000000e+00,3.882352941176470673e-01,3.993492722504234926e+00,3.324721097946166992e+00,2.203102512173751037e+01,channels
0.000000000000000000e+00,3.176470588235293935e-01,0.000000000000000000e+00,3.118971705638544201e+00,1.139811515808105469e+01,5.027522442659022595e+00,channels
4.666666666666666741e-01,0.000000000000000000e+00,0.000000000000000000e+00,2.920191454303463630e+01,1.289483928680419922e+01,9.833864866059720544e-01,channels
0.000000000000000000e+00,0.000000000000000000e+00,8.509803921568627194e-01,2.355520420378141822e+01,2.017215347290039062e+01,1.359363645413118888e+02,channels
0.000000000000000000e+00,9.450980392156862475e-01,0.000000000000000000e+00,3.299770880848092958e+01,1.272264175415039062e+02,4.464048605755397148e+01,channels
0.000000000000000000e+00,6.901960784313725394e-01,0.000000000000000000e+00,1.554316495566266099e+01,6.059167098999023438e+01,2.389982745422624433e+01,channels
0.000000000000000000e+00,2.588235294117646745e-01,0.000000000000000000e+00,2.039873764031962189e+00,7.227368831634521484e+00,3.333198468665685699e+00,channels
8.078431372549019773e-01,0.000000000000000000e+00,0.000000000000000000e+00,1.022887297312707062e+02,4.466785812377929688e+01,1.974008494492249799e+00,channels
0.000000000000000000e+00,3.294117647058823484e-01,0.000000000000000000e+00,3.286481838011740653e+00,1.219057750701904297e+01,5.301213982529338509e+00,channels
0.000000000000000000e+00,0.000000000000000000e+00,4.705882352941176405e-02,3.422682176883261596e-01,3.334521055221557617e-01,6.516167710391692625e-01,channels
0.000000000000000000e+00,6.352941176470587870e-01,0.000000000000000000e+00,1.299969616215245694e+01,5.058843994140625000e+01,2.023165966540081939e+01,channels
0.000000000000000000e+00,7.607843137254901578e-01,0.000000000000000000e+00,1.945890619861259907e+01,7.571802520751953125e+01,2.927502928847398778e+01,channels
0.000000000000000000e+00,1.764705882352941013e-01,0.000000000000000000e+00,9.901666457989795056e-01,3.060375690460205078e+00,1.587315916876717470e+00,channels
0.000000000000000000e+00,0.000000000000000000e+00,4.862745098039215619e-01,6.445653323723382400e+00,5.348512649536132812e+00,3.637624058413821615e+01,channels
1.764705882352941013e-01,0.000000000000000000e+00,0.000000000000000000e+00,3.377301182260342927e+00,1.645194768905639648e+00,4.877409966319966594e-01,channels
2.705882352941176294e-01,0.000000000000000000e+00,0.000000000000000000e+00,9.188454313266758433e+00,4.173541545867919922e+00,6.349389059742573949e-01,channels
0.000000000000000000e+00,5.254901960784313930e-01,0.000000000000000000e+00,8.697487598645441409e+00,3.357056045532226562e+01,1.377427110992571890e+01,channels
0.000000000000000000e+00,8.980392156862745390e-01,0.000000000000000000e+00,2.919714872220130530e+01,1.131088638305664062e+02,4.114546858219517844e+01,channels
6.941176470588235059e-01,0.000000000000000000e+00,0.000000000000000000e+00,7.153673553094344584e+01,3.133305168151855469e+01,1.630800462651514016e+00,channels
0.000000000000000000e+00,8.078431372549019773e-01,0.000000000000000000e+00,2.254550639095217690e+01,8.771387481689453125e+01,3.333982604669152749e+01,channels
0.000000000000000000e+00,2.431372549019607809e-01,0.000000000000000000e+00,1.937111579221953983e+00,6.522219181060791016e+00,3.053627339476526537e+00,channels
0.000000000000000000e+00,0.000000000000000000e+00,9.882352941176471006e-01,3.872673502065498496e+01,3.594729995727539062e+01,2.216342462809074902e+02,channels
4.039215686274509887e-01,0.000000000000000000e+00,0.000000000000000000e+00,2.155752594960709700e+01,9.599618911743164062e+00,9.253216109483006768e-01,channels
0.000000000000000000e+00,3.450980392156862697e-01,0.000000000000000000e+00,3.630150699306813333e+00,1.346524333953857422e+01,5.821159157172145271e+00,channels
8.941176470588234615e-01,0.000000000000000000e+00,0.000000000000000000e+00,1.305736462674548761e+02,5.696376419067382812e+01,2.137034925840668897e+00,channels
2.313725490196078538e-01,0.000000000000000000e+00,0.000000000000000000e+00,6.430175384417579743e+00,2.990528106689453125e+00,5.822693251982995477e-01,channels
7.215686274509803821e-01,0.000000000000000000e+00,0.000000000000000000e+00,7.744308582472353919e+01,3.386984252929687500e+01,1.718141772021273050e+00,channels
1.411764705882352922e-01,0.000000000000000000e+00,0.000000000000000000e+00,2.268396038480287924e+00,1.167044043540954590e+00,4.890759591418042396e-01,channels
0.000000000000000000e+00,3.921568627450980338e-01,0.000000000000000000e+00,4.711818751718922726e+00,1.767040634155273438e+01,7.536388789677278766e+00,channels
4.509803921568627527e-01,0.000000000000000000e+00,0.000000000000000000e+00,2.712738111519654893e+01,1.202927684783935547e+01,1.026610982512994541e+00,channels
9.019607843137255054e-01,0.000000000000000000e+00,0.000000000000000000e+00,1.349566245783052523e+02,5.882870101928710938e+01,2.125311702316315721e+00,channels
9.921568627450980671e-01,0.000000000000000000e+00,0.000000000000000000e+00,1.635204114219578742e+02,7.118843078613281250e+01,2.229838685089655659e+00,channels
0.000000000000000000e+00,7.843137254901960675e-03,0.000000000000000000e+00,3.353570263206495650e-01,3.446408510208129883e-01,4.595576771629844015e-01,channels
0.000000000000000000e+00,0.000000000000000000e+00,2.862745098039215508e-01,2.250113627508453451e+00,1.886091828346252441e+00,1.175270552651168643e+01,channels
0.000000000000000000e+00,0.000000000000000000e+00,8.980392156862745390e-01,2.742742593227793080e+01,2.375492095947265625e+01,1.583760396133564541e+02,channels
8.431372549019607865e-01,0.000000000000000000e+00,0.000000000000000000e+00,1.131972382415093819e+02,4.940310668945312500e+01,2.056878581434768982e+00,channels
0.000000000000000000e+00,0.000000000000000000e+00,8.235294117647058432e-01,2.153583736065450793e+01,1.833824348449707031e+01,1.243272292202783120e+02,channels
0.000000000000000000e+00,1.803921568627450955e-01,0.000000000000000000e+00,1.042070608272648524e+00,3.342058181762695312e+00,1.685272936315658665e+00,channels
0.000000000000000000e+00,0.000000000000000000e+00,9.607843137254902244e-01,3.444478055222521817e+01,3.073213768005371094e+01,1.981850772722784484e+02,channels
0.000000000000000000e+00,4.549019607843137192e-01,0.000000000000000000e+00,6.354346211023756297e+00,2.434026527404785156e+01,1.015642258070789694e+01,channels
0.000000000000000000e+00,7.607843137254901578e-01,0.000000000000000000e+00,1.939090609643282903e+01,7.564349365234375000e+01,2.923439446753045701e+01,channels
0.000000000000000000e+00,5.843137254901961120e-01,0.000000000000000000e+00,1.087668093054412211e+01,4.210300827026367188e+01,1.707274456080093827e+01,channels
0.000000000000000000e+00,0.000000000000000000e+00,1.960784313725490169e-01,1.094243164231825105e+00,9.510621428489685059e-01,4.942856641664779893e+00,channels
0.000000000000000000e+00,1.921568627450980227e-01,0.000000000000000000e+00,1.164792281693830978e+00,3.690049886703491211e+00,1.842331159120355721e+00,channels
2.666666666666666630e-01,0.000000000000000000e+00,0.000000000000000000e+00,8.997023151364176741e+00,4.121640682220458984e+00,6.544957798049331199e-01,channels
0.000000000000000000e+00,0.000000000000000000e+00,1.098039215686274495e-01,5.384092431113688404e-01,5.104354023933410645e-01,1.653820270971619433e+00,channels
0.000000000000000000e+00,3.294117647058823484e-01,0.000000000000000000e+00,3.294831082076431716e+00,1.221547508239746094e+01,5.332101434410548180e+00,channels
0.000000000000000000e+00,2.313725490196078538e-01,0.000000000000000000e+00,1.668996270061350318e+00,5.745767593383789062e+00,2.727770554292293426e+00,channels
0.000000000000000000e+00,4.627450980392157076e-01,0.000000000000000000e+00,6.604050978455929588e+00,2.520601463317871094e+01,1.046181497021019347e+01,channels
0.000000000000000000e+00,1.568627450980392135e-01,0.000000000000000000e+00,9.003270544094978955e-01,2.540957212448120117e+00,1.406465229663230287e+00,channels
7.529411764705882248e-01,0.000000000000000000e+00,0.000000000000000000e+00,8.546194087356259672e+01,3.738285827636718750e+01,1.809699673348027948e+00,channels
0.000000000000000000e+00,0.000000000000000000e+00,1.568627450980392135e-01,7.885172428037353631e-01,7.073026299476623535e-01,3.199707244734427469e+00,channels
9.921568627450980671e-01,0.000000000000000000e+00,0.000000000000000000e+00,1.634626261843855559e+02,7.116873931884765625e+01,2.208510111596443615e+00,channels
0.000000000000000000e+00,9.176470588235293713e-01,0.000000000000000000e+00,3.074925636883374125e+01,1.189713897705078125e+02,4.266734824673185500e+01,channels
0.000000000000000000e+00,6.274509803921568540e-02,0.000000000000000000e+00,4.062977489124523500e-01,6.171547174453735352e-01,5.737804116118303543e-01,channels
0.000000000000000000e+00,4.196078431372549100e-01,0.000000000000000000e+00,5.424384166116262840e+00,2.048126220703125000e+01,8.632516587316770185e+00,channels
0.000000000000000000e+00,0.000000000000000000e+00,8.745098039215686292e-01,2.533131351217688021e+01,2.181451797485351562e+01,1.464135813511256572e+02,channels
3.803921568627450789e-01,0.000000000000000000e+00,0.000000000000000000e+00,1.877220449116714107e+01,8.382120132446289062e+00,8.296644716192174140e-01,channels
0.000000000000000000e+00,0.000000000000000000e+00,9.294117647058823817e-01,3.081529639211841953e+01,2.702707099914550781e+01,1.779806876990938633e+02,channels
0.000000000000000000e+00,9.137254901960784048e-01,0.000000000000000000e+00,3.045713748788280739e+01,1.178186874389648438e+02,4.242294172988533063e+01,channels
0.000000000000000000e+00,7.725490196078431682e-01,0.000000000000000000e+00,2.020983476893313480e+01,7.857916259765625000e+01,3.030954368645409858e+01,channels
0.000000000000000000e+00,6.235294117647058876e-01,0.000000000000000000e+00,1.248661451476538353e+01,4.844765472412109375e+01,1.946625798302498467e+01,channels
0.000000000000000000e+00,0.000000000000000000e+00,9.607843137254902244e-01,3.435871605470661905e+01,3.067551231384277344e+01,1.980593407752828341e+02,channels
1.372549019607843257e-01,0.000000000000000000e+00,0.000000000000000000e+00,2.136527567729121557e+00,1.126441597938537598e+00,5.453612373107233902e-01,channels
5.176470588235293491e-01,0.000000000000000000e+00,0.000000000000000000e+00,3.631632539686047778e+01,1.601401901245117188e+01,1.151486254531670639e+00,channels
9.254901960784314152e-01,0.000000000000000000e+00,0.000000000000000000e+00,1.456130268844377156e+02,6.343449020385742188e+01,2.162924694554183347e+00,channels
0.000000000000000000e+00,7.176470588235294157e-01,0.000000000000000000e+00,1.698514759066704016e+01,6.613942718505859375e+01,2.589429227384414034e+01,channels
0.000000000000000000e+00,0.000000000000000000e+00,2.549019607843137081e-01,1.762085006297824830e+00,1.488295674324035645e+00,9.056325658824873059e+00,channels
7.529411764705882248e-01,0.000000000000000000e+00,0.000000000000000000e+00,8.543829206306301671e+01,3.737431335449218750e+01,1.780167713161542542e+00,channels
0.000000000000000000e+00,0.000000000000000000e+00,7.137254901960784492e-01,1.498218509291401901e+01,1.256763648986816406e+01,8.616369727099498732e+01,channels
8.392156862745098200e-01,0.000000000000000000e+00,0.000000000000000000e+00,1.116873742459520713e+02,4.874891662597656250e+01,2.025198693738195832e+00,channels
0.000000000000000000e+00,8.901960784313724950e-01,0.000000000000000000e+00,2.858228711317670800e+01,1.106549911499023438e+02,4.048158015673359245e+01,channels
0.000000000000000000e+00,0.000000000000000000e+00,1.450980392156862586e-01,7.101088309033984913e-01,6.511937379837036133e-01,2.517427150287818716e+00,channels
5.098039215686274161e-01,0.000000000000000000e+00,0.000000000000000000e+00,3.566491654209806939e+01,1.569460201263427734e+01,1.078518099674760533e+00,channels
0.000000000000000000e+00,0.000000000000000000e+00,3.450980392156862697e-01,3.202668654101308299e+00,2.677036762237548828e+00,1.728386303599546991e+01,channels
0.000000000000000000e+00,7.215686274509803821e-01,0.000000000000000000e+00,1.721094153506181001e+01,6.697152709960937500e+01,2.623443398071373167e+01,channels
4.313725490196078372e-02,0.000000000000000000e+00,0.000000000000000000e+00,4.062369231070849795e-01,3.598545789718627930e-01,4.286056788443121657e-01,channels
0.000000000000000000e+00,0.000000000000000000e+00,4.431372549019607643e-01,5.297202505315956600e+00,4.409181594848632812e+00,2.963249496676949946e+01,channels
0.000000000000000000e+00,1.450980392156862586e-01,0.000000000000000000e+00,7.730252525065485214e-01,2.076467275619506836e+00,1.191038812159285420e+00,channels
0.000000000000000000e+00,4.392156862745097978e-01,0.000000000000000000e+00,5.881090548113230732e+00,2.252365112304687500e+01,9.420917472833069795e+00,channels
0.000000000000000000e+00,0.000000000000000000e+00,6.745098039215686736e-01,1.318707949230109300e+01,1.105399417877197266e+01,7.571764527386272903e+01,channels
8.313725490196077761e-01,0.000000000000000000e+00,0.000000000000000000e+00,1.080961482353820315e+02,4.721471023559570312e+01,2.067985036061168458e+00,channels
8.000000000000000444e-01,0.000000000000000000e+00,0.000000000000000000e+00,9.991429033610295107e+01,4.364609146118164062e+01,1.972862186768480131e+00,channels
0.000000000000000000e+00,8.666666666666666963e-01,0.000000000000000000e+00,2.671268543807768481e+01,1.037377166748046875e+02,3.843253959779541162e+01,channels
0.000000000000000000e+00,0.000000000000000000e+00,5.960784313725490113e-01,1.005290373562776907e+01,8.366927146911621094e+00,5.746507251538453431e+01,channels
9.215686274509803377e-01,0.000000000000000000e+00,0.000000000000000000e+00,1.435812687867194199e+02,6.259386062622070312e+01,2.252353145423843017e+00,channels
0.000000000000000000e+00,8.392156862745098200e-01,0.000000000000000000e+00,2.478175069998544799e+01,9.617064666748046875e+01,3.611169061233145072e+01,channels
0.000000000000000000e+00,8.627450980392156743e-02,0.000000000000000000e+00,4.789429268448099353e-01,9.123398065567016602e-01,7.201760298605244248e-01,channels
0.000000000000000000e+00,0.000000000000000000e+00,9.803921568627450567e-01,3.768054213959002396e+01,3.446316146850585938e+01,2.162373151554442927e+02,channels
5.490196078431373028e-01,0.000000000000000000e+00,0.000000000000000000e+00,4.196754774410983657e+01,1.843933677673339844e+01,1.204609094268670910e+00,channels
0.000000000000000000e+00,0.000000000000000000e+00,6.784313725490196401e-01,1.331940978214281479e+01,1.114461421966552734e+01,7.658249791619142854e+01,channels
0.000000000000000000e+00,9.764705882352940902e-01,0.000000000000000000e+00,3.452645296168844169e+01,1.327111663818359375e+02,4.564320080246258726e+01,channels
0.000000000000000000e+00,0.000000000000000000e+00,1.333333333333333315e-01,6.455059489356412827e-01,6.067777872085571289e-01,2.272069992917379544e+00,channels
0.000000000000000000e+00,0.000000000000000000e+00,6.941176470588235059e-01,1.411886952995984856e+01,1.182671070098876953e+01,8.116298148105640564e+01,channels
4.509803921568627527e-01,0.000000000000000000e+00,0.000000000000000000e+00,2.708775435110600327e+01,1.198343849182128906e+01,9.700368378382363543e-01,channels
0.000000000000000000e+00,7.960784313725489669e-01,0.000000000000000000e+00,2.173310410403616544e+01,8.460095214843750000e+01,3.229466367807955862e+01,channels
3.019607843137254721e-01,0.000000000000000000e+00,0.000000000000000000e+00,1.136328336169288278e+01,5.157485485076904297e+00,6.744786665708094597e-01,channels
5.725490196078431016e-01,0.000000000000000000e+00,0.000000000000000000e+00,4.608654675337843543e+01,2.026312828063964844e+01,1.280475786529369886e+00,channels
0.000000000000000000e+00,7.568627450980391913e-01,0.000000000000000000e+00,1.923678268548285786e+01,7.475309753417968750e+01,2.898768913772942923e+01,channels
0.000000000000000000e+00,2.000000000000000111e-01,0.000000000000000000e+00,1.290451602550912957e+00,4.201570510864257812e+00,2.043921995608581454e+00,channels
0.000000000000000000e+00,6.274509803921568540e-02,0.000000000000000000e+00,4.278525058978048801e-01,6.473054289817810059e-01,6.230108546056367658e-01,channels
0.000000000000000000e+00,0.000000000000000000e+00,3.058823529411764941e-01,2.518439997218475224e+00,2.109753847122192383e+00,1.345454669057992980e+01,channels
0.000000000000000000e+00,7.019607843137254388e-01,0.000000000000000000e+00,1.618080808049792552e+01,6.295873260498046875e+01,2.477503757582361033e+01,channels
2.470588235294117752e-01,0.000000000000000000e+00,0.000000000000000000e+00,7.478502337515818610e+00,3.459878444671630859e+00,6.085241013207947081e-01,channels
0.000000000000000000e+00,0.000000000000000000e+00,5.333333333333333259e-01,7.846370238107302164e+00,6.514839649200439453e+00,4.472657071659374850e+01,channels
8.196078431372548767e-01,0.000000000000000000e+00,0.000000000000000000e+00,1.057015362229514182e+02,4.614417648315429688e+01,1.955246410739146068e+00,channels
0.000000000000000000e+00,0.000000000000000000e+00,8.000000000000000444e-01,1.996069434692921973e+01,1.693918800354003906e+01,1.151318258264549996e+02,channels
0.000000000000000000e+00,0.000000000000000000e+00,1.803921568627450955e-01,9.759050276811868097e-01,8.662792444229125977e-01,4.188158816824842923e+00,channels
0.000000000000000000e+00,1.019607843137254888e-01,0.000000000000000000e+00,4.851948417997299923e-01,1.110314846038818359e+00,7.658613682910679898e-01,channels
0.000000000000000000e+00,0.000000000000000000e+00,7.843137254901960675e-03,3.196013419102193831e-01,3.323267698287963867e-01,4.764153576969994974e-01,channels
0.000000000000000000e+00,6.039215686274509443e-01,0.000000000000000000e+00,1.167319983464289734e+01,4.529237747192382812e+01,1.826979809209521832e+01,channels
0.000000000000000000e+00,1.254901960784313708e-01,0.000000000000000000e+00,6.474361168871416439e-01,1.649627685546875000e+00,1.000540920276752344e+00,channels
0.000000000000000000e+00,0.000000000000000000e+00,5.921568627450980449e-01,9.810773899978082468e+00,8.178450584411621094e+00,5.640239003598025391e+01,channels
0.000000000000000000e+00,0.000000000000000000e+00,1.372549019607843257e-01,6.471773471855498672e-01,6.102635860443115234e-01,2.408857081294567326e+00,channels
7.450980392156862642e-02,0.000000000000000000e+00,0.000000000000000000e+00,7.710688177795443909e-01,5.445321798324584961e-01,5.100281568718746383e-01,channels
0.000000000000000000e+00,8.039215686274510109e-01,0.000000000000000000e+00,2.229484507158530349e+01,8.665343475341796875e+01,3.302221209994335993e+01,channels
0.000000000000000000e+00,0.000000000000000000e+00,5.882352941176470507e-02,3.784668735138307927e-01,3.952121436595916748e-01,7.524004116653186802e-01,channels
5.450980392156862253e-01,0.000000000000000000e+00,0.000000000000000000e+00,4.153758455309411346e+01,1.828002738952636719e+01,1.217230528271158851e+00,channels
0.000000000000000000e+00,5.921568627450980449e-01,0.000000000000000000e+00,1.120859318913986868e+01,4.336446380615234375e+01,1.756122549693798618e+01,channels
0.000000000000000000e+00,1.372549019607843257e-01,0.000000000000000000e+00,7.401827347966397630e-01,1.968091011047363281e+00,1.139935720942829134e+00,channels
0.000000000000000000e+00,8.666666666666666963e-01,0.000000000000000000e+00,2.670041812560655714e+01,1.037708740234375000e+02,3.843881466293753846e+01,channels
0.000000000000000000e+00,0.000000000000000000e+00,5.921568627450980449e-01,9.885899317517301554e+00,8.238866806030273438e+00,5.645906681759969103e+01,channels
0.000000000000000000e+00,0.000000000000000000e+00,2.235294117647058654e-01,1.374640983457562582e+00,1.189067602157592773e+00,6.564101382193796574e+00,channels
0.000000000000000000e+00,0.000000000000000000e+00,9.411764705882352811e-02,4.564578014300491038e-01,4.490041732788085938e-01,1.373405244014721749e+00,channels
2.392156862745097867e-01,0.000000000000000000e+00,0.000000000000000000e+00,6.696838168528588930e+00,3.086647272109985352e+00,5.645689343899005230e-01,channels
3.686274509803921795e-01,0.000000000000000000e+00,0.000000000000000000e+00,1.732229445341736707e+01,7.724745273590087891e+00,8.020828469643755954e-01,channels
9.607843137254902244e-01,0.000000000000000000e+00,0.000000000000000000e+00,1.576584373723221120e+02,6.865072631835937500e+01,2.168714274587037139e+00,channels
0.000000000000000000e+00,0.000000000000000000e+00,6.078431372549019107e-01,1.047225899083845491e+01,8.728649139404296875e+00,5.996068270264697730e+01,channels
0.000000000000000000e+00,3.098039215686274606e-01,0.000000000000000000e+00,2.971733211886051329e+00,1.083256244659423828e+01,4.778626971060117690e+00,channels
6.117647058823529882e-01,0.000000000000000000e+00,0.000000000000000000e+00,5.345538194320648984e+01,2.346561241149902344e+01,1.393052039418264387e+00,channels
0.000000000000000000e+00,3.960784313725490002e-01,0.000000000000000000e+00,4.819383821799917200e+00,1.802559661865234375e+01,7.695297278556968656e+00,channels
0.000000000000000000e+00,7.686274509803920907e-01,0.000000000000000000e+00,1.966028120695025905e+01,7.658091735839843750e+01,2.957936951472350984e+01,channels
0.000000000000000000e+00,0.000000000000000000e+00,8.784313725490195957e-01,2.572499577798669179e+01,2.217428779602050781e+01,1.485619333929430752e+02,channels
7.647058823529411242e-01,0.000000000000000000e+00,0.000000000000000000e+00,8.855953179897369409e+01,3.872105789184570312e+01,1.841663526173065391e+00,channels
0.000000000000000000e+00,0.000000000000000000e+00,6.196078431372549211e-01,1.085929650247755340e+01,9.051126480102539062e+00,6.236533432965938317e+01,channels
0.000000000000000000e+00,1.568627450980392135e-01,0.000000000000000000e+00,8.896157758600377052e-01,2.542407751083374023e+00,1.365269219936879219e+00,channels
2.666666666666666630e-01,0.000000000000000000e+00,0.000000000000000000e+00,8.990572199578599211e+00,4.118535041809082031e+00,6.611126564878733181e-01,channels
9.450980392156862475e-01,0.000000000000000000e+00,0.000000000000000000e+00,1.537724289664072614e+02,6.697821807861328125e+01,2.190796375932625661e+00,channels
0.000000000000000000e+00,0.000000000000000000e+00,4.352941176470588314e-01,5.039376625853011937e+00,4.174952507019042969e+00,2.825985269192441507e+01,channels
0.000000000000000000e+00,0.000000000000000000e+00,7.843137254901960675e-03,3.714753628682336273e-01,3.732897937297821045e-01,5.092450794994002328e-01,channels
7.058823529411764053e-01,0.000000000000000000e+00,0.000000000000000000e+00,7.233633740664225797e+01,3.165305328369140625e+01,1.661442977230658036e+00,channels
0.000000000000000000e+00,8.117647058823529438e-01,0.000000000000000000e+00,2.277829736804109118e+01,8.862579345703125000e+01,3.363421001262009469e+01,channels
0.000000000000000000e+00,0.000000000000000000e+00,8.705882352941176627e-01,2.495435509289480080e+01,2.147862815856933594e+01,1.441862529273630003e+02,channels
7.176470588235294157e-01,0.000000000000000000e+00,0.000000000000000000e+00,7.659397047805148873e+01,3.353706359863281250e+01,1.737009567591673909e+00,channels
0.000000000000000000e+00,1.803921568627450955e-01,0.000000000000000000e+00,1.085674705583680399e+00,3.357614517211914062e+00,1.690909228807641718e+00,channels
0.000000000000000000e+00,0.000000000000000000e+00,2.901960784313725172e-01,2.302431435568913276e+00,1.943577289581298828e+00,1.177343500404385779e+01,channels
0.000000000000000000e+00,9.882352941176471006e-01,0.000000000000000000e+00,3.518970814402761960e+01,1.350542755126953125e+02,4.587212398572285110e+01,channels
0.000000000000000000e+00,0.000000000000000000e+00,1.960784313725490169e-01,1.096266355436458229e+00,9.710339307785034180e-01,4.927117594855325855e+00,channels
0.000000000000000000e+00,7.411764705882353255e-01,0.000000000000000000e+00,1.830922168523131077e+01,7.106601715087890625e+01,2.773079640403874535e+01,channels
0.000000000000000000e+00,0.000000000000000000e+00,4.078431372549019551e-01,4.415255961975552701e+00,3.671206712722778320e+00,2.470405371596731214e+01,channels
6.705882352941175961e-01,0.000000000000000000e+00,0.000000000000000000e+00,6.557689610875499397e+01,2.872478485107421875e+01,1.556203609175535352e+00,channels
0.000000000000000000e+00,0.000000000000000000e+00,4.705882352941176405e-01,5.989483700032717017e+00,4.951337337493896484e+00,3.361672696767071500e+01,channels
1.176470588235294101e-01,0.000000000000000000e+00,0.000000000000000000e+00,1.636468143891933069e+00,9.155012369155883789e-01,5.357416012030338237e-01,channels
0.000000000000000000e+00,9.803921568627450567e-01,0.000000000000000000e+00,3.462680599100222167e+01,1.332059631347656250e+02,4.565475749897301938e+01,channels
0.000000000000000000e+00,4.705882352941176405e-01,0.000000000000000000e+00,6.811415868767560333e+00,2.609070777893066406e+01,1.088272545277219372e+01,channels
0.000000000000000000e+00,5.176470588235293491e-01,0.000000000000000000e+00,8.336618476306112413e+00,3.193160438537597656e+01,1.316348727723228862e+01,channels
0.000000000000000000e+00,0.000000000000000000e+00,1.882352941176470562e-01,1.048765744442535786e+00,9.252496361732482910e-01,4.567528472335189882e+00,channels
0.000000000000000000e+00,0.000000000000000000e+00,5.686274509803921351e-01,9.037670760462695796e+00,7.511116027832031250e+00,5.158532074455191463e+01,channels
0.000000000000000000e+00,0.000000000000000000e+00,2.745098039215686236e-02,3.357852844673494541e-01,3.464406728744506836e-01,5.239283804681981183e-01,channels
0.000000000000000000e+00,0.000000000000000000e+00,2.431372549019607809e-01,1.659909436991287679e+00,1.403648495674133301e+00,8.298569341462146198e+00,channels
0.000000000000000000e+00,0.000000000000000000e+00,2.784313725490196179e-01,2.145017145150224014e+00,1.799663901329040527e+00,1.103367430769485580e+01,channels
9.137254901960784048e-01,0.000000000000000000e+00,0.000000000000000000e+00,1.401821921243547422e+02,6.109293746948242188e+01,2.203224874249087861e+00,channels
0.000000000000000000e+00,1.215686274509803905e-01,0.000000000000000000e+00,6.847393564667487720e-01,1.601778149604797363e+00,9.905900314319545652e-01,channels
6.666666666666666297e-01,0.000000000000000000e+00,0.000000000000000000e+00,6.472157453629961310e+01,2.836640357971191406e+01,1.558246504990836501e+00,channels
0.000000000000000000e+00,0.000000000000000000e+00,8.235294117647058709e-02,4.448385941665736754e-01,4.285069704055786133e-01,1.132589381217633528e+00,channels
0.000000000000000000e+00,6.392156862745097534e-01,0.000000000000000000e+00,1.322637013556737173e+01,5.129484939575195312e+01,2.052339786242119857e+01,channels
0.000000000000000000e+00,3.490196078431372362e-01,0.000000000000000000e+00,3.698539608113046384e+00,1.375801658630371094e+01,5.952230339912500945e+00,channels
4.705882352941176405e-01,0.000000000000000000e+00,0.000000000000000000e+00,2.964456967592819225e+01,1.308172798156738281e+01,1.018321041265562776e+00,channels
0.000000000000000000e+00,0.000000000000000000e+00,3.254901960784313819e-01,2.928742385455357145e+00,2.438678026199340820e+00,1.541892196958984051e+01,channels
0.000000000000000000e+00,7.725490196078431682e-01,0.000000000000000000e+00,2.017459478324173361e+01,7.851053619384765625e+01,3.026500309426456781e+01,channels
8.627450980392156743e-02,0.000000000000000000e+00,0.000000000000000000e+00,8.643229303649275774e-01,5.627712607383728027e-01,4.599918579986896905e-01,channels
0.000000000000000000e+00,1.529411764705882470e-01,0.000000000000000000e+00,8.712946759774072847e-01,2.444644927978515625e+00,1.336136521416127154e+00,channels
0.000000000000000000e+00,0.000000000000000000e+00,0.000000000000000000e+00,3.279589435674863940e-01,3.373565971851348877e-01,4.852406283754843175e-01,channels
1.294117647058823373e-01,0.000000000000000000e+00,0.000000000000000000e+00,1.841722028041131942e+00,1.017587661743164062e+00,5.047429636876721304e-01,channels
8.666666666666666963e-01,0.000000000000000000e+00,0.000000000000000000e+00,1.213566480627623463e+02,5.291660308837890625e+01,2.028951938102637076e+00,channels
3.686274509803921795e-01,0.000000000000000000e+00,0.000000000000000000e+00,1.736714104384954638e+01,7.774065017700195312e+00,8.169727584211159410e-01,channels
9.411764705882352811e-02,0.000000000000000000e+00,0.000000000000000000e+00,1.027943874569535732e+00,6.381148695945739746e-01,4.407442409187412591e-01,channels
0.000000000000000000e+00,6.352941176470587870e-01,0.000000000000000000e+00,1.305238358975119617e+01,5.059114456176757812e+01,2.027261527831792520e+01,channels
0.000000000000000000e+00,0.000000000000000000e+00,4.627450980392157076e-01,5.780537524748949885e+00,4.805217742919921875e+00,3.240441754679069675e+01,channels
0.000000000000000000e+00,0.000000000000000000e+00,4.196078431372549100e-01,4.645093106457527377e+00,3.857776403427124023e+00,2.599653845621120496e+01,channels
0.000000000000000000e+00,0.000000000000000000e+00,2.705882352941176294e-01,1.944681744509463739e+00,1.644032597541809082e+00,1.033785083692847806e+01,channels
7.921568627450980005e-01,0.000000000000000000e+00,0.000000000000000000e+00,9.682551726797169067e+01,4.229848480224609375e+01,1.905700581322395504e+00,channels
0.000000000000000000e+00,0.000000000000000000e+00,9.176470588235293713e-01,2.938614490009135594e+01,2.561985588073730469e+01,1.698415685964108945e+02,channels
0.000000000000000000e+00,6.470588235294117974e-01,0.000000000000000000e+00,1.351841090629864262e+01,5.261080932617187500e+01,2.095358945897976710e+01,channels
0.000000000000000000e+00,0.000000000000000000e+00,3.647058823529411575e-01,3.593030621887532305e+00,2.981362104415893555e+00,1.945103163140325719e+01,channels
0.000000000000000000e+00,0.000000000000000000e+00,5.843137254901961120e-01,9.538822064021095670e+00,7.941506385803222656e+00,5.462807198297858946e+01,channels
2.431372549019607809e-01,0.000000000000000000e+00,0.000000000000000000e+00,7.291028064761482241e+00,3.383562326431274414e+00,6.473638973696314025e-01,channels
0.000000000000000000e+00,5.098039215686274439e-02,0.000000000000000000e+00,3.401044740737168004e-01,4.930100440979003906e-01,5.302032249739965231e-01,channels
0.000000000000000000e+00,0.000000000000000000e+00,4.588235294117646856e-01,5.700841467152852893e+00,4.731908798217773438e+00,3.203625190446645377e+01,channels
0.000000000000000000e+00,3.568627450980392246e-01,0.000000000000000000e+00,3.868721183922507301e+00,1.441118526458740234e+01,6.236509277149103525e+00,channels
0.000000000000000000e+00,7.647058823529411242e-01,0.000000000000000000e+00,1.967490162969252765e+01,7.655216979980468750e+01,2.961738587049321936e+01,channels
0.000000000000000000e+00,0.000000000000000000e+00,5.215686274509804266e-01,7.493773384025931961e+00,6.226604461669921875e+00,4.243378701769204753e+01,channels
0.000000000000000000e+00,0.000000000000000000e+00,7.607843137254901578e-01,1.745573360846345423e+01,1.473653411865234375e+01,1.005440138366927130e+02,channels
2.941176470588235392e-01,0.000000000000000000e+00,0.000000000000000000e+00,1.084198597902666883e+01,4.899533271789550781e+00,6.599657723996131820e-01,channels
8.352941176470588536e-01,0.000000000000000000e+00,0.000000000000000000e+00,1.111839120305729978e+02,4.850552368164062500e+01,2.012150191517836362e+00,channels
0.000000000000000000e+00,8.392156862745098200e-01,0.000000000000000000e+00,2.471110203121482130e+01,9.603562164306640625e+01,3.603411773676840113e+01,channels
0.000000000000000000e+00,0.000000000000000000e+00,7.921568627450980005e-01,1.945009933150252479e+01,1.648326301574707031e+01,1.122645570302879037e+02,channels
8.039215686274510109e-01,0.000000000000000000e+00,0.000000000000000000e+00,1.006502049083619852e+02,4.395721054077148438e+01,1.935597157093277509e+00,channels
4.588235294117646856e-01,0.000000000000000000e+00,0.000000000000000000e+00,2.817515022999439012e+01,1.246603870391845703e+01,1.039732693976493261e+00,channels
0.000000000000000000e+00,0.000000000000000000e+00,2.901960784313725172e-01,2.234064452456796968e+00,1.866047143936157227e+00,1.168799932733625013e+01,channels
0.000000000000000000e+00,0.000000000000000000e+00,1.372549019607843257e-01,6.438000772766439006e-01,5.930036306381225586e-01,2.398370441698119748e+00,channels
0.000000000000000000e+00,1.921568627450980227e-01,0.000000000000000000e+00,1.197073953095854515e+00,3.703123569488525391e+00,1.897060122020119977e+00,channels
0.000000000000000000e+00,0.000000000000000000e+00,6.666666666666666574e-02,3.615001164541397083e-01,3.791718780994415283e-01,8.826691167940005078e-01,channels
0.000000000000000000e+00,0.000000000000000000e+00,3.019607843137254721e-01,2.463448949050913050e+00,2.044811248779296875e+00,1.313915734990013640e+01,channels
5.803921568627450345e-01,0.000000000000000000e+00,0.000000000000000000e+00,4.672567451741566913e+01,2.053446388244628906e+01,1.299223431618810043e+00,channels
0.000000000000000000e+00,9.843137254901960231e-01,0.000000000000000000e+00,3.496709431924241329e+01,1.342925262451171875e+02,4.582071710261477193e+01,channels
0.000000000000000000e+00,6.666666666666666297e-01,0.000000000000000000e+00,1.439185275593123414e+01,5.598529434204101562e+01,2.226616509314762737e+01,channels
0.000000000000000000e+00,0.000000000000000000e+00,5.411764705882352589e-01,8.159061537936276309e+00,6.786778926849365234e+00,4.631033986887641873e+01,channels
4.235294117647058765e-01,0.000000000000000000e+00,0.000000000000000000e+00,2.365968464519074743e+01,1.047927474975585938e+01,9.102396069231432074e-01,channels
0.000000000000000000e+00,0.000000000000000000e+00,5.960784313725490113e-01,1.001786948613422012e+01,8.346431732177734375e+00,5.734546004609559589e+01,channels
2.666666666666666630e-01,0.000000000000000000e+00,0.000000000000000000e+00,9.040790180512063401e+00,4.169736862182617188e+00,7.118861344914254596e-01,channels
0.000000000000000000e+00,8.705882352941176627e-01,0.000000000000000000e+00,2.694971630344381097e+01,1.047916030883789062e+02,3.872519696741765216e+01,channels
6.039215686274509443e-01,0.000000000000000000e+00,0.000000000000000000e+00,5.174012639885017961e+01,2.272677803039550781e+01,1.378771372178128063e+00,channels
0.000000000000000000e+00,0.000000000000000000e+00,7.450980392156862919e-01,1.656062992309746562e+01,1.395297527313232422e+01,9.540045165285124540e+01,channels
1.176470588235294101e-02,0.000000000000000000e+00,0.000000000000000000e+00,3.345041160729917418e-01,3.363010883331298828e-01,4.644206025128010951e-01,channels
0.000000000000000000e+00,0.000000000000000000e+00,8.862745098039215286e-01,2.629794305454854708e+01,2.267908096313476562e+01,1.519433032254465274e+02,channels
0.000000000000000000e+00,4.549019607843137192e-01,0.000000000000000000e+00,6.413437866746705573e+00,2.436091041564941406e+01,1.017348791313681922e+01,channels
5.098039215686274161e-01,0.000000000000000000e+00,0.000000000000000000e+00,3.559852421062527839e+01,1.567425537109375000e+01,1.060485956146467901e+00,channels
0.000000000000000000e+00,1.725490196078431349e-01,0.000000000000000000e+00,1.009114189804437345e+00,3.061184644699096680e+00,1.613853906909252123e+00,channels
0.000000000000000000e+00,6.588235294117646967e-01,0.000000000000000000e+00,1.409275551325693776e+01,5.466280746459960938e+01,2.178817529123700680e+01,channels
0.000000000000000000e+00,7.843137254901960675e-03,0.000000000000000000e+00,3.564221702889221466e-01,3.745052218437194824e-01,5.098227504918504405e-01,channels
2.588235294117646745e-01,0.000000000000000000e+00,0.000000000000000000e+00,8.118837074777893292e+00,3.736742019653320312e+00,6.304265082470623671e-01,channels
0.000000000000000000e+00,0.000000000000000000e+00,2.313725490196078538e-01,1.516801910463553726e+00,1.293000698089599609e+00,7.383180836798463709e+00,channels
0.000000000000000000e+00,6.823529411764706065e-01,0.000000000000000000e+00,1.516938747959041933e+01,5.901721954345703125e+01,2.336280143114245433e+01,channels
0.000000000000000000e+00,4.705882352941176405e-02,0.000000000000000000e+00,3.474162743243890406e-01,4.697351753711700439e-01,5.307420990449160936e-01,channels
3.137254901960784270e-01,0.000000000000000000e+00,0.000000000000000000e+00,1.245736231373945202e+01,5.632873058319091797e+00,7.376749183713180447e-01,channels
0.000000000000000000e+00,0.000000000000000000e+00,8.470588235294117530e-01,2.319949090506811729e+01,1.984883117675781250e+01,1.342036123722214995e+02,channels
0.000000000000000000e+00,0.000000000000000000e+00,1.686274509803921684e-01,8.932325414517757745e-01,7.869027853012084961e-01,3.624650609456967487e+00,channels
0.000000000000000000e+00,5.490196078431372473e-02,0.000000000000000000e+00,3.883321985220998807e-01,5.545631647109985352e-01,5.725865261655376237e-01,channels
0.000000000000000000e+00,0.000000000000000000e+00,2.509803921568627416e-01,1.748616481044171556e+00,1.476691722869873047e+00,8.965447478462600372e+00,channels
0.000000000000000000e+00,0.000000000000000000e+00,4.549019607843137192e-01,5.495777743062070897e+00,4.563572883605957031e+00,3.093644104797452954e+01,channels
0.000000000000000000e+00,0.000000000000000000e+00,9.411764705882352811e-02,4.926690901958512558e-01,4.625898301601409912e-01,1.387250611123659549e+00,channels
0.000000000000000000e+00,5.490196078431372473e-02,0.000000000000000000e+00,4.148668698660067933e-01,5.751792788505554199e-01,5.660326915436327821e-01,channels
0.000000000000000000e+00,7.843137254901960675e-01,0.000000000000000000e+00,2.095064375584338379e+01,8.144875335693359375e+01,3.127120906171630565e+01,channels
1.725490196078431349e-01,0.000000000000000000e+00,0.000000000000000000e+00,3.360121047783369619e+00,1.651862740516662598e+00,5.095594417091308115e-01,channels
7.803921568627451011e-01,0.000000000000000000e+00,0.000000000000000000e+00,9.353853647683816064e+01,4.088478469848632812e+01,1.865896159896950790e+00,channels
0.000000000000000000e+00,4.078431372549019551e-01,0.000000000000000000e+00,5.122928912077195918e+00,1.920329475402832031e+01,8.157378547529098967e+00,channels
0.000000000000000000e+00,0.000000000000000000e+00,2.509803921568627416e-01,1.758958076623524880e+00,1.489008784294128418e+00,8.941482656109611682e+00,channels
0.000000000000000000e+00,0.000000000000000000e+00,8.039215686274510109e-01,2.014929716028992246e+01,1.710547828674316406e+01,1.164843272706137327e+02,channels
0.000000000000000000e+00,0.000000000000000000e+00,3.882352941176470673e-01,4.003055748965662630e+00,3.334499597549438477e+00,2.192265677237310229e+01,channels
0.000000000000000000e+00,5.058823529411764497e-01,0.000000000000000000e+00,8.059218700341567398e+00,3.082606315612792969e+01,1.275548033015898675e+01,channels
0.000000000000000000e+00,9.333333333333333481e-01,0.000000000000000000e+00,3.204468086781280078e+01,1.237777175903320312e+02,4.386935869176638647e+01,channels
6.823529411764706065e-01,0.000000000000000000e+00,0.000000000000000000e+00,6.798928193625440031e+01,2.978664398193359375e+01,1.596052639970993337e+00,channels
2.235294117647058654e-01,0.000000000000000000e+00,0.000000000000000000e+00,5.735655673646982144e+00,2.709709882736206055e+00,5.787054080463640560e-01,channels
3.803921568627450789e-01,0.000000000000000000e+00,0.000000000000000000e+00,1.861147754585918790e+01,8.268501281738281250e+00,8.029904780116058349e-01,channels
7.686274509803920907e-01,0.000000000000000000e+00,0.000000000000000000e+00,8.849369522352667161e+01,3.870811843872070312e+01,1.840305212225999520e+00,channels
0.000000000000000000e+00,9.411764705882352811e-02,0.000000000000000000e+00,4.556778473406319363e-01,9.736502170562744141e-01,7.152866552931269606e-01,channels
0.000000000000000000e+00,0.000000000000000000e+00,6.862745098039215730e-01,1.363241601831881944e+01,1.142580032348632812e+01,7.865513067078346410e+01,channels
0.000000000000000000e+00,0.000000000000000000e+00,4.313725490196078649e-01,4.982050634508576437e+00,4.143102645874023438e+00,2.784141839238856875e+01,channels
0.000000000000000000e+00,0.000000000000000000e+00,3.921568627450980338e-03,3.304106311508525629e-01,3.358731567859649658e-01,4.996361714268010012e-01,channels
5.529411764705882693e-01,0.000000000000000000e+00,0.000000000000000000e+00,4.241730322872898284e+01,1.866226768493652344e+01,1.272537865062107976e+00,channels
0.000000000000000000e+00,0.000000000000000000e+00,6.549019607843137303e-01,1.230006521601493930e+01,1.027309417724609375e+01,7.055693413389214186e+01,channels
0.000000000000000000e+00,0.000000000000000000e+00,9.803921568627450844e-02,4.717781803519839889e-01,4.471444487571716309e-01,1.402074406234599113e+00,channels
4.117647058823529216e-01,0.000000000000000000e+00,0.000000000000000000e+00,2.213028053237227155e+01,9.817905426025390625e+00,8.905088760363619738e-01,channels
0.000000000000000000e+00,7.450980392156862919e-01,0.000000000000000000e+00,1.845657917999730202e+01,7.171653747558593750e+01,2.791742273438567068e+01,channels
6.078431372549019107e-01,0.000000000000000000e+00,0.000000000000000000e+00,5.245241585219508806e+01,2.302858543395996094e+01,1.389735568013696909e+00,channels
0.000000000000000000e+00,4.862745098039215619e-01,0.000000000000000000e+00,7.325448082308813724e+00,2.806525039672851562e+01,1.162831945923158727e+01,channels
0.000000000000000000e+00,0.000000000000000000e+00,7.019607843137254388e-01,1.445440859508611986e+01,1.213529777526855469e+01,8.332021804233447426e+01,channels
3.882352941176470673e-01,0.000000000000000000e+00,0.000000000000000000e+00,1.953220515273199354e+01,8.717884063720703125e+00,8.979431166143233556e-01,channels
1.882352941176470562e-01,0.000000000000000000e+00,0.000000000000000000e+00,4.012364907086721111e+00,1.929633140563964844e+00,5.115300471555930262e-01,channels
0.000000000000000000e+00,6.039215686274509443e-01,0.000000000000000000e+00,1.165597749275332085e+01,4.521822738647460938e+01,1.821292343558145532e+01,channels
0.000000000000000000e+00,7.137254901960784492e-01,0.000000000000000000e+00,1.676427002100388108e+01,6.525059509277343750e+01,2.561757719097675690e+01,channels
0.000000000000000000e+00,0.000000000000000000e+00,1.490196078431372528e-01,7.221969266279523181e-01,6.618454456329345703e-01,2.778019781725971526e+00,channels
9.843137254901960231e-01,0.000000000000000000e+00,0.000000000000000000e+00,1.627731733270839527e+02,7.087622070312500000e+01,2.212925789916889485e+00,channels
0.000000000000000000e+00,0.000000000000000000e+00,2.588235294117646745e-01,1.815826022413702168e+00,1.518091082572937012e+00,9.033348708145069850e+00,channels
0.000000000000000000e+00,5.607843137254902022e-01,0.000000000000000000e+00,9.952444917600823615e+00,3.843924713134765625e+01,1.568926274705084012e+01,channels
4.078431372549019551e-01,0.000000000000000000e+00,0.000000000000000000e+00,2.168123594371230922e+01,9.652954101562500000e+00,8.574006685420089147e-01,channels
0.000000000000000000e+00,7.647058823529411242e-01,0.000000000000000000e+00,1.964969964370776268e+01,7.649716949462890625e+01,2.953612787257683081e+01,channels
0.000000000000000000e+00,0.000000000000000000e+00,4.627450980392157076e-01,5.754212108447549490e+00,4.779751300811767578e+00,3.232965018870395113e+01,channels
0.000000000000000000e+00,0.000000000000000000e+00,6.470588235294117974e-01,1.195474911029183929e+01,9.989826202392578125e+00,6.872648853736124863e+01,channels
0.000000000000000000e+00,0.000000000000000000e+00,2.156862745098039325e-01,1.287062270985556589e+00,1.101197004318237305e+00,6.225845787756282945e+00,channels
0.000000000000000000e+00,2.352941176470588203e-01,0.000000000000000000e+00,1.712907247703330471e+00,5.962976932525634766e+00,2.723528458943607067e+00,channels
9.568627450980391469e-01,0.000000000000000000e+00,0.000000000000000000e+00,1.555436431759262916e+02,6.775157165527343750e+01,2.219246376579774083e+00,channels
3.176470588235293935e-01,0.000000000000000000e+00,0.000000000000000000e+00,1.276759951886593747e+01,5.775062084197998047e+00,7.641800888257411772e-01,channels
0.000000000000000000e+00,0.000000000000000000e+00,3.843137254901960453e-01,3.859893146751886217e+00,3.213234663009643555e+00,2.110053733291926648e+01,channels
0.000000000000000000e+00,1.176470588235294101e-02,0.000000000000000000e+00,2.795921479636523377e-01,3.063669204711914062e-01,4.357639435821670237e-01,channels
0.000000000000000000e+00,0.000000000000000000e+00,3.254901960784313819e-01,2.873552764064355891e+00,2.401881933212280273e+00,1.532848279045193429e+01,channels
0.000000000000000000e+00,0.000000000000000000e+00,7.058823529411764608e-02,4.140742373312537583e-01,4.051682353019714355e-01,9.472608819221067789e-01,channels
0.000000000000000000e+00,0.000000000000000000e+00,2.470588235294117752e-01,1.651653567651063970e+00,1.400714874267578125e+00,8.402754530152053647e+00,channels
1.019607843137254888e-01,0.000000000000000000e+00,0.000000000000000000e+00,1.247462091100381310e+00,7.552691102027893066e-01,5.136587391447976492e-01,channels
0.000000000000000000e+00,3.607843137254901911e-01,0.000000000000000000e+00,3.952397410127839184e+00,1.473475170135498047e+01,6.348723524112567240e+00,channels
0.000000000000000000e+00,0.000000000000000000e+00,2.470588235294117752e-01,1.681445140415260386e+00,1.421725273132324219e+00,8.418702100280782474e+00,channels
0.000000000000000000e+00,0.000000000000000000e+00,7.686274509803920907e-01,1.757788232382652538e+01,1.483629798889160156e+01,1.014955055355766120e+02,channels
0.000000000000000000e+00,1.686274509803921684e-01,0.000000000000000000e+00,1.005182523899620373e+00,2.961502075195312500e+00,1.574499031371486391e+00,channels
0.000000000000000000e+00,0.000000000000000000e+00,5.450980392156862253e-01,8.228368481073054852e+00,6.838273048400878906e+00,4.683185900148882297e+01,channels
0.000000000000000000e+00,1.450980392156862586e-01,0.000000000000000000e+00,7.440927527424696653e-01,2.047569751739501953e+00,1.169536505740631505e+00,channels
0.000000000000000000e+00,3.019607843137254721e-01,0.000000000000000000e+00,2.800895690927875936e+00,1.020320987701416016e+01,4.515962661284174118e+00,channels
2.000000000000000111e-01,0.000000000000000000e+00,0.000000000000000000e+00,4.656306129482945089e+00,2.232936859130859375e+00,5.889029883294296663e-01,channels
6.745098039215686736e-01,0.000000000000000000e+00,0.000000000000000000e+00,6.611112055971273094e+01,2.893596076965332031e+01,1.567494735789728644e+00,channels
0.000000000000000000e+00,0.000000000000000000e+00,2.549019607843137081e-01,1.850049701472648467e+00,1.550346374511718750e+00,9.063938743879838000e+00,channels
0.000000000000000000e+00,3.647058823529411575e-01,0.000000000000000000e+00,4.045807138248226131e+00,1.505956649780273438e+01,6.496127003485990592e+00,channels
0.000000000000000000e+00,7.960784313725489669e-01,0.000000000000000000e+00,2.176387332330829238e+01,8.454176330566406250e+01,3.234508818650628115e+01,channels
1.529411764705882470e-01,0.000000000000000000e+00,0.000000000000000000e+00,2.644454870774269661e+00,1.363121032714843750e+00,5.093521263743826522e-01,channels
0.000000000000000000e+00,0.000000000000000000e+00,4.941176470588235503e-01,6.647381464141938423e+00,5.508596897125244141e+00,3.746464853331144695e+01,channels
0.000000000000000000e+00,1.568627450980392135e-01,0.000000000000000000e+00,9.087191872575044460e-01,2.562309026718139648e+00,1.450152372663572553e+00,channels
2.941176470588235392e-01,0.000000000000000000e+00,0.000000000000000000e+00,1.085715593333890894e+01,4.926474571228027344e+00,6.712861448207706472e-01,channels
4.313725490196078372e-02,0.000000000000000000e+00,0.000000000000000000e+00,4.476140938003761449e-01,3.945305347442626953e-01,4.354312846111645374e-01,channels
8.549019607843136859e-01,0.000000000000000000e+00,0.000000000000000000e+00,1.174835411218714825e+02,5.127498245239257812e+01,2.075514690311300203e+00,channels
4.705882352941176405e-01,0.000000000000000000e+00,0.000000000000000000e+00,2.957684717498450766e+01,1.308690547943115234e+01,1.035672417153093772e+00,channels
0.000000000000000000e+00,7.529411764705882248e-01,0.000000000000000000e+00,1.894223068149441502e+01,7.368151855468750000e+01,2.858956889462958983e+01,channels
0.000000000000000000e+00,8.000000000000000444e-01,0.000000000000000000e+00,2.192593949351319083e+01,8.548252868652343750e+01,3.258155282785406825e+01,channels
0.000000000000000000e+00,5.098039215686274439e-02,0.000000000000000000e+00,3.308529709114527151e-01,4.757913351058959961e-01,4.796479772077160142e-01,channels
4.745098039215686070e-01,0.000000000000000000e+00,0.000000000000000000e+00,3.018428423844068220e+01,1.336325931549072266e+01,1.067251019936841683e+00,channels
6.588235294117646967e-01,0.000000000000000000e+00,0.000000000000000000e+00,6.282198643338646349e+01,2.754110908508300781e+01,1.543932737687756962e+00,channels
5.372549019607842924e-01,0.000000000000000000e+00,0.000000000000000000e+00,4.009777398838956941e+01,1.766028022766113281e+01,1.210148884786824031e+00,channels
0.000000000000000000e+00,0.000000000000000000e+00,3.568627450980392246e-01,3.432727627790583824e+00,2.850410223007202148e+00,1.854814881517049585e+01,channels
3.254901960784313819e-01,0.000000000000000000e+00,0.000000000000000000e+00,1.332237200607815453e+01,5.998593330383300781e+00,7.323414715910163686e-01,channels
9.215686274509803377e-01,0.000000000000000000e+00,0.000000000000000000e+00,1.435495180177541386e+02,6.256565856933593750e+01,2.231423337901954795e+00,channels
0.000000000000000000e+00,3.686274509803921795e-01,0.000000000000000000e+00,4.137616502046954636e+00,1.540536880493164062e+01,6.606660210745215700e+00,channels
0.000000000000000000e+00,0.000000000000000000e+00,5.137254901960783826e-01,7.300507709741740570e+00,6.063270092010498047e+00,4.104481740997404415e+01,channels
0.000000000000000000e+00,2.784313725490196179e-01,0.000000000000000000e+00,2.394211562704060547e+00,8.640915870666503906e+00,3.882723522831800889e+00,channels
8.980392156862745390e-01,0.000000000000000000e+00,0.000000000000000000e+00,1.335379040793481238e+02,5.820985031127929688e+01,2.128316298557277886e+00,channels
0.000000000000000000e+00,8.823529411764705621e-01,0.000000000000000000e+00,2.790129326423465628e+01,1.082753448486328125e+02,3.973589595364826721e+01,channels
0.000000000000000000e+00,8.745098039215686292e-01,0.000000000000000000e+00,2.730899497340973880e+01,1.059792785644531250e+02,3.910083018652666453e+01,channels
2.352941176470588203e-02,0.000000000000000000e+00,0.000000000000000000e+00,3.971047161822056637e-01,4.008340835571289062e-01,4.876252436639936239e-01,channels
5.176470588235293491e-01,0.000000000000000000e+00,0.000000000000000000e+00,3.620643818893255883e+01,1.598504447937011719e+01,1.115339626682316121e+00,channels
0.000000000000000000e+00,0.000000000000000000e+00,1.098039215686274495e-01,5.011702825863002531e-01,4.750647842884063721e-01,1.581040674584311967e+00,channels
0.000000000000000000e+00,5.882352941176470784e-01,0.000000000000000000e+00,1.102456471427748852e+01,4.264472579956054688e+01,1.726981017369023164e+01,channels
0.000000000000000000e+00,1.764705882352941013e-01,0.000000000000000000e+00,1.024664909775621968e+00,3.075875997543334961e+00,1.600510024564465894e+00,channels
0.000000000000000000e+00,6.352941176470587870e-01,0.000000000000000000e+00,1.301099248971159383e+01,5.046783065795898438e+01,2.021526073583278205e+01,channels
0.000000000000000000e+00,9.294117647058823817e-01,0.000000000000000000e+00,3.171085305993126013e+01,1.225801544189453125e+02,4.355913753047548198e+01,channels
0.000000000000000000e+00,3.450980392156862697e-01,0.000000000000000000e+00,3.621913567355463659e+00,1.338845539093017578e+01,5.788463761333316526e+00,channels
0.000000000000000000e+00,9.372549019607843146e-01,0.000000000000000000e+00,3.237260231566416735e+01,1.249417953491210938e+02,4.417227726060554716e+01,channels
2.156862745098039325e-01,0.000000000000000000e+00,0.000000000000000000e+00,5.536266556743193235e+00,2.626068830490112305e+00,5.769430441283535105e-01,channels
0.000000000000000000e+00,8.862745098039215286e-01,0.000000000000000000e+00,2.819092778511778263e+01,1.094560546875000000e+02,4.009129343400701373e+01,channels
1.568627450980392135e-01,0.000000000000000000e+00,0.000000000000000000e+00,2.887570023099932826e+00,1.484085083007812500e+00,5.436012524932468670e-01,channels
5.490196078431372473e-02,0.000000000000000000e+00,0.000000000000000000e+00,5.309788410744438192e-01,4.346495866775512695e-01,4.671861081769266288e-01,channels
0.000000000000000000e+00,0.000000000000000000e+00,1.882352941176470562e-01,1.032876210767787573e+00,9.040884971618652344e-01,4.488409952506113854e+00,channels
0.000000000000000000e+00,1.607843137254901800e-01,0.000000000000000000e+00,8.624090368800889639e-01,2.519360780715942383e+00,1.367897565246317226e+00,channels
0.000000000000000000e+00,0.000000000000000000e+00,3.411764705882353033e-01,3.090960180795109036e+00,2.580560684204101562e+00,1.669486484394698067e+01,channels
0.000000000000000000e+00,3.215686274509803599e-01,0.000000000000000000e+00,3.081952517066563146e+00,1.131313896179199219e+01,4.970383481556606142e+00,channels
1.254901960784313708e-01,0.000000000000000000e+00,0.000000000000000000e+00,1.793086597733668297e+00,9.713224172592163086e-01,4.952873603742944941e-01,channels
0.000000000000000000e+00,0.000000000000000000e+00,6.980392156862744724e-01,1.412301584382849207e+01,1.184754943847656250e+01,8.146023478082311442e+01,channels
0.000000000000000000e+00,0.000000000000000000e+00,4.705882352941176405e-01,5.940771313053565983e+00,4.929465770721435547e+00,3.348430092516171186e+01,channels
3.176470588235293935e-01,0.000000000000000000e+00,0.000000000000000000e+00,1.266523482774143261e+01,5.687912940979003906e+00,6.843693332032381171e-01,channels
0.000000000000000000e+00,0.000000000000000000e+00,8.117647058823529438e-01,2.079789755008490104e+01,1.767624092102050781e+01,1.197686552555438482e+02,channels
0.000000000000000000e+00,8.627450980392157298e-01,0.000000000000000000e+00,2.634243467808371619e+01,1.024273757934570312e+02,3.800719107040626454e+01,channels
9.607843137254902244e-01,0.000000000000000000e+00,0.000000000000000000e+00,1.575187446755854808e+02,6.858306121826171875e+01,2.180807694889785431e+00,channels
0.000000000000000000e+00,0.000000000000000000e+00,8.901960784313724950e-01,2.674515845260834368e+01,2.310969734191894531e+01,1.542251823616161630e+02,channels
8.431372549019607865e-01,0.000000000000000000e+00,0.000000000000000000e+00,1.131296259282776617e+02,4.941204452514648438e+01,2.095840820767270962e+00,channels
0.000000000000000000e+00,0.000000000000000000e+00,4.470588235294117307e-01,5.290723893646498865e+00,4.385375976562500000e+00,2.945468957763483786e+01,channels
0.000000000000000000e+00,9.686274509803921573e-01,0.000000000000000000e+00,3.417528291852514144e+01,1.314949340820312500e+02,4.540663618733120899e+01,channels
0.000000000000000000e+00,4.666666666666666741e-01,0.000000000000000000e+00,6.708050756698087369e+00,2.557290267944335938e+01,1.068183752933998676e+01,channels
5.411764705882352589e-01,0.000000000000000000e+00,0.000000000000000000e+00,4.069486587781037201e+01,1.788630867004394531e+01,1.162742604529643842e+00,channels
0.000000000000000000e+00,8.431372549019607865e-01,0.000000000000000000e+00,2.498892696718661810e+01,9.708818817138671875e+01,3.637475166442408181e+01,channels
4.078431372549019551e-01,0.000000000000000000e+00,0.000000000000000000e+00,2.165647236323759373e+01,9.626131057739257812e+00,8.637213660284447370e-01,channels
2.980392156862745057e-01,0.000000000000000000e+00,0.000000000000000000e+00,1.109742150101618030e+01,5.012449264526367188e+00,6.553085150384997393e-01,channels
0.000000000000000000e+00,0.000000000000000000e+00,1.019607843137254888e-01,5.693327921935688041e-01,5.378109812736511230e-01,1.526811782659194927e+00,channels
0.000000000000000000e+00,3.725490196078431460e-01,0.000000000000000000e+00,4.189733588359618288e+00,1.569827365875244141e+01,6.698856563179430346e+00,channels
0.000000000000000000e+00,0.000000000000000000e+00,2.784313725490196179e-01,2.096030743774156768e+00,1.772319793701171875e+00,1.099428974045760832e+01,channels
5.176470588235293491e-01,0.000000000000000000e+00,0.000000000000000000e+00,3.616670968978007039e+01,1.593107700347900391e+01,1.139503554004929642e+00,channels
0.000000000000000000e+00,7.254901960784313486e-01,0.000000000000000000e+00,1.734603785281952071e+01,6.763114929199218750e+01,2.639372059693506856e+01,channels
9.607843137254902244e-01,0.000000000000000000e+00,0.000000000000000000e+00,1.576535408022567140e+02,6.866212463378906250e+01,2.246190408945710093e+00,channels
0.000000000000000000e+00,9.294117647058823817e-01,0.000000000000000000e+00,3.172799399644272000e+01,1.225433349609375000e+02,4.354743954781383763e+01,channels
0.000000000000000000e+00,8.078431372549019773e-01,0.000000000000000000e+00,2.247241316388526755e+01,8.751073455810546875e+01,3.328802175895925330e+01,channels
5.529411764705882693e-01,0.000000000000000000e+00,0.000000000000000000e+00,4.233483293954455462e+01,1.862071800231933594e+01,1.223845776063331003e+00,channels
0.000000000000000000e+00,0.000000000000000000e+00,9.803921568627450844e-02,5.059112106158555333e-01,4.882726669311523438e-01,1.419668732974253667e+00,channels
7.490196078431372584e-01,0.000000000000000000e+00,0.000000000000000000e+00,8.450973085869055978e+01,3.696008682250976562e+01,1.781817955606803228e+00,channels
5.490196078431373028e-01,0.000000000000000000e+00,0.000000000000000000e+00,4.186766667370778094e+01,1.842087364196777344e+01,1.255814045660654132e+00,channels
0.000000000000000000e+00,2.666666666666666630e-01,0.000000000000000000e+00,2.212053556235612728e+00,7.909577369689941406e+00,3.603349608905307644e+00,channels
7.294117647058823151e-01,0.000000000000000000e+00,0.000000000000000000e+00,7.973551171938160564e+01,3.487247848510742188e+01,1.701157974579513121e+00,channels
8.823529411764705621e-01,0.000000000000000000e+00,0.000000000000000000e+00,1.271947268420657906e+02,5.546768569946289062e+01,2.138790005394056948e+00,channels
0.000000000000000000e+00,9.058823529411764719e-01,0.000000000000000000e+00,2.974861163077681425e+01,1.152272338867187500e+02,4.168713962887161273e+01,channels
0.000000000000000000e+00,8.784313725490195957e-01,0.000000000000000000e+00,2.763383319495656565e+01,1.071422805786132812e+02,3.947621239498177914e+01,channels
0.000000000000000000e+00,1.843137254901960898e-01,0.000000000000000000e+00,1.136937525627597534e+00,3.517595767974853516e+00,1.783205972098516723e+00,channels
0.000000000000000000e+00,5.999999999999999778e-01,0.000000000000000000e+00,1.139818384109393712e+01,4.440775680541992188e+01,1.790824160470176807e+01,channels
0.000000000000000000e+00,0.000000000000000000e+00,4.352941176470588314e-01,5.024566532875163638e+00,4.175743579864501953e+00,2.819973690601064575e+01,channels
0.000000000000000000e+00,5.411764705882352589e-01,0.000000000000000000e+00,9.215827873593289254e+00,3.555502700805664062e+01,1.455144990692211415e+01,channels
0.000000000000000000e+00,5.411764705882352589e-01,0.000000000000000000e+00,9.206276065741837655e+00,3.551862716674804688e+01,1.450616319545157928e+01,channels
2.274509803921568596e-01,0.000000000000000000e+00,0.000000000000000000e+00,6.213895219048768404e+00,2.933217763900756836e+00,6.069790350287934677e-01,channels
0.000000000000000000e+00,4.784313725490195734e-01,0.000000000000000000e+00,6.975867287761218449e+00,2.655545616149902344e+01,1.105909811972437495e+01,channels
0.000000000000000000e+00,2.941176470588235392e-01,0.000000000000000000e+00,2.712730806770036640e+00,9.697916030883789062e+00,4.306575965141569817e+00,channels
0.000000000000000000e+00,2.549019607843137081e-01,0.000000000000000000e+00,2.017440712257018820e+00,7.178683757781982422e+00,3.305988275172002666e+00,channels
0.000000000000000000e+00,0.000000000000000000e+00,1.019607843137254888e-01,5.656090412539750423e-01,5.478225946426391602e-01,1.504719572542429606e+00,channels
0.000000000000000000e+00,0.000000000000000000e+00,1.137254901960784298e-01,5.212740797299677542e-01,4.919325709342956543e-01,1.655955101024487064e+00,channels
7.176470588235294157e-01,0.000000000000000000e+00,0.000000000000000000e+00,7.642230973364564761e+01,3.343917465209960938e+01,1.712212231094220494e+00,channels
0.000000000000000000e+00,6.784313725490196401e-01,0.000000000000000000e+00,1.496714133054462081e+01,5.817724609375000000e+01,2.305624797844415141e+01,channels
0.000000000000000000e+00,0.000000000000000000e+00,5.215686274509804266e-01,7.489452446149112319e+00,6.228834152221679688e+00,4.232071454235760655e+01,channels
0.000000000000000000e+00,0.000000000000000000e+00,5.215686274509804266e-01,7.467818084204578710e+00,6.197665691375732422e+00,4.229314929011685820e+01,channels
0.000000000000000000e+00,0.000000000000000000e+00,7.254901960784313486e-01,1.552415993227283408e+01,1.304690933227539062e+01,8.923075865092043557e+01,channels
0.000000000000000000e+00,4.313725490196078372e-02,0.000000000000000000e+00,3.351593321433460337e-01,4.482860565185546875e-01,5.037067282015726954e-01,channels
0.000000000000000000e+00,0.000000000000000000e+00,3.607843137254901911e-01,3.417967765761571020e+00,2.842883348464965820e+00,1.877799471062933279e+01,channels
0.000000000000000000e+00,0.000000000000000000e+00,3.960784313725490002e-01,4.184936625226757023e+00,3.481887817382812500e+00,2.301602761626134708e+01,channels
8.431372549019607865e-01,0.000000000000000000e+00,0.000000000000000000e+00,1.129414774076979739e+02,4.927685165405273438e+01,2.027916221571793631e+00,channels
0.000000000000000000e+00,1.490196078431372528e-01,0.000000000000000000e+00,8.622635938949302359e-01,2.311648368835449219e+00,1.343385678580825138e+00,channels
1.960784313725490169e-01,0.000000000000000000e+00,0.000000000000000000e+00,4.424470354864491028e+00,2.106253862380981445e+00,5.206097105986858820e-01,channels
0.000000000000000000e+00,0.000000000000000000e+00,6.196078431372549211e-01,1.081570153996886852e+01,9.011205673217773438e+00,6.220307780325783398e+01,channels
0.000000000000000000e+00,5.764705882352940680e-01,0.000000000000000000e+00,1.053960300879599643e+01,4.075642776489257812e+01,1.657326201153258438e+01,channels
0.000000000000000000e+00,0.000000000000000000e+00,3.294117647058823484e-01,2.917555470907385207e+00,2.426723241806030273e+00,1.551635648801948442e+01,channels
0.000000000000000000e+00,3.019607843137254721e-01,0.000000000000000000e+00,2.800926166305913956e+00,1.019252300262451172e+01,4.540099725213904591e+00,channels
5.960784313725490113e-01,0.000000000000000000e+00,0.000000000000000000e+00,5.025331861593350169e+01,2.206747245788574219e+01,1.343131962330782470e+00,channels
0.000000000000000000e+00,0.000000000000000000e+00,2.352941176470588203e-01,1.520617628879614935e+00,1.291681885719299316e+00,7.492476759736394598e+00,channels
0.000000000000000000e+00,9.098039215686274384e-01,0.000000000000000000e+00,3.005573831944263929e+01,1.164645004272460938e+02,4.202687023796493548e+01,channels
0.000000000000000000e+00,9.803921568627450567e-01,0.000000000000000000e+00,3.464203179388781706e+01,1.332235107421875000e+02,4.571919279213142318e+01,channels
0.000000000000000000e+00,0.000000000000000000e+00,9.411764705882352811e-01,3.201577440261648633e+01,2.822438049316406250e+01,1.847037930031377471e+02,channels
0.000000000000000000e+00,9.019607843137255054e-01,0.000000000000000000e+00,2.939848744988197637e+01,1.140705261230468750e+02,4.138984055837058662e+01,channels
0.000000000000000000e+00,0.000000000000000000e+00,7.450980392156862642e-02,4.485695997203619223e-01,4.465637207031250000e-01,1.040953754829757161e+00,channels
2.509803921568627416e-01,0.000000000000000000e+00,0.000000000000000000e+00,7.837675084914522472e+00,3.606326818466186523e+00,5.893411123215346326e-01,channels
0.000000000000000000e+00,0.000000000000000000e+00,7.176470588235294157e-01,1.515969078117089985e+01,1.273592567443847656e+01,8.747315458565063295e+01,channels
0.000000000000000000e+00,1.568627450980392135e-02,0.000000000000000000e+00,4.023135705126336115e-01,4.119394123554229736e-01,5.747168482425560887e-01,channels
9.960784313725490335e-01,0.000000000000000000e+00,0.000000000000000000e+00,1.636985992041866211e+02,7.125787353515625000e+01,2.220018014610970258e+00,channels
0.000000000000000000e+00,3.372549019607843368e-01,0.000000000000000000e+00,3.469890400900648153e+00,1.277007198333740234e+01,5.594865391248912800e+00,channels
0.000000000000000000e+00,6.666666666666666574e-02,0.000000000000000000e+00,3.598245173191976787e-01,6.111476421356201172e-01,5.514839567479227211e-01,channels
0.000000000000000000e+00,0.000000000000000000e+00,1.411764705882352922e-01,7.304418343369203370e-01,6.665632128715515137e-01,2.533262776272269701e+00,channels
0.000000000000000000e+00,0.000000000000000000e+00,3.921568627450980338e-03,3.382858594379653527e-01,3.426224589347839355e-01,4.607752139387808477e-01,channels
0.000000000000000000e+00,1.372549019607843257e-01,0.000000000000000000e+00,7.010254496799203094e-01,1.936058998107910156e+00,1.112994492601813601e+00,channels
0.000000000000000000e+00,0.000000000000000000e+00,7.843137254901960675e-02,5.345568642829982009e-01,5.174939632415771484e-01,1.127344814403568485e+00,channels
6.823529411764706065e-01,0.000000000000000000e+00,0.000000000000000000e+00,6.790193428150381294e+01,2.974756431579589844e+01,1.588286903459268595e+00,channels
9.098039215686274384e-01,0.000000000000000000e+00,0.000000000000000000e+00,1.390441912673193769e+02,6.060477447509765625e+01,2.197404577148087679e+00,channels
0.000000000000000000e+00,0.000000000000000000e+00,4.901960784313725283e-01,6.511628903517570954e+00,5.388990402221679688e+00,3.669897539418280985e+01,channels
0.000000000000000000e+00,0.000000000000000000e+00,6.588235294117646967e-01,1.241515180106529925e+01,1.037333011627197266e+01,7.136315208408797162e+01,channels
0.000000000000000000e+00,0.000000000000000000e+00,6.470588235294117974e-01,1.195489238667964393e+01,9.973016738891601562e+00,6.867603347459761665e+01,channels
2.431372549019607809e-01,0.000000000000000000e+00,0.000000000000000000e+00,7.275698770706390484e+00,3.389245271682739258e+00,6.733420473377472737e-01,channels
0.000000000000000000e+00,0.000000000000000000e+00,1.254901960784313708e-01,6.057462061369609518e-01,5.691570043563842773e-01,2.013512821524143348e+00,channels
6.666666666666666574e-02,0.000000000000000000e+00,0.000000000000000000e+00,6.514323932314097787e-01,4.791225790977478027e-01,4.657232249662215384e-01,channels
0.000000000000000000e+00,1.647058823529411742e-01,0.000000000000000000e+00,9.579141693384616296e-01,2.787805080413818359e+00,1.496236608377498944e+00,channels
0.000000000000000000e+00,5.960784313725490113e-01,0.000000000000000000e+00,1.134658926741289697e+01,4.386411666870117188e+01,1.775815677359198475e+01,channels
0.000000000000000000e+00,0.000000000000000000e+00,2.784313725490196179e-01,2.083293831980323585e+00,1.753276824951171875e+00,1.095356948562453780e+01,channels
0.000000000000000000e+00,8.156862745098039102e-01,0.000000000000000000e+00,2.306040981274971102e+01,8.963497161865234375e+01,3.401753379048506076e+01,channels
7.137254901960784492e-01,0.000000000000000000e+00,0.000000000000000000e+00,7.536093293313940933e+01,3.301256179809570312e+01,1.711548750517019934e+00,channels
1.333333333333333315e-01,0.000000000000000000e+00,0.000000000000000000e+00,2.023596880280618127e+00,1.091529846191406250e+00,4.988133865196500150e-01,channels
0.000000000000000000e+00,0.000000000000000000e+00,2.901960784313725172e-01,2.261876370612082354e+00,1.904248595237731934e+00,1.167415333485737250e+01,channels
0.000000000000000000e+00,5.882352941176470784e-01,0.000000000000000000e+00,1.105369976239710716e+01,4.264653778076171875e+01,1.729560177562103718e+01,channels
3.529411764705882026e-01,0.000000000000000000e+00,0.000000000000000000e+00,1.548000981188676128e+01,6.968122005462646484e+00,7.988936924843620391e-01,channels
0.000000000000000000e+00,8.862745098039215286e-01,0.000000000000000000e+00,2.818909093502584540e+01,1.093667144775390625e+02,4.009004493427585913e+01,channels
4.666666666666666741e-01,0.000000000000000000e+00,0.000000000000000000e+00,2.905424750171060211e+01,1.287898921966552734e+01,1.034492974784399610e+00,channels
0.000000000000000000e+00,0.000000000000000000e+00,4.784313725490195734e-01,6.011465245543364588e+00,4.989850521087646484e+00,3.385875773615020989e+01,channels
9.372549019607843146e-01,0.000000000000000000e+00,0.000000000000000000e+00,1.506315730229962355e+02,6.562435150146484375e+01,2.220218780805554015e+00,channels
0.000000000000000000e+00,0.000000000000000000e+00,4.745098039215686070e-01,6.070741307219379657e+00,5.024140834808349609e+00,3.387651378911154865e+01,channels
4.039215686274509887e-01,0.000000000000000000e+00,0.000000000000000000e+00,2.139812316567519090e+01,9.515904426574707031e+00,8.796796386951339919e-01,channels
7.294117647058823151e-01,0.000000000000000000e+00,0.000000000000000000e+00,7.969316716814428503e+01,3.485529327392578125e+01,1.770927223724034771e+00,channels
0.000000000000000000e+00,9.137254901960784048e-01,0.000000000000000000e+00,3.042066270008346862e+01,1.176763687133789062e+02,4.232080720702134613e+01,channels
0.000000000000000000e+00,5.254901960784313930e-01,0.000000000000000000e+00,8.688317987806568610e+00,3.338712310791015625e+01,1.372738611030334255e+01,channels
0.000000000000000000e+00,1.568627450980392135e-01,0.000000000000000000e+00,8.581501776443668517e-01,2.510930299758911133e+00,1.346738987970116597e+00,channels
2.509803921568627416e-01,0.000000000000000000e+00,0.000000000000000000e+00,7.860560387948615890e+00,3.627470016479492188e+00,6.306291699870176792e-01,channels
0.000000000000000000e+00,7.725490196078431682e-01,0.000000000000000000e+00,2.014910559593821660e+01,7.837886810302734375e+01,3.022163147898487168e+01,channels
0.000000000000000000e+00,0.000000000000000000e+00,9.921568627450980671e-01,3.921995042487842653e+01,3.675226211547851562e+01,2.238499244584270684e+02,channels
0.000000000000000000e+00,3.450980392156862697e-01,0.000000000000000000e+00,3.619884283327186481e+00,1.338992977142333984e+01,5.816769415157085454e+00,channels
0.000000000000000000e+00,1.725490196078431349e-01,0.000000000000000000e+00,9.726452976873289913e-01,3.018004417419433594e+00,1.585388579325459846e+00,channels
0.000000000000000000e+00,0.000000000000000000e+00,4.862745098039215619e-01,6.340040024134117935e+00,5.251513004302978516e+00,3.607646770552391757e+01,channels
0.000000000000000000e+00,0.000000000000000000e+00,1.019607843137254888e-01,4.534222393767237125e-01,4.348736703395843506e-01,1.451077168703598375e+00,channels
0.000000000000000000e+00,8.156862745098039102e-01,0.000000000000000000e+00,2.303712857291436578e+01,8.958631896972656250e+01,3.399059550114978379e+01,channels
2.470588235294117752e-01,0.000000000000000000e+00,0.000000000000000000e+00,7.464038560834756808e+00,3.462471723556518555e+00,6.074925128070784996e-01,channels
1.294117647058823373e-01,0.000000000000000000e+00,0.000000000000000000e+00,1.821404969391839046e+00,9.980489015579223633e-01,5.161322063673126070e-01,channels
0.000000000000000000e+00,3.254901960784313819e-01,0.000000000000000000e+00,3.267041359338996642e+00,1.189544010162353516e+01,5.222322525696851514e+00,channels
0.000000000000000000e+00,9.607843137254902244e-01,0.000000000000000000e+00,3.394166353917204049e+01,1.306301879882812500e+02,4.529671792791576479e+01,channels
3.921568627450980338e-02,0.000000000000000000e+00,0.000000000000000000e+00,4.416863913094338234e-01,4.097453355789184570e-01,4.773111227493710973e-01,channels
0.000000000000000000e+00,0.000000000000000000e+00,1.607843137254901800e-01,7.691356832419081746e-01,6.908006668090820312e-01,3.173138490058483363e+00,channels
0.000000000000000000e+00,1.333333333333333315e-01,0.000000000000000000e+00,7.363394918402724754e-01,1.875778555870056152e+00,1.133388553628684292e+00,channels
0.000000000000000000e+00,9.764705882352940902e-01,0.000000000000000000e+00,3.446402625835175115e+01,1.326309967041015625e+02,4.561725447235681230e+01,channels
0.000000000000000000e+00,0.000000000000000000e+00,8.627450980392156743e-02,5.148259957114308394e-01,4.991815984249114990e-01,1.245217530217273882e+00,channels
0.000000000000000000e+00,7.058823529411764608e-02,0.000000000000000000e+00,4.515477870727684917e-01,7.203585505485534668e-01,6.167530400410428104e-01,channels
0.000000000000000000e+00,0.000000000000000000e+00,8.627450980392157298e-01,2.433998315644185340e+01,2.088649368286132812e+01,1.405091136571626294e+02,channels
0.000000000000000000e+00,0.000000000000000000e+00,6.078431372549019107e-01,1.039908702836230070e+01,8.664023399353027344e+00,5.968780413323818834e+01,channels
0.000000000000000000e+00,0.000000000000000000e+00,5.725490196078431016e-01,9.107862135863351583e+00,7.573170661926269531e+00,5.201546335932319920e+01,channels
8.196078431372548767e-01,0.000000000000000000e+00,0.000000000000000000e+00,1.055280601577643154e+02,4.607508087158203125e+01,2.042730222113316341e+00,channels
9.137254901960784048e-01,0.000000000000000000e+00,0.000000000000000000e+00,1.401797746376550435e+02,6.109337234497070312e+01,2.175717960283720664e+00,channels
0.000000000000000000e+00,1.843137254901960898e-01,0.000000000000000000e+00,1.153118972446921076e+00,3.515361070632934570e+00,1.813432787031807880e+00,channels
0.000000000000000000e+00,0.000000000000000000e+00,8.274509803921568096e-01,2.183953401797969107e+01,1.860480117797851562e+01,1.259025279049355248e+02,channels
0.000000000000000000e+00,0.000000000000000000e+00,4.117647058823529216e-01,4.552010710213555633e+00,3.787026405334472656e+00,2.504415761429453369e+01,channels
0.000000000000000000e+00,3.372549019607843368e-01,0.000000000000000000e+00,3.467565431088893479e+00,1.277302360534667969e+01,5.598417522936918189e+00,channels
5.725490196078431016e-01,0.000000000000000000e+00,0.000000000000000000e+00,4.588417626682754502e+01,2.016594696044921875e+01,1.293100082228002545e+00,channels
0.000000000000000000e+00,6.509803921568627638e-01,0.000000000000000000e+00,1.371081668755499550e+01,5.318841171264648438e+01,2.121008181524511116e+01,channels
6.862745098039215730e-01,0.000000000000000000e+00,0.000000000000000000e+00,6.898312839066258562e+01,3.023277091979980469e+01,1.608246720060063639e+00,channels
0.000000000000000000e+00,8.745098039215686292e-01,0.000000000000000000e+00,2.731700655073901984e+01,1.059381866455078125e+02,3.911473201450132109e+01,channels
0.000000000000000000e+00,0.000000000000000000e+00,2.352941176470588203e-02,3.085357271723233596e-01,3.286280632019042969e-01,5.082087993626184241e-01,channels
0.000000000000000000e+00,1.647058823529411742e-01,0.000000000000000000e+00,9.599196516841966842e-01,2.792304754257202148e+00,1.486699867290391053e+00,channels
0.000000000000000000e+00,8.509803921568627194e-01,0.000000000000000000e+00,2.557416939791715649e+01,9.926211547851562500e+01,3.707177606160892935e+01,channels
0.000000000000000000e+00,0.000000000000000000e+00,9.921568627450980671e-01,3.913334140649747184e+01,3.669296646118164062e+01,2.237158674638012315e+02,channels
2.431372549019607809e-01,0.000000000000000000e+00,0.000000000000000000e+00,7.197655666878389980e+00,3.332460165023803711e+00,6.370589156727245461e-01,channels
4.313725490196078649e-01,0.000000000000000000e+00,0.000000000000000000e+00,2.456477586430866822e+01,1.091097640991210938e+01,9.541160858851556181e-01,channels
9.882352941176471006e-01,0.000000000000000000e+00,0.000000000000000000e+00,1.632685797607037159e+02,7.106906127929687500e+01,2.219365988812221691e+00,channels
5.607843137254902022e-01,0.000000000000000000e+00,0.000000000000000000e+00,4.370352881784886989e+01,1.922300338745117188e+01,1.258813481413848523e+00,channels
0.000000000000000000e+00,1.725490196078431349e-01,0.000000000000000000e+00,1.057957454528092311e+00,3.079986810684204102e+00,1.596681279425381517e+00,channels
0.000000000000000000e+00,7.450980392156862642e-02,0.000000000000000000e+00,4.308936277953720473e-01,7.249756455421447754e-01,6.371146339066739994e-01,channels
6.823529411764706065e-01,0.000000000000000000e+00,0.000000000000000000e+00,6.782408796786862126e+01,2.969641304016113281e+01,1.587998762461774183e+00,channels
0.000000000000000000e+00,0.000000000000000000e+00,3.176470588235293935e-01,2.738084399941513869e+00,2.275836944580078125e+00,1.446921377651223573e+01,channels
0.000000000000000000e+00,3.411764705882353033e-01,0.000000000000000000e+00,3.597839808958616992e+00,1.313009738922119141e+01,5.729009692927387931e+00,channels
0.000000000000000000e+00,1.176470588235294101e-02,0.000000000000000000e+00,3.392878048928781309e-01,3.481561541557312012e-01,4.743356583119783254e-01,channels
0.000000000000000000e+00,5.176470588235293491e-01,0.000000000000000000e+00,8.288635663102407847e+00,3.182573890686035156e+01,1.315581465464902067e+01,channels
0.000000000000000000e+00,0.000000000000000000e+00,8.784313725490195957e-01,2.573168860375068334e+01,2.217414474487304688e+01,1.482773946310009592e+02,channels
9.803921568627450567e-01,0.000000000000000000e+00,0.000000000000000000e+00,1.623639103329411455e+02,7.067683410644531250e+01,2.201683455208007345e+00,channels
0.000000000000000000e+00,9.647058823529411908e-01,0.000000000000000000e+00,3.411501533020538801e+01,1.312528076171875000e+02,4.537803490732503775e+01,channels
2.823529411764705843e-01,0.000000000000000000e+00,0.000000000000000000e+00,9.968934708825834434e+00,4.533666133880615234e+00,6.601231064678629856e-01,channels
0.000000000000000000e+00,6.470588235294117974e-01,0.000000000000000000e+00,1.347766192170937671e+01,5.247249603271484375e+01,2.092435936408408281e+01,channels
0.000000000000000000e+00,0.000000000000000000e+00,6.117647058823529882e-01,1.055871778910813319e+01,8.814764022827148438e+00,6.054001609224776104e+01,channels
6.431372549019607199e-01,0.000000000000000000e+00,0.000000000000000000e+00,5.856126683198531424e+01,2.568068313598632812e+01,1.486672662654209720e+00,channels
3.529411764705882304e-02,0.000000000000000000e+00,0.000000000000000000e+00,4.272358836387720182e-01,3.790746331214904785e-01,4.717380559087866465e-01,channels
0.000000000000000000e+00,0.000000000000000000e+00,9.764705882352940902e-01,3.701600611237191174e+01,3.363388061523437500e+01,2.127314529012724336e+02,channels
0.000000000000000000e+00,6.745098039215686736e-01,0.000000000000000000e+00,1.476787786931121360e+01,5.739495849609375000e+01,2.279581318362095033e+01,channels
0.000000000000000000e+00,0.000000000000000000e+00,5.803921568627450345e-01,9.257453355823827224e+00,7.712935924530029297e+00,5.282306024811467182e+01,channels
0.000000000000000000e+00,0.000000000000000000e+00,6.705882352941175961e-01,1.299196566688484467e+01,1.086409854888916016e+01,7.451151899383710031e+01,channels
0.000000000000000000e+00,0.000000000000000000e+00,7.176470588235294157e-01,1.516005027539482164e+01,1.274092292785644531e+01,8.726240160814981550e+01,channels
0.000000000000000000e+00,2.274509803921568596e-01,0.000000000000000000e+00,1.635128971304985246e+00,5.543688297271728516e+00,2.636976140544489144e+00,channels
7.764705882352941346e-01,0.000000000000000000e+00,0.000000000000000000e+00,9.210357316248556003e+01,4.024981689453125000e+01,1.894919662051334663e+00,channels
3.725490196078431460e-01,0.000000000000000000e+00,0.000000000000000000e+00,1.771250924764157730e+01,7.906765937805175781e+00,8.366986253299468768e-01,channels
0.000000000000000000e+00,0.000000000000000000e+00,5.098039215686274439e-02,4.125488883010424157e-01,4.107672274112701416e-01,7.532297485525276670e-01,channels
4.784313725490195734e-01,0.000000000000000000e+00,0.000000000000000000e+00,3.014015361128466353e+01,1.334270668029785156e+01,1.085906397180704142e+00,channels
5.882352941176470784e-01,0.000000000000000000e+00,0.000000000000000000e+00,4.875476005048572148e+01,2.143262672424316406e+01,1.361870571520117812e+00,channels
0.000000000000000000e+00,2.078431372549019440e-01,0.000000000000000000e+00,1.329433873828949730e+00,4.344606399536132812e+00,2.130131236308225429e+00,channels
0.000000000000000000e+00,0.000000000000000000e+00,3.490196078431372362e-01,3.176571532559100852e+00,2.642139196395874023e+00,1.732950986321510456e+01,channels
0.000000000000000000e+00,0.000000000000000000e+00,7.647058823529411242e-01,1.757153919683154797e+01,1.482743358612060547e+01,1.013925116948232272e+02,channels
0.000000000000000000e+00,4.274509803921568429e-01,0.000000000000000000e+00,5.595194275707314091e+00,2.119465065002441406e+01,8.954732203049369232e+00,channels
1.803921568627450955e-01,0.000000000000000000e+00,0.000000000000000000e+00,3.687134835599966909e+00,1.789994597434997559e+00,5.199466277267372760e-01,channels
0.000000000000000000e+00,7.764705882352941346e-01,0.000000000000000000e+00,2.040605712521171000e+01,7.937134552001953125e+01,3.058710925079905607e+01,channels
0.000000000000000000e+00,6.196078431372549211e-01,0.000000000000000000e+00,1.228703336518750966e+01,4.761389923095703125e+01,1.916799902178053827e+01,channels
0.000000000000000000e+00,0.000000000000000000e+00,7.215686274509803821e-01,1.529818041860984046e+01,1.286669254302978516e+01,8.799634250884324160e+01,channels
1.647058823529411742e-01,0.000000000000000000e+00,0.000000000000000000e+00,3.108744275276921876e+00,1.557566404342651367e+00,5.559561745813417222e-01,channels
6.078431372549019107e-01,0.000000000000000000e+00,0.000000000000000000e+00,5.232959914349478225e+01,2.298118972778320312e+01,1.392451984635905360e+00,channels
0.000000000000000000e+00,0.000000000000000000e+00,2.666666666666666630e-01,1.987662336766413240e+00,1.670187830924987793e+00,1.009592895110618116e+01,channels
0.000000000000000000e+00,0.000000000000000000e+00,7.568627450980391913e-01,1.718791847291920050e+01,1.449132251739501953e+01,9.897228302705651970e+01,channels
0.000000000000000000e+00,0.000000000000000000e+00,7.450980392156862642e-02,4.534529747132973188e-01,4.403274953365325928e-01,1.037301510828916085e+00,channels
8.039215686274510109e-01,0.000000000000000000e+00,0.000000000000000000e+00,1.005189362750955553e+02,4.391083526611328125e+01,1.966025654444253146e+00,channels
0.000000000000000000e+00,0.000000000000000000e+00,5.490196078431372473e-02,4.334532412105927546e-01,4.159206748008728027e-01,7.869159829689589269e-01,channels
0.000000000000000000e+00,0.000000000000000000e+00,3.843137254901960453e-01,3.814939154901667795e+00,3.166685342788696289e+00,2.099492530922040601e+01,channels
0.000000000000000000e+00,0.000000000000000000e+00,5.333333333333333259e-01,7.815363010297733837e+00,6.496513843536376953e+00,4.438930316501603102e+01,channels
0.000000000000000000e+00,5.176470588235293491e-01,0.000000000000000000e+00,8.258260790478161084e+00,3.181109428405761719e+01,1.312226194378054167e+01,channels
0.000000000000000000e+00,0.000000000000000000e+00,7.607843137254901578e-01,1.739425085657746806e+01,1.467221355438232422e+01,1.003103802658341124e+02,channels
0.000000000000000000e+00,9.294117647058823817e-01,0.000000000000000000e+00,3.171099686263030293e+01,1.225381393432617188e+02,4.361485655960689201e+01,channels
0.000000000000000000e+00,5.764705882352940680e-01,0.000000000000000000e+00,1.053222555972998009e+01,4.067044448852539062e+01,1.653832611256735063e+01,channels
0.000000000000000000e+00,0.000000000000000000e+00,5.372549019607842924e-01,8.000787284810664701e+00,6.653390407562255859e+00,4.544563639589235038e+01,channels
0.000000000000000000e+00,0.000000000000000000e+00,6.901960784313725394e-01,1.387573388052561185e+01,1.162956333160400391e+01,7.964808649542192143e+01,channels
5.764705882352940680e-01,0.000000000000000000e+00,0.000000000000000000e+00,4.655943643636133089e+01,2.045584869384765625e+01,1.306135048022004419e+00,channels
0.000000000000000000e+00,4.117647058823529216e-01,0.000000000000000000e+00,5.214926566184987955e+00,1.955457878112792969e+01,8.298494072913479513e+00,channels
3.294117647058823484e-01,0.000000000000000000e+00,0.000000000000000000e+00,1.360298587403918269e+01,6.116502285003662109e+00,7.488519782626230636e-01,channels
0.000000000000000000e+00,0.000000000000000000e+00,7.372549019607843590e-01,1.615060566907015627e+01,1.357556343078613281e+01,9.299491414894448837e+01,channels
0.000000000000000000e+00,0.000000000000000000e+00,1.058823529411764691e-01,5.483906199128631975e-01,5.246872901916503906e-01,1.585498776982405156e+00,channels
0.000000000000000000e+00,0.000000000000000000e+00,0.000000000000000000e+00,3.552357210410524435e-01,3.582788407802581787e-01,4.903874655914018388e-01,channels
0.000000000000000000e+00,5.529411764705882693e-01,0.000000000000000000e+00,9.629216491954920798e+00,3.720590209960937500e+01,1.523209493005005122e+01,channels
3.411764705882353033e-01,0.000000000000000000e+00,0.000000000000000000e+00,1.477546120580637812e+01,6.668294429779052734e+00,8.395382203631462925e-01,channels
0.000000000000000000e+00,0.000000000000000000e+00,7.882352941176470340e-01,1.913487143785436118e+01,1.618866920471191406e+01,1.103820433425273819e+02,channels
0.000000000000000000e+00,4.980392156862745168e-01,0.000000000000000000e+00,7.715399185410956484e+00,2.948961257934570312e+01,1.225633583546819771e+01,channels
0.000000000000000000e+00,0.000000000000000000e+00,1.529411764705882470e-01,7.345234023233194742e-01,6.648739576339721680e-01,2.902929394220389536e+00,channels
0.000000000000000000e+00,5.647058823529411686e-01,0.000000000000000000e+00,1.007798601941574823e+01,3.893267822265625000e+01,1.587955401245211284e+01,channels
2.549019607843137081e-01,0.000000000000000000e+00,0.000000000000000000e+00,8.113421654548133688e+00,3.752380847930908203e+00,6.586747325052190183e-01,channels
9.882352941176471006e-01,0.000000000000000000e+00,0.000000000000000000e+00,1.633030085542121981e+02,7.111535644531250000e+01,2.261065688857867517e+00,channels
0.000000000000000000e+00,6.392156862745097534e-01,0.000000000000000000e+00,1.317250290891101372e+01,5.111094665527343750e+01,2.045860157637024557e+01,channels
0.000000000000000000e+00,0.000000000000000000e+00,5.882352941176470784e-01,9.608104722743515680e+00,7.996739387512207031e+00,5.517146403589219972e+01,channels
0.000000000000000000e+00,0.000000000000000000e+00,5.254901960784313930e-01,7.625034870577856339e+00,6.323926448822021484e+00,4.307635391166207484e+01,channels
5.882352941176470784e-01,0.000000000000000000e+00,0.000000000000000000e+00,4.877651900604565327e+01,2.142345809936523438e+01,1.358284309835136039e+00,channels
1.607843137254901800e-01,0.000000000000000000e+00,0.000000000000000000e+00,2.874795218469302860e+00,1.460786104202270508e+00,5.791710819709449121e-01,channels
0.000000000000000000e+00,4.431372549019607643e-01,0.000000000000000000e+00,6.073737412692023163e+00,2.293698692321777344e+01,9.649264498649902322e+00,channels
7.450980392156862919e-01,0.000000000000000000e+00,0.000000000000000000e+00,8.262860991559018942e+01,3.616860580444335938e+01,1.849246195148490868e+00,channels
0.000000000000000000e+00,6.666666666666666574e-02,0.000000000000000000e+00,4.069272021421836971e-01,6.319575905799865723e-01,6.025739543306708468e-01,channels
0.000000000000000000e+00,5.411764705882352589e-01,0.000000000000000000e+00,9.191078492894659391e+00,3.550903320312500000e+01,1.455005596187489125e+01,channels
6.078431372549019107e-01,0.000000000000000000e+00,0.000000000000000000e+00,5.235111859081324326e+01,2.299823379516601562e+01,1.406507751321238509e+00,channels
0.000000000000000000e+00,0.000000000000000000e+00,8.313725490196077761e-01,2.179387400175910727e+01,1.855521583557128906e+01,1.258622388521160218e+02,channels
0.000000000000000000e+00,5.490196078431372473e-02,0.000000000000000000e+00,4.134950377430173241e-01,5.694434642791748047e-01,5.877145099887624013e-01,channels
6.274509803921568540e-02,0.000000000000000000e+00,0.000000000000000000e+00,6.263712524107553081e-01,4.862658083438873291e-01,5.203118237894232001e-01,channels
0.000000000000000000e+00,5.843137254901961120e-01,0.000000000000000000e+00,1.083571481363529898e+01,4.194044494628906250e+01,1.700605160708296992e+01,channels
9.803921568627450567e-01,0.000000000000000000e+00,0.000000000000000000e+00,1.623785311362232449e+02,7.069516754150390625e+01,2.209235818384646333e+00,channels
0.000000000000000000e+00,1.176470588235294101e-02,0.000000000000000000e+00,3.209437883983884965e-01,3.356191217899322510e-01,4.296088320272536953e-01,channels
9.411764705882352811e-02,0.000000000000000000e+00,0.000000000000000000e+00,1.071960595494950264e+00,6.667704582214355469e-01,5.499733479758133203e-01,channels
0.000000000000000000e+00,7.686274509803920907e-01,0.000000000000000000e+00,1.958905351774606629e+01,7.637398529052734375e+01,2.949353844383085388e+01,channels
0.000000000000000000e+00,0.000000000000000000e+00,5.999999999999999778e-01,1.009773171219109145e+01,8.418006896972656250e+00,5.784229428806965245e+01,channels
0.000000000000000000e+00,2.117647058823529382e-01,0.000000000000000000e+00,1.420270414593341135e+00,4.691089153289794922e+00,2.289153534960938430e+00,channels
0.000000000000000000e+00,7.176470588235294157e-01,0.000000000000000000e+00,1.694749800811481322e+01,6.595181274414062500e+01,2.587174444477274449e+01,channels
0.000000000000000000e+00,0.000000000000000000e+00,8.196078431372548767e-01,2.116327362326788375e+01,1.802163505554199219e+01,1.223422546130675670e+02,channels
1.960784313725490169e-01,0.000000000000000000e+00,0.000000000000000000e+00,4.450353476047590462e+00,2.145359992980957031e+00,5.581292065951051207e-01,channels
0.000000000000000000e+00,0.000000000000000000e+00,0.000000000000000000e+00,2.951141466560671112e-01,3.039748072624206543e-01,4.270142650211142255e-01,channels
8.941176470588234615e-01,0.000000000000000000e+00,0.000000000000000000e+00,1.302978869699559539e+02,5.681010818481445312e+01,2.164335132898612457e+00,channels
0.000000000000000000e+00,1.921568627450980227e-01,0.000000000000000000e+00,1.157586406977315852e+00,3.652282476425170898e+00,1.834609304159098508e+00,channels
9.686274509803921573e-01,0.000000000000000000e+00,0.000000000000000000e+00,1.599260570448891485e+02,6.964727020263671875e+01,2.236067612280499439e+00,channels
0.000000000000000000e+00,2.352941176470588203e-01,0.000000000000000000e+00,1.799990622616087554e+00,6.007662773132324219e+00,2.822849203978083921e+00,channels
8.745098039215686292e-01,0.000000000000000000e+00,0.000000000000000000e+00,1.244802690039570052e+02,5.431230163574218750e+01,2.141714760002786822e+00,channels
6.705882352941175961e-01,0.000000000000000000e+00,0.000000000000000000e+00,6.532440174794734844e+01,2.861777305603027344e+01,1.546481399294373338e+00,channels
0.000000000000000000e+00,0.000000000000000000e+00,8.000000000000000444e-01,1.987567540230593011e+01,1.684523200988769531e+01,1.147638790763045193e+02,channels
0.000000000000000000e+00,2.196078431372548989e-01,0.000000000000000000e+00,1.564467245434028042e+00,5.127810001373291016e+00,2.458100248489079931e+00,channels
0.000000000000000000e+00,6.313725490196078205e-01,0.000000000000000000e+00,1.281570685250819608e+01,4.966566467285156250e+01,1.993725614700909077e+01,channels
8.235294117647058432e-01,0.000000000000000000e+00,0.000000000000000000e+00,1.069270117886805593e+02,4.672924423217773438e+01,2.035718040098542847e+00,channels
0.000000000000000000e+00,2.196078431372548989e-01,0.000000000000000000e+00,1.558503398321368749e+00,5.124495029449462891e+00,2.458114163831931265e+00,channels
4.313725490196078372e-02,0.000000000000000000e+00,0.000000000000000000e+00,4.540795111719386767e-01,3.944016396999359131e-01,4.446647257041866919e-01,channels
3.568627450980392246e-01,0.000000000000000000e+00,0.000000000000000000e+00,1.606288212749321431e+01,7.178804874420166016e+00,7.816253549661779099e-01,channels
0.000000000000000000e+00,0.000000000000000000e+00,9.137254901960784048e-01,2.905311796479862352e+01,2.528550910949707031e+01,1.675400410353147720e+02,channels
8.784313725490195957e-01,0.000000000000000000e+00,0.000000000000000000e+00,1.255341059564900803e+02,5.477477645874023438e+01,2.154012155794822192e+00,channels
0.000000000000000000e+00,9.215686274509803377e-01,0.000000000000000000e+00,3.103266602445422251e+01,1.200544357299804688e+02,4.299672054342701699e+01,channels
0.000000000000000000e+00,0.000000000000000000e+00,9.254901960784314152e-01,3.033934068308428422e+01,2.655187034606933594e+01,1.749350737406578844e+02,channels
5.882352941176470507e-02,0.000000000000000000e+00,0.000000000000000000e+00,5.342492558838338734e-01,4.139931201934814453e-01,4.529205102086654722e-01,channels
9.490196078431372140e-01,0.000000000000000000e+00,0.000000000000000000e+00,1.551172061667590754e+02,6.757354736328125000e+01,2.238619746700349467e+00,channels
4.352941176470588314e-01,0.000000000000000000e+00,0.000000000000000000e+00,2.492508193291125451e+01,1.105597972869873047e+01,9.062268013530427879e-01,channels
2.627450980392156965e-01,0.000000000000000000e+00,0.000000000000000000e+00,8.546910973635448272e+00,3.906912326812744141e+00,6.191112319783520501e-01,channels
0.000000000000000000e+00,0.000000000000000000e+00,6.274509803921568540e-02,3.806368877188169852e-01,3.766988515853881836e-01,8.211261055915316520e-01,channels
8.235294117647058432e-01,0.000000000000000000e+00,0.000000000000000000e+00,1.068576700620491806e+02,4.663967132568359375e+01,1.999874955888794270e+00,channels
0.000000000000000000e+00,3.921568627450980338e-03,0.000000000000000000e+00,3.920923969067693915e-01,3.751319944858551025e-01,5.068830894714817514e-01,channels
0.000000000000000000e+00,2.392156862745097867e-01,0.000000000000000000e+00,1.768306590060343408e+00,5.972539424896240234e+00,2.811888599879588835e+00,channels
0.000000000000000000e+00,0.000000000000000000e+00,2.549019607843137081e-01,1.858818907883527993e+00,1.568330526351928711e+00,9.071068437491920378e+00,channels
0.000000000000000000e+00,4.862745098039215619e-01,0.000000000000000000e+00,7.315997904805281671e+00,2.799265861511230469e+01,1.163399931684744537e+01,channels
7.372549019607843590e-01,0.000000000000000000e+00,0.000000000000000000e+00,8.075191026554610119e+01,3.534608078002929688e+01,1.771803927640935417e+00,channels
0.000000000000000000e+00,2.627450980392156965e-01,0.000000000000000000e+00,2.210624902622179366e+00,7.694160461425781250e+00,3.483660855843445869e+00,channels
0.000000000000000000e+00,0.000000000000000000e+00,9.686274509803921573e-01,3.553434671039291715e+01,3.194339561462402344e+01,2.047514697489544346e+02,channels
0.000000000000000000e+00,0.000000000000000000e+00,6.627450980392156632e-01,1.261046389379546895e+01,1.055689144134521484e+01,7.229263448639117939e+01,channels
0.000000000000000000e+00,6.901960784313725394e-01,0.000000000000000000e+00,1.552084378331236891e+01,6.039892578125000000e+01,2.388341879667125056e+01,channels
0.000000000000000000e+00,0.000000000000000000e+00,1.882352941176470562e-01,1.048494217635799863e+00,9.159350395202636719e-01,4.537653360392083890e+00,channels
0.000000000000000000e+00,0.000000000000000000e+00,3.333333333333333148e-01,2.963191666154736392e+00,2.481376886367797852e+00,1.582186765016776242e+01,channels
0.000000000000000000e+00,0.000000000000000000e+00,1.882352941176470562e-01,9.817140850923473661e-01,8.525159358978271484e-01,4.476305264102165005e+00,channels
1.176470588235294101e-02,0.000000000000000000e+00,0.000000000000000000e+00,3.314933445059704553e-01,3.299087285995483398e-01,5.052913634626725603e-01,channels
1.686274509803921684e-01,0.000000000000000000e+00,0.000000000000000000e+00,3.240003524427596204e+00,1.623121500015258789e+00,5.464677571674225742e-01,channels
0.000000000000000000e+00,0.000000000000000000e+00,3.921568627450980338e-02,4.062966318600961801e-01,4.007191061973571777e-01,6.327933568136577813e-01,channels
0.000000000000000000e+00,0.000000000000000000e+00,8.627450980392157298e-01,2.427964079622299920e+01,2.083152389526367188e+01,1.403737555193296487e+02,channels
0.000000000000000000e+00,1.000000000000000000e+00,0.000000000000000000e+00,3.549131134361446982e+01,1.360655517578125000e+02,4.605668467920290254e+01,channels
0.000000000000000000e+00,0.000000000000000000e+00,8.705882352941176627e-01,2.488954275221055212e+01,2.140213966369628906e+01,1.438686613645903094e+02,channels
0.000000000000000000e+00,4.980392156862745168e-01,0.000000000000000000e+00,7.694648109550050741e+00,2.945961761474609375e+01,1.221916103271475151e+01,channels
2.627450980392156965e-01,0.000000000000000000e+00,0.000000000000000000e+00,8.592226530231803494e+00,3.945067405700683594e+00,6.418734322153528682e-01,channels
0.000000000000000000e+00,4.470588235294117307e-01,0.000000000000000000e+00,6.065216883248930380e+00,2.291561317443847656e+01,9.615754418353629873e+00,channels
0.000000000000000000e+00,0.000000000000000000e+00,3.960784313725490002e-01,4.178143962801279976e+00,3.470882177352905273e+00,2.303553246732066384e+01,channels
0.000000000000000000e+00,2.352941176470588203e-01,0.000000000000000000e+00,1.787946661533082793e+00,5.982425689697265625e+00,2.804740400264356559e+00,channels
0.000000000000000000e+00,8.431372549019607865e-01,0.000000000000000000e+00,2.498873924183056516e+01,9.706008911132812500e+01,3.640339017999279037e+01,channels
1.568627450980392135e-02,0.000000000000000000e+00,0.000000000000000000e+00,3.723165803938148222e-01,3.817133903503417969e-01,4.881973409278284604e-01,channels
0.000000000000000000e+00,0.000000000000000000e+00,2.470588235294117752e-01,1.759697631701820919e+00,1.501431822776794434e+00,8.485752374035680390e+00,channels
7.843137254901960675e-02,0.000000000000000000e+00,0.000000000000000000e+00,7.339948053455250809e-01,4.924031794071197510e-01,4.510193363233105934e-01,channels
0.000000000000000000e+00,3.647058823529411575e-01,0.000000000000000000e+00,4.026302809691612694e+00,1.500548362731933594e+01,6.441872913654710153e+00,channels
4.352941176470588314e-01,0.000000000000000000e+00,0.000000000000000000e+00,2.497946176105132920e+01,1.107921409606933594e+01,9.593122190711795838e-01,channels
0.000000000000000000e+00,3.215686274509803599e-01,0.000000000000000000e+00,3.059918647207200859e+00,1.126206398010253906e+01,4.923711091211642632e+00,channels
3.647058823529411575e-01,0.000000000000000000e+00,0.000000000000000000e+00,1.680538915038208359e+01,7.505167007446289062e+00,7.847742951193545924e-01,channels
0.000000000000000000e+00,2.470588235294117752e-01,0.000000000000000000e+00,1.922323831082061840e+00,6.655632495880126953e+00,3.092037686655993767e+00,channels
0.000000000000000000e+00,0.000000000000000000e+00,4.000000000000000222e-01,4.265098296159024471e+00,3.556336164474487305e+00,2.343590906760892878e+01,channels
0.000000000000000000e+00,9.019607843137255054e-01,0.000000000000000000e+00,2.948866444539305220e+01,1.141139068603515625e+02,4.150461644835899477e+01,channels
6.745098039215686736e-01,0.000000000000000000e+00,0.000000000000000000e+00,6.599425012623612474e+01,2.893001937866210938e+01,1.565966271015243327e+00,channels
8.549019607843136859e-01,0.000000000000000000e+00,0.000000000000000000e+00,1.173175783692115317e+02,5.118998336791992188e+01,2.088815262954060170e+00,channels
0.000000000000000000e+00,0.000000000000000000e+00,8.627450980392156743e-02,5.283023622367375438e-01,4.905694425106048584e-01,1.226356492519910413e+00,channels
2.156862745098039325e-01,0.000000000000000000e+00,0.000000000000000000e+00,5.471284243442621431e+00,2.581456661224365234e+00,5.355959777538612521e-01,channels
0.000000000000000000e+00,0.000000000000000000e+00,3.254901960784313819e-01,2.864597388918117549e+00,2.395832061767578125e+00,1.522658904440851479e+01,channels
0.000000000000000000e+00,0.000000000000000000e+00,3.960784313725490002e-01,4.180985528064081080e+00,3.486514091491699219e+00,2.301305504998239115e+01,channels
0.000000000000000000e+00,0.000000000000000000e+00,8.627450980392156743e-02,5.290906318898280780e-01,4.890470504760742188e-01,1.242795201886311984e+00,channels
0.000000000000000000e+00,0.000000000000000000e+00,6.745098039215686736e-01,1.312145762028258211e+01,1.097547721862792969e+01,7.524825015504657699e+01,channels
2.509803921568627416e-01,0.000000000000000000e+00,0.000000000000000000e+00,7.814945296887880311e+00,3.601178646087646484e+00,5.990146608420571228e-01,channels
0.000000000000000000e+00,0.000000000000000000e+00,9.254901960784314152e-01,3.027509221449649957e+01,2.650154876708984375e+01,1.747707886858470943e+02,channels
0.000000000000000000e+00,6.627450980392156632e-01,0.000000000000000000e+00,1.423405571337388231e+01,5.522882080078125000e+01,2.197347029441996469e+01,channels
7.411764705882353255e-01,0.000000000000000000e+00,0.000000000000000000e+00,8.189349610905506438e+01,3.582938385009765625e+01,1.767793934129336275e+00,channels
0.000000000000000000e+00,0.000000000000000000e+00,2.235294117647058654e-01,1.348365814756147030e+00,1.149887084960937500e+00,6.495728743695083907e+00,channels
8.078431372549019773e-01,0.000000000000000000e+00,0.000000000000000000e+00,1.020777135512608709e+02,4.460481643676757812e+01,2.015031193552868860e+00,channels
0.000000000000000000e+00,4.156862745098038880e-01,0.000000000000000000e+00,5.121542849636205652e+00,1.945942687988281250e+01,8.235859345140410070e+00,channels
0.000000000000000000e+00,9.411764705882352811e-01,0.000000000000000000e+00,3.265219830199249174e+01,1.260011901855468750e+02,4.438059065151439597e+01,channels
0.000000000000000000e+00,6.745098039215686736e-01,0.000000000000000000e+00,1.478229879062212504e+01,5.731589508056640625e+01,2.274362946857114309e+01,channels
0.000000000000000000e+00,8.627450980392157298e-01,0.000000000000000000e+00,2.641030981339127592e+01,1.024882583618164062e+02,3.805185462656149298e+01,channels
0.000000000000000000e+00,5.254901960784313930e-01,0.000000000000000000e+00,8.673760131670665174e+00,3.328053283691406250e+01,1.371503628519030649e+01,channels
9.019607843137254777e-02,0.000000000000000000e+00,0.000000000000000000e+00,9.646515313011224668e-01,6.170509457588195801e-01,5.058724918756654088e-01,channels
0.000000000000000000e+00,0.000000000000000000e+00,6.509803921568627638e-01,1.214579579011999400e+01,1.014859867095947266e+01,6.950760216829591798e+01,channels
0.000000000000000000e+00,2.588235294117646745e-01,0.000000000000000000e+00,1.996561966931436727e+00,7.152996540069580078e+00,3.272888055432539911e+00,channels
0.000000000000000000e+00,5.490196078431372473e-02,0.000000000000000000e+00,3.821954990745125569e-01,5.317460894584655762e-01,5.822466297058984663e-01,channels
0.000000000000000000e+00,0.000000000000000000e+00,7.843137254901960675e-01,1.885470685459823770e+01,1.595890140533447266e+01,1.087505698561844554e+02,channels
0.000000000000000000e+00,0.000000000000000000e+00,9.725490196078431238e-01,3.617699944121024913e+01,3.267271423339843750e+01,2.082351801521886046e+02,channels
0.000000000000000000e+00,1.960784313725490169e-02,0.000000000000000000e+00,3.316373226130766017e-01,3.525425195693969727e-01,5.295650442703586647e-01,channels
0.000000000000000000e+00,0.000000000000000000e+00,7.058823529411764608e-02,4.055130090091048078e-01,3.915117681026458740e-01,9.841572690757582897e-01,channels
0.000000000000000000e+00,6.470588235294117974e-01,0.000000000000000000e+00,1.349976816166577898e+01,5.242386627197265625e+01,2.094974691319912807e+01,channels
3.333333333333333148e-01,0.000000000000000000e+00,0.000000000000000000e+00,1.398455831668388072e+01,6.316916465759277344e+00,7.958840631413128808e-01,channels
0.000000000000000000e+00,1.098039215686274495e-01,0.000000000000000000e+00,6.064442670090801624e-01,1.334067106246948242e+00,9.132112466636076453e-01,channels
0.000000000000000000e+00,0.000000000000000000e+00,9.333333333333333481e-01,3.131959414540084552e+01,2.752690505981445312e+01,1.805620938336594747e+02,channels
8.078431372549019773e-01,0.000000000000000000e+00,0.000000000000000000e+00,1.019793966013946829e+02,4.455500793457031250e+01,1.994957279294327313e+00,channels
0.000000000000000000e+00,0.000000000000000000e+00,7.058823529411764053e-01,1.450573139606026984e+01,1.214975833892822266e+01,8.314820917996539151e+01,channels
0.000000000000000000e+00,0.000000000000000000e+00,8.588235294117646523e-01,2.407259553841834787e+01,2.063464927673339844e+01,1.389486184461191840e+02,channels
7.176470588235294157e-01,0.000000000000000000e+00,0.000000000000000000e+00,7.628079649872447021e+01,3.339714050292968750e+01,1.753280585636050715e+00,channels
0.000000000000000000e+00,0.000000000000000000e+00,4.274509803921568429e-01,4.841204756446726876e+00,4.007595539093017578e+00,2.710089916587345371e+01,channels
0.000000000000000000e+00,0.000000000000000000e+00,2.235294117647058654e-01,1.358999338937011192e+00,1.168536305427551270e+00,6.463071808382355066e+00,channels
5.529411764705882693e-01,0.000000000000000000e+00,0.000000000000000000e+00,4.221383464067703528e+01,1.855570602416992188e+01,1.236471255422204152e+00,channels
0.000000000000000000e+00,0.000000000000000000e+00,2.352941176470588203e-02,3.834463997893940435e-01,3.793447613716125488e-01,5.335574568338063983e-01,channels
7.019607843137254388e-01,0.000000000000000000e+00,0.000000000000000000e+00,7.209319001789209835e+01,3.156419754028320312e+01,1.665393065241803416e+00,channels
0.000000000000000000e+00,0.000000000000000000e+00,1.411764705882352922e-01,7.152469470851515743e-01,6.611804962158203125e-01,2.499538358176454089e+00,channels
5.215686274509804266e-01,0.000000000000000000e+00,0.000000000000000000e+00,3.724018307396317340e+01,1.640787506103515625e+01,1.122989530285192439e+00,channels
0.000000000000000000e+00,0.000000000000000000e+00,3.215686274509803599e-01,2.736350617526104312e+00,2.280761003494262695e+00,1.439596536615636424e+01,channels
0.000000000000000000e+00,0.000000000000000000e+00,5.803921568627450345e-01,9.260495185710299282e+00,7.713333129882812500e+00,5.268609375128516348e+01,channels
0.000000000000000000e+00,1.294117647058823373e-01,0.000000000000000000e+00,6.593623213962099827e-01,1.646996021270751953e+00,1.021132495506567484e+00,channels
0.000000000000000000e+00,0.000000000000000000e+00,1.921568627450980227e-01,1.041075149372767683e+00,9.128153324127197266e-01,4.513430638054106048e+00,channels
0.000000000000000000e+00,0.000000000000000000e+00,8.509803921568627194e-01,2.344115461651280441e+01,2.005059051513671875e+01,1.353891180447435261e+02,channels
5.647058823529411686e-01,0.000000000000000000e+00,0.000000000000000000e+00,4.455896700410045952e+01,1.961585998535156250e+01,1.318155688912389989e+00,channels
1.058823529411764691e-01,0.000000000000000000e+00,0.000000000000000000e+00,1.288030262094119971e+00,7.592458128929138184e-01,4.973646007694396132e-01,channels
0.000000000000000000e+00,0.000000000000000000e+00,3.137254901960784270e-02,3.163145842593606538e-01,3.237262666225433350e-01,5.515626097805240713e-01,channels
3.568627450980392246e-01,0.000000000000000000e+00,0.000000000000000000e+00,1.605931207127011362e+01,7.189474582672119141e+00,7.856859184303116583e-01,channels
0.000000000000000000e+00,0.000000000000000000e+00,7.725490196078431682e-01,1.817005939178395479e+01,1.534472370147705078e+01,1.046201670619378774e+02,channels
0.000000000000000000e+00,0.000000000000000000e+00,7.529411764705882248e-01,1.695628798048919705e+01,1.429926586151123047e+01,9.785130142827222244e+01,channels
0.000000000000000000e+00,7.843137254901960675e-02,0.000000000000000000e+00,4.374128338984535347e-01,7.684072852134704590e-01,6.613278081150255616e-01,channels
0.000000000000000000e+00,0.000000000000000000e+00,8.078431372549019773e-01,2.045006970052298811e+01,1.736229133605957031e+01,1.180000182633939119e+02,channels
3.058823529411764941e-01,0.000000000000000000e+00,0.000000000000000000e+00,1.171248246495054701e+01,5.302088737487792969e+00,6.904823963060657821e-01,channels
0.000000000000000000e+00,8.352941176470588536e-01,0.000000000000000000e+00,2.439981216039925371e+01,9.486659240722656250e+01,3.568749053456302534e+01,channels
0.000000000000000000e+00,0.000000000000000000e+00,8.196078431372548767e-01,2.121815713519341173e+01,1.806800460815429688e+01,1.223290778081609460e+02,channels
0.000000000000000000e+00,2.705882352941176294e-01,0.000000000000000000e+00,2.271155480629601708e+00,8.109045982360839844e+00,3.648819457332163285e+00,channels
0.000000000000000000e+00,5.686274509803921351e-01,0.000000000000000000e+00,1.022218896064138782e+01,3.944731140136718750e+01,1.607491226844020460e+01,channels
8.627450980392157298e-01,0.000000000000000000e+00,0.000000000000000000e+00,1.201530475244063894e+02,5.242905807495117188e+01,2.140746558022065038e+00,channels
0.000000000000000000e+00,5.686274509803921351e-01,0.000000000000000000e+00,1.026685398088191370e+01,3.950181961059570312e+01,1.610106201738928888e+01,channels
1.137254901960784298e-01,0.000000000000000000e+00,0.000000000000000000e+00,1.494535527375524087e+00,8.452777266502380371e-01,4.727863386637514154e-01,channels
0.000000000000000000e+00,0.000000000000000000e+00,8.352941176470588536e-01,2.224274293743425446e+01,1.898939132690429688e+01,1.285978953063395522e+02,channels
1.960784313725490169e-02,0.000000000000000000e+00,0.000000000000000000e+00,3.876293361659681747e-01,3.789923191070556641e-01,4.990964182920433201e-01,channels
1.607843137254901800e-01,0.000000000000000000e+00,0.000000000000000000e+00,2.871649871816313926e+00,1.474404335021972656e+00,5.531794981403586053e-01,channels
1.176470588235294101e-02,0.000000000000000000e+00,0.000000000000000000e+00,3.442924243014710006e-01,3.545758724212646484e-01,4.449827833344915384e-01,channels
0.000000000000000000e+00,0.000000000000000000e+00,7.960784313725489669e-01,1.976634764904534691e+01,1.677420043945312500e+01,1.138799823745317354e+02,channels
3.568627450980392246e-01,0.000000000000000000e+00,0.000000000000000000e+00,1.605399669076269120e+01,7.184147357940673828e+00,8.043772864675180490e-01,channels
0.000000000000000000e+00,0.000000000000000000e+00,9.647058823529411908e-01,3.496734441464670340e+01,3.128037452697753906e+01,2.011182562771097366e+02,channels
0.000000000000000000e+00,0.000000000000000000e+00,3.647058823529411575e-01,3.560048382445801796e+00,2.981272459030151367e+00,1.923545147759124418e+01,channels
0.000000000000000000e+00,0.000000000000000000e+00,4.509803921568627527e-01,5.435471897037124300e+00,4.510013580322265625e+00,3.039792160382011232e+01,channels
0.000000000000000000e+00,0.000000000000000000e+00,5.294117647058823595e-01,7.674015758209587368e+00,6.387985229492187500e+00,4.359150954996653127e+01,channels
6.941176470588235059e-01,0.000000000000000000e+00,0.000000000000000000e+00,7.112538459888251907e+01,3.113980674743652344e+01,1.654945744752435610e+00,channels
0.000000000000000000e+00,6.313725490196078205e-01,0.000000000000000000e+00,1.276402750846448164e+01,4.960500335693359375e+01,1.988243847231971628e+01,channels
5.294117647058823595e-01,0.000000000000000000e+00,0.000000000000000000e+00,3.875971759124610827e+01,1.708932495117187500e+01,1.190014143954264636e+00,channels
6.549019607843137303e-01,0.000000000000000000e+00,0.000000000000000000e+00,6.175948500763178117e+01,2.707609367370605469e+01,1.524245640127747770e+00,channels
0.000000000000000000e+00,0.000000000000000000e+00,9.843137254901960231e-01,3.823241573652678937e+01,3.516614151000976562e+01,2.189919140813018146e+02,channels
1.098039215686274495e-01,0.000000000000000000e+00,0.000000000000000000e+00,1.485986137952848729e+00,8.713976740837097168e-01,5.803890742401957015e-01,channels
0.000000000000000000e+00,1.803921568627450955e-01,0.000000000000000000e+00,1.122318000781547420e+00,3.376080274581909180e+00,1.741451777592597283e+00,channels
0.000000000000000000e+00,0.000000000000000000e+00,2.313725490196078538e-01,1.503527627163022906e+00,1.282980561256408691e+00,7.303137743267187787e+00,channels
8.000000000000000444e-01,0.000000000000000000e+00,0.000000000000000000e+00,9.960232930662321849e+01,4.353290176391601562e+01,2.001440684330404007e+00,channels
7.058823529411764608e-02,0.000000000000000000e+00,0.000000000000000000e+00,7.036889927005740564e-01,4.954658448696136475e-01,4.890405815664796152e-01,channels
2.705882352941176294e-01,0.000000000000000000e+00,0.000000000000000000e+00,9.078291955818489356e+00,4.135149955749511719e+00,6.524566337342108113e-01,channels
0.000000000000000000e+00,8.352941176470588536e-01,0.000000000000000000e+00,2.439503655945325988e+01,9.483010101318359375e+01,3.565944196046402226e+01,channels
0.000000000000000000e+00,7.725490196078431682e-01,0.000000000000000000e+00,2.015183107032598642e+01,7.831241607666015625e+01,3.026121080389071594e+01,channels
0.000000000000000000e+00,0.000000000000000000e+00,3.254901960784313819e-01,2.848543435822517456e+00,2.396480798721313477e+00,1.522905807013170332e+01,channels
0.000000000000000000e+00,0.000000000000000000e+00,4.549019607843137192e-01,5.479836511208499239e+00,4.547444343566894531e+00,3.076158956482932183e+01,channels
8.509803921568627194e-01,0.000000000000000000e+00,0.000000000000000000e+00,1.160698152810299604e+02,5.066306304931640625e+01,2.099881358837020873e+00,channels
0.000000000000000000e+00,2.901960784313725172e-01,0.000000000000000000e+00,2.563924197132465110e+00,9.121588706970214844e+00,4.083579605893729259e+00,channels
0.000000000000000000e+00,9.882352941176471006e-01,0.000000000000000000e+00,3.521884745804288031e+01,1.350655822753906250e+02,4.594129909494675701e+01,channels
0.000000000000000000e+00,7.058823529411764608e-02,0.000000000000000000e+00,4.790757989415622697e-01,7.553610205650329590e-01,6.477972231492995503e-01,channels
0.000000000000000000e+00,0.000000000000000000e+00,4.509803921568627527e-01,5.425960957227928816e+00,4.506850242614746094e+00,3.045212336365829486e+01,channels
5.294117647058823595e-01,0.000000000000000000e+00,0.000000000000000000e+00,3.878751773020223226e+01,1.711367416381835938e+01,1.245232381841260061e+00,channels
0.000000000000000000e+00,9.607843137254902244e-01,0.000000000000000000e+00,3.396054412829304425e+01,1.306246032714843750e+02,4.531101098950463779e+01,channels
0.000000000000000000e+00,1.568627450980392135e-02,0.000000000000000000e+00,3.321638803256070638e-01,3.638136684894561768e-01,4.334885501622187665e-01,channels
8.470588235294117530e-01,0.000000000000000000e+00,0.000000000000000000e+00,1.144323013230444133e+02,4.994259643554687500e+01,2.047297965683395393e+00,channels
0.000000000000000000e+00,7.764705882352941346e-01,0.000000000000000000e+00,2.038511824170656439e+01,7.926407623291015625e+01,3.053583063618436455e+01,channels
0.000000000000000000e+00,0.000000000000000000e+00,6.666666666666666297e-01,1.277603861013722231e+01,1.069788646697998047e+01,7.332839821205533326e+01,channels
0.000000000000000000e+00,1.529411764705882470e-01,0.000000000000000000e+00,8.887417384351843364e-01,2.427266120910644531e+00,1.359640831331891953e+00,channels
8.039215686274510109e-01,0.000000000000000000e+00,0.000000000000000000e+00,1.003878327571196820e+02,4.385977172851562500e+01,1.978705782589555762e+00,channels
0.000000000000000000e+00,4.588235294117646856e-01,0.000000000000000000e+00,6.450506386115152146e+00,2.458260726928710938e+01,1.030116750966909045e+01,channels
6.196078431372549211e-01,0.000000000000000000e+00,0.000000000000000000e+00,5.482453268065368945e+01,2.405440902709960938e+01,1.459002952737548098e+00,channels
9.725490196078431238e-01,0.000000000000000000e+00,0.000000000000000000e+00,1.605630159576679716e+02,6.992207336425781250e+01,2.190152157698028734e+00,channels
0.000000000000000000e+00,9.019607843137254777e-02,0.000000000000000000e+00,4.904435053412422585e-01,9.352048039436340332e-01,7.065721566373587281e-01,channels
0.000000000000000000e+00,0.000000000000000000e+00,2.078431372549019440e-01,1.166640741795528902e+00,1.003830432891845703e+00,5.424190797291281285e+00,channels
0.000000000000000000e+00,6.549019607843137303e-01,0.000000000000000000e+00,1.384508063112750698e+01,5.375735473632812500e+01,2.146116822065025787e+01,channels
0.000000000000000000e+00,0.000000000000000000e+00,9.098039215686274384e-01,2.848269062348764180e+01,2.477173423767089844e+01,1.645586181391531682e+02,channels
2.941176470588235392e-01,0.000000000000000000e+00,0.000000000000000000e+00,1.080607673575024741e+01,4.913265228271484375e+00,6.962827976277471409e-01,channels
0.000000000000000000e+00,5.333333333333333259e-01,0.000000000000000000e+00,8.952780101190198181e+00,3.438995742797851562e+01,1.413960474122580635e+01,channels
1.725490196078431349e-01,0.000000000000000000e+00,0.000000000000000000e+00,3.401943630875542635e+00,1.691270947456359863e+00,5.770483736808790232e-01,channels
0.000000000000000000e+00,9.019607843137254777e-02,0.000000000000000000e+00,4.599516409107731185e-01,9.238469600677490234e-01,6.909890805795223523e-01,channels
0.000000000000000000e+00,9.647058823529411908e-01,0.000000000000000000e+00,3.415743344372891954e+01,1.313087768554687500e+02,4.544284607480618376e+01,channels
0.000000000000000000e+00,0.000000000000000000e+00,7.058823529411764053e-01,1.444513461540720201e+01,1.213350486755371094e+01,8.299046829052277019e+01,channels
0.000000000000000000e+00,0.000000000000000000e+00,9.607843137254902244e-01,3.439453653521226073e+01,3.067495536804199219e+01,1.979144542904429329e+02,channels
0.000000000000000000e+00,0.000000000000000000e+00,6.549019607843137303e-01,1.223853489042354248e+01,1.022740268707275391e+01,7.017294288868008323e+01,channels
0.000000000000000000e+00,0.000000000000000000e+00,2.431372549019607809e-01,1.673268793035761703e+00,1.424802899360656738e+00,8.163582264945240752e+00,channels
9.607843137254902244e-01,0.000000000000000000e+00,0.000000000000000000e+00,1.574302936629098610e+02,6.855729675292968750e+01,2.201409975188363788e+00,channels
8.509803921568627194e-01,0.000000000000000000e+00,0.000000000000000000e+00,1.160959663080073057e+02,5.067798995971679688e+01,2.109771198876718934e+00,channels
0.000000000000000000e+00,0.000000000000000000e+00,3.215686274509803599e-01,2.775125337535437442e+00,2.311297416687011719e+00,1.440038800220608550e+01,channels
0.000000000000000000e+00,4.431372549019607643e-01,0.000000000000000000e+00,5.992859473956986704e+00,2.283947372436523438e+01,9.603470358212595315e+00,channels
6.862745098039215730e-01,0.000000000000000000e+00,0.000000000000000000e+00,6.883220135441108312e+01,3.015118026733398438e+01,1.597005582219511943e+00,channels
2.078431372549019440e-01,0.000000000000000000e+00,0.000000000000000000e+00,4.773915553601534079e+00,2.253614187240600586e+00,5.536759756142574096e-01,channels
1.764705882352941013e-01,0.000000000000000000e+00,0.000000000000000000e+00,3.380426182035728200e+00,1.672095060348510742e+00,5.503046664939205135e-01,channels
2.156862745098039325e-01,0.000000000000000000e+00,0.000000000000000000e+00,5.483179141892337682e+00,2.585952281951904297e+00,5.875146223444710492e-01,channels
6.117647058823529882e-01,0.000000000000000000e+00,0.000000000000000000e+00,5.305053215802836775e+01,2.326405906677246094e+01,1.385580417611214532e+00,channels
6.392156862745097534e-01,0.000000000000000000e+00,0.000000000000000000e+00,5.844142408989861792e+01,2.564299201965332031e+01,1.520232135641184534e+00,channels
0.000000000000000000e+00,0.000000000000000000e+00,5.764705882352940680e-01,9.255724342300730711e+00,7.691227912902832031e+00,5.271544538441135330e+01,channels
0.000000000000000000e+00,3.764705882352941124e-01,0.000000000000000000e+00,4.252998145719820933e+00,1.598684597015380859e+01,6.835726080188333498e+00,channels
0.000000000000000000e+00,0.000000000000000000e+00,6.784313725490196401e-01,1.322527704693010797e+01,1.107566833496093750e+01,7.604787309100021275e+01,channels
7.098039215686274828e-01,0.000000000000000000e+00,0.000000000000000000e+00,7.413379056161190306e+01,3.246474838256835938e+01,1.695043524712089855e+00,channels
0.000000000000000000e+00,0.000000000000000000e+00,2.196078431372548989e-01,1.408968440403024491e+00,1.218665122985839844e+00,6.501456016141530014e+00,channels
0.000000000000000000e+00,4.156862745098038880e-01,0.000000000000000000e+00,5.146533270953232986e+00,1.945461845397949219e+01,8.249607524241286072e+00,channels
0.000000000000000000e+00,4.235294117647058765e-01,0.000000000000000000e+00,5.490789671501340230e+00,2.073164749145507812e+01,8.791067957207319594e+00,channels
0.000000000000000000e+00,6.509803921568627638e-01,0.000000000000000000e+00,1.366659194232484786e+01,5.304568481445312500e+01,2.117380656031049568e+01,channels
0.000000000000000000e+00,0.000000000000000000e+00,2.980392156862745057e-01,2.352809767333936986e+00,1.999797821044921875e+00,1.241648879963600649e+01,channels
0.000000000000000000e+00,0.000000000000000000e+00,3.568627450980392246e-01,3.427094802174866395e+00,2.850844621658325195e+00,1.836734502589942153e+01,channels
0.000000000000000000e+00,2.823529411764705843e-01,0.000000000000000000e+00,2.473765127707653999e+00,8.855958938598632812e+00,3.983135757207368233e+00,channels
4.549019607843137192e-01,0.000000000000000000e+00,0.000000000000000000e+00,2.756781239484908497e+01,1.219293117523193359e+01,9.851592260037677073e-01,channels
0.000000000000000000e+00,0.000000000000000000e+00,9.098039215686274384e-01,2.848956424006423305e+01,2.476926612854003906e+01,1.644720036703102721e+02,channels
7.254901960784313486e-01,0.000000000000000000e+00,0.000000000000000000e+00,7.757972391209253260e+01,3.395339584350585938e+01,1.746051333212579992e+00,channels
3.882352941176470673e-01,0.000000000000000000e+00,0.000000000000000000e+00,1.933290185355636126e+01,8.615283966064453125e+00,8.628774005599387786e-01,channels
0.000000000000000000e+00,0.000000000000000000e+00,7.254901960784313486e-01,1.543991088583193694e+01,1.297875022888183594e+01,8.901822002501249642e+01,channels
0.000000000000000000e+00,0.000000000000000000e+00,2.313725490196078538e-01,1.473942975635362806e+00,1.259748458862304688e+00,7.270450081376663931e+00,channels
4.117647058823529216e-01,0.000000000000000000e+00,0.000000000000000000e+00,2.204571141615691943e+01,9.789820671081542969e+00,9.005486801022986043e-01,channels
0.000000000000000000e+00,0.000000000000000000e+00,1.176470588235294101e-01,5.777620575553018556e-01,5.323787331581115723e-01,1.823307491802118152e+00,channels
0.000000000000000000e+00,0.000000000000000000e+00,6.313725490196078205e-01,1.130513503281079402e+01,9.431796073913574219e+00,6.474120290208952611e+01,channels
1.333333333333333315e-01,0.000000000000000000e+00,0.000000000000000000e+00,1.976640954054213140e+00,1.041214466094970703e+00,4.861153280091117801e-01,channels
6.666666666666666297e-01,0.000000000000000000e+00,0.000000000000000000e+00,6.440647011700221469e+01,2.823892593383789062e+01,1.612035837567118657e+00,channels
0.000000000000000000e+00,0.000000000000000000e+00,8.941176470588234615e-01,2.665888561318882211e+01,2.302352523803710938e+01,1.539527534926742476e+02,channels
8.666666666666666963e-01,0.000000000000000000e+00,0.000000000000000000e+00,1.212724020424364824e+02,5.295390701293945312e+01,2.167847547453794377e+00,channels
3.372549019607843368e-01,0.000000000000000000e+00,0.000000000000000000e+00,1.433024854504475876e+01,6.433031558990478516e+00,7.655879775315479474e-01,channels
0.000000000000000000e+00,0.000000000000000000e+00,5.960784313725490113e-01,9.984413069929228612e+00,8.306667327880859375e+00,5.699424337306417954e+01,channels
7.921568627450980005e-01,0.000000000000000000e+00,0.000000000000000000e+00,9.654778201215073352e+01,4.218011856079101562e+01,1.913034106573027859e+00,channels
2.431372549019607809e-01,0.000000000000000000e+00,0.000000000000000000e+00,7.197716442381041801e+00,3.337738513946533203e+00,6.165147872763133696e-01,channels
0.000000000000000000e+00,1.294117647058823373e-01,0.000000000000000000e+00,6.743073400903462078e-01,1.662035465240478516e+00,1.015747297560445128e+00,channels
3.137254901960784270e-02,0.000000000000000000e+00,0.000000000000000000e+00,3.872209542330097287e-01,3.639861047267913818e-01,4.988425301516786758e-01,channels
0.000000000000000000e+00,0.000000000000000000e+00,1.960784313725490169e-02,3.984903146584330424e-01,3.832712769508361816e-01,5.408342708673765653e-01,channels
0.000000000000000000e+00,2.039215686274509776e-01,0.000000000000000000e+00,1.386958146196466846e+00,4.394149303436279297e+00,2.166796309066689297e+00,channels
0.000000000000000000e+00,0.000000000000000000e+00,6.941176470588235059e-01,1.402089445140922308e+01,1.174854183197021484e+01,8.064932787721851071e+01,channels
0.000000000000000000e+00,0.000000000000000000e+00,2.039215686274509776e-01,1.216410630882426291e+00,1.053638935089111328e+00,5.432015940324932401e+00,channels
4.352941176470588314e-01,0.000000000000000000e+00,0.000000000000000000e+00,2.492354227690239199e+01,1.104080963134765625e+01,9.111305128731694847e-01,channels
9.803921568627450567e-01,0.000000000000000000e+00,0.000000000000000000e+00,1.623056945238028561e+02,7.065450286865234375e+01,2.194979996194158289e+00,channels
3.490196078431372362e-01,0.000000000000000000e+00,0.000000000000000000e+00,1.530638108409302589e+01,6.874001026153564453e+00,7.901660023504567532e-01,channels
0.000000000000000000e+00,0.000000000000000000e+00,8.235294117647058432e-01,2.143612918568775783e+01,1.824186325073242188e+01,1.237263646679424340e+02,channels
0.000000000000000000e+00,9.411764705882352811e-02,0.000000000000000000e+00,5.028027179007955594e-01,1.003216028213500977e+00,7.463470937231322377e-01,channels
0.000000000000000000e+00,0.000000000000000000e+00,4.078431372549019551e-01,4.455039405351626236e+00,3.698728799819946289e+00,2.452772645839008803e+01,channels
1.725490196078431349e-01,0.000000000000000000e+00,0.000000000000000000e+00,3.390929031174167108e+00,1.683212637901306152e+00,5.342291349917620558e-01,channels
0.000000000000000000e+00,1.490196078431372528e-01,0.000000000000000000e+00,8.596829569525501480e-01,2.320408821105957031e+00,1.298031445444818521e+00,channels
0.000000000000000000e+00,0.000000000000000000e+00,3.568627450980392246e-01,3.332191723532232253e+00,2.777309417724609375e+00,1.833419138628036649e+01,channels
5.058823529411764497e-01,0.000000000000000000e+00,0.000000000000000000e+00,3.492927846659825519e+01,1.542081356048583984e+01,1.162132698446571410e+00,channels
0.000000000000000000e+00,2.352941176470588203e-02,0.000000000000000000e+00,3.195867449540786831e-01,3.484929203987121582e-01,4.663191809122824161e-01,channels
0.000000000000000000e+00,0.000000000000000000e+00,5.019607843137254832e-01,6.867433059151084151e+00,5.699790477752685547e+00,3.867826378805732901e+01,channels
0.000000000000000000e+00,4.980392156862745168e-01,0.000000000000000000e+00,7.694261000527112593e+00,2.940171241760253906e+01,1.218288704359697583e+01,channels
0.000000000000000000e+00,0.000000000000000000e+00,4.509803921568627527e-01,5.510754417532345961e+00,4.580695629119873047e+00,3.048350059174551774e+01,channels
0.000000000000000000e+00,0.000000000000000000e+00,6.039215686274509443e-01,1.021508367163188069e+01,8.494958877563476562e+00,5.840697873171759369e+01,channels
0.000000000000000000e+00,7.215686274509803821e-01,0.000000000000000000e+00,1.710455327270971182e+01,6.663382720947265625e+01,2.611985147979605415e+01,channels
0.000000000000000000e+00,0.000000000000000000e+00,2.745098039215686514e-01,2.080642078739598499e+00,1.761680364608764648e+00,1.064146726400952758e+01,channels
0.000000000000000000e+00,9.411764705882352811e-01,0.000000000000000000e+00,3.265196695390268644e+01,1.259962615966796875e+02,4.438457542019865087e+01,channels
0.000000000000000000e+00,0.000000000000000000e+00,9.843137254901960231e-01,3.823755328997390990e+01,3.517938995361328125e+01,2.189853611975338197e+02,channels
8.666666666666666963e-01,0.000000000000000000e+00,0.000000000000000000e+00,1.211220156904576157e+02,5.285357284545898438e+01,2.150490954973057089e+00,channels
0.000000000000000000e+00,4.392156862745097978e-01,0.000000000000000000e+00,5.941002891559397092e+00,2.242727661132812500e+01,9.416990109880691406e+00,channels
4.588235294117646856e-01,0.000000000000000000e+00,0.000000000000000000e+00,2.802454639560867733e+01,1.240723228454589844e+01,1.024285428938265463e+00,channels
9.058823529411764719e-01,0.000000000000000000e+00,0.000000000000000000e+00,1.361643984482037411e+02,5.935755538940429688e+01,2.188504151319366375e+00,channels
0.000000000000000000e+00,1.098039215686274495e-01,0.000000000000000000e+00,6.081192856472009689e-01,1.330479502677917480e+00,8.838711492471487130e-01,channels
0.000000000000000000e+00,0.000000000000000000e+00,4.862745098039215619e-01,6.430948911771708687e+00,5.327060222625732422e+00,3.599684215273135379e+01,channels
3.764705882352941124e-01,0.000000000000000000e+00,0.000000000000000000e+00,1.820846832472259891e+01,8.147285461425781250e+00,8.647664771815092299e-01,channels
0.000000000000000000e+00,6.784313725490196401e-01,0.000000000000000000e+00,1.489505302808507459e+01,5.800582504272460938e+01,2.299981479214023139e+01,channels
0.000000000000000000e+00,0.000000000000000000e+00,5.137254901960783826e-01,7.246072932303682101e+00,6.026788711547851562e+00,4.084854786999964205e+01,channels
0.000000000000000000e+00,5.647058823529411686e-01,0.000000000000000000e+00,1.007558343519848165e+01,3.886129379272460938e+01,1.583608707873221277e+01,channels
0.000000000000000000e+00,6.784313725490196401e-01,0.000000000000000000e+00,1.492509483344005616e+01,5.801137924194335938e+01,2.302684081633672974e+01,channels
6.549019607843137303e-01,0.000000000000000000e+00,0.000000000000000000e+00,6.177350226702418468e+01,2.707788848876953125e+01,1.532851654340886771e+00,channels
0.000000000000000000e+00,2.313725490196078538e-01,0.000000000000000000e+00,1.689207013493381648e+00,5.713311195373535156e+00,2.668193393372283229e+00,channels
0.000000000000000000e+00,0.000000000000000000e+00,7.843137254901960675e-01,1.880726614988632406e+01,1.590611457824707031e+01,1.087183837852050772e+02,channels
0.000000000000000000e+00,5.921568627450980449e-01,0.000000000000000000e+00,1.112339079667897934e+01,4.305999374389648438e+01,1.745075075327620695e+01,channels
0.000000000000000000e+00,0.000000000000000000e+00,1.176470588235294101e-01,5.559234568761950435e-01,5.206097960472106934e-01,1.828988376612218580e+00,channels
0.000000000000000000e+00,4.352941176470588314e-01,0.000000000000000000e+00,5.800623744118889036e+00,2.195592117309570312e+01,9.253425068637875839e+00,channels
0.000000000000000000e+00,6.274509803921568540e-01,0.000000000000000000e+00,1.256724318052553357e+01,4.883569717407226562e+01,1.959018667665079505e+01,channels
0.000000000000000000e+00,0.000000000000000000e+00,2.705882352941176294e-01,2.046609346427849641e+00,1.730201363563537598e+00,1.039171420115778055e+01,channels
3.098039215686274606e-01,0.000000000000000000e+00,0.000000000000000000e+00,1.207748929701191720e+01,5.471525669097900391e+00,7.073615524711339697e-01,channels
0.000000000000000000e+00,6.392156862745097534e-01,0.000000000000000000e+00,1.314769998675996199e+01,5.100806808471679688e+01,2.043833229990665146e+01,channels
0.000000000000000000e+00,0.000000000000000000e+00,2.823529411764705843e-01,2.198292813331293782e+00,1.860469937324523926e+00,1.134671004453857002e+01,channels
0.000000000000000000e+00,0.000000000000000000e+00,6.470588235294117974e-01,1.190012866677137104e+01,9.943277359008789062e+00,6.843030370389874406e+01,channels
0.000000000000000000e+00,8.392156862745098200e-01,0.000000000000000000e+00,2.463752909749736730e+01,9.585946655273437500e+01,3.603166499220485974e+01,channels
7.764705882352941346e-01,0.000000000000000000e+00,0.000000000000000000e+00,9.189577555453290358e+01,4.016771316528320312e+01,1.868185899118925075e+00,channels
5.058823529411764497e-01,0.000000000000000000e+00,0.000000000000000000e+00,3.481390223301865916e+01,1.533612060546875000e+01,1.094513553615910739e+00,channels
0.000000000000000000e+00,0.000000000000000000e+00,4.431372549019607643e-01,5.226044611880017676e+00,4.334630012512207031e+00,2.927225739770777224e+01,channels
0.000000000000000000e+00,7.882352941176470340e-01,0.000000000000000000e+00,2.109614361545478189e+01,8.224441528320312500e+01,3.154316648732505257e+01,channels
0.000000000000000000e+00,4.156862745098038880e-01,0.000000000000000000e+00,5.106876417571949212e+00,1.940804862976074219e+01,8.197798005132559851e+00,channels
0.000000000000000000e+00,8.039215686274510109e-01,0.000000000000000000e+00,2.222365378780537526e+01,8.641149139404296875e+01,3.296406500446658328e+01,channels
0.000000000000000000e+00,3.921568627450980338e-03,0.000000000000000000e+00,4.064494355780828849e-01,4.351219534873962402e-01,5.303167375939110695e-01,channels
2.392156862745097867e-01,0.000000000000000000e+00,0.000000000000000000e+00,6.701924672023522156e+00,3.130070924758911133e+00,6.403344453191689434e-01,channels
0.000000000000000000e+00,4.588235294117646856e-01,0.000000000000000000e+00,6.504710443580922430e+00,2.461480903625488281e+01,1.032219485100772260e+01,channels
0.000000000000000000e+00,0.000000000000000000e+00,9.843137254901960231e-01,3.822709382850575111e+01,3.516328430175781250e+01,2.190147746540540368e+02,channels
0.000000000000000000e+00,0.000000000000000000e+00,3.411764705882353033e-01,3.109629656638513318e+00,2.591026067733764648e+00,1.654844357712213920e+01,channels
1.568627450980392135e-01,0.000000000000000000e+00,0.000000000000000000e+00,2.767860414167358396e+00,1.383455395698547363e+00,5.263196379414598614e-01,channels
0.000000000000000000e+00,0.000000000000000000e+00,1.568627450980392135e-02,3.531875530528603147e-01,3.672178983688354492e-01,5.359500251925300995e-01,channels
0.000000000000000000e+00,2.745098039215686236e-02,0.000000000000000000e+00,3.228316088478747070e-01,3.681175112724304199e-01,4.640609006787088098e-01,channels
0.000000000000000000e+00,0.000000000000000000e+00,9.803921568627450844e-02,5.189341538399578901e-01,4.941580295562744141e-01,1.383889571434014476e+00,channels
7.686274509803920907e-01,0.000000000000000000e+00,0.000000000000000000e+00,8.815886696814479251e+01,3.852172470092773438e+01,1.796484920017678899e+00,channels
0.000000000000000000e+00,1.372549019607843257e-01,0.000000000000000000e+00,8.108796511630632642e-01,1.999788165092468262e+00,1.176882083267971613e+00,channels
0.000000000000000000e+00,8.352941176470588536e-01,0.000000000000000000e+00,2.439894091854810654e+01,9.483576202392578125e+01,3.568381109861026346e+01,channels
0.000000000000000000e+00,0.000000000000000000e+00,3.647058823529411575e-01,3.544336343168450032e+00,2.970063924789428711e+00,1.925570660647360199e+01,channels
7.058823529411764608e-02,0.000000000000000000e+00,0.000000000000000000e+00,7.329534693556760683e-01,5.391934514045715332e-01,5.210171771257761097e-01,channels
0.000000000000000000e+00,0.000000000000000000e+00,1.333333333333333315e-01,6.245997194345672687e-01,5.851653218269348145e-01,2.205338165527068739e+00,channels
0.000000000000000000e+00,3.019607843137254721e-01,0.000000000000000000e+00,2.780177822224045858e+00,1.014493942260742188e+01,4.484594925520461572e+00,channels
0.000000000000000000e+00,0.000000000000000000e+00,4.392156862745097978e-01,5.199847136725392893e+00,4.314577579498291016e+00,2.897613886348710466e+01,channels
1.960784313725490169e-02,0.000000000000000000e+00,0.000000000000000000e+00,3.901315577082149488e-01,3.816431462764739990e-01,5.109208217025384968e-01,channels
0.000000000000000000e+00,4.313725490196078649e-01,0.000000000000000000e+00,5.704168349420537076e+00,2.154989433288574219e+01,9.105418938440958954e+00,channels
0.000000000000000000e+00,0.000000000000000000e+00,6.352941176470587870e-01,1.142854825053809087e+01,9.545383453369140625e+00,6.556177590210623407e+01,channels
0.000000000000000000e+00,7.686274509803920907e-01,0.000000000000000000e+00,1.958770670463212582e+01,7.628181457519531250e+01,2.951114843191869141e+01,channels
5.882352941176470507e-02,0.000000000000000000e+00,0.000000000000000000e+00,5.965653443244411935e-01,4.851617515087127686e-01,5.353956239220980518e-01,channels
0.000000000000000000e+00,0.000000000000000000e+00,5.294117647058823595e-01,7.687412434168479081e+00,6.379434585571289062e+00,4.364373948296383787e+01,channels
6.039215686274509443e-01,0.000000000000000000e+00,0.000000000000000000e+00,5.145804511833024719e+01,2.257417869567871094e+01,1.369571919667710524e+00,channels
0.000000000000000000e+00,1.254901960784313708e-01,0.000000000000000000e+00,6.748427571979097594e-01,1.667155861854553223e+00,1.022598703246077934e+00,channels
4.745098039215686070e-01,0.000000000000000000e+00,0.000000000000000000e+00,3.000197276099416754e+01,1.325725269317626953e+01,1.069180137766896133e+00,channels
0.000000000000000000e+00,0.000000000000000000e+00,2.745098039215686236e-02,3.457831685894074969e-01,3.491003513336181641e-01,5.271467472200234150e-01,channels
7.764705882352941346e-01,0.000000000000000000e+00,0.000000000000000000e+00,9.193876848792470469e+01,4.018145370483398438e+01,1.877720131905589840e+00,channels
6.039215686274509443e-01,0.000000000000000000e+00,0.000000000000000000e+00,5.147575258193689507e+01,2.261672782897949219e+01,1.410820669571991148e+00,channels
0.000000000000000000e+00,0.000000000000000000e+00,7.764705882352941346e-01,1.841177162583159088e+01,1.554940700531005859e+01,1.059769336340327186e+02,channels
4.000000000000000222e-01,0.000000000000000000e+00,0.000000000000000000e+00,2.055181016447247089e+01,9.160210609436035156e+00,8.676292101632291365e-01,channels
6.156862745098039547e-01,0.000000000000000000e+00,0.000000000000000000e+00,5.402271013456216053e+01,2.372192955017089844e+01,1.441795705434115948e+00,channels
0.000000000000000000e+00,0.000000000000000000e+00,1.764705882352941013e-01,9.488887440986583099e-01,8.346821665763854980e-01,3.801575984845966261e+00,channels
7.019607843137254388e-01,0.000000000000000000e+00,0.000000000000000000e+00,7.193078808236403177e+01,3.146637535095214844e+01,1.567756048796502766e+00,channels
0.000000000000000000e+00,6.078431372549019107e-01,0.000000000000000000e+00,1.180459633909211625e+01,4.565781402587890625e+01,1.842712736243549543e+01,channels
0.000000000000000000e+00,2.078431372549019440e-01,0.000000000000000000e+00,1.379158429394656826e+00,4.367354869842529297e+00,2.148762103128248224e+00,channels
0.000000000000000000e+00,5.490196078431373028e-01,0.000000000000000000e+00,9.487687482353781121e+00,3.650770187377929688e+01,1.495495209150539928e+01,channels
0.000000000000000000e+00,0.000000000000000000e+00,7.686274509803920907e-01,1.752927364286187739e+01,1.479645919799804688e+01,1.011778973982886782e+02,channels
0.000000000000000000e+00,6.078431372549019107e-01,0.000000000000000000e+00,1.182240991489087278e+01,4.569702911376953125e+01,1.846420127932615074e+01,channels
0.000000000000000000e+00,0.000000000000000000e+00,1.372549019607843257e-01,7.190415575058394237e-01,6.666795611381530762e-01,2.452555864618277681e+00,channels
0.000000000000000000e+00,0.000000000000000000e+00,5.372549019607842924e-01,7.981087184402402279e+00,6.636404991149902344e+00,4.524197647948744105e+01,channels
0.000000000000000000e+00,9.254901960784314152e-01,0.000000000000000000e+00,3.132095502336997228e+01,1.211991806030273438e+02,4.326603316287467038e+01,channels
6.156862745098039547e-01,0.000000000000000000e+00,0.000000000000000000e+00,5.399663429873037757e+01,2.369886970520019531e+01,1.386836186668102933e+00,channels
6.156862745098039547e-01,0.000000000000000000e+00,0.000000000000000000e+00,5.406356703220560433e+01,2.374888992309570312e+01,1.432377883445581812e+00,channels
3.294117647058823484e-01,0.000000000000000000e+00,0.000000000000000000e+00,1.350519302364238960e+01,6.085679531097412109e+00,7.075538418451571276e-01,channels
3.058823529411764941e-01,0.000000000000000000e+00,0.000000000000000000e+00,1.167134741769117312e+01,5.283427238464355469e+00,7.265215025431256413e-01,channels
0.000000000000000000e+00,0.000000000000000000e+00,8.941176470588234615e-01,2.667450552743449066e+01,2.302892112731933594e+01,1.539812208056506222e+02,channels
8.666666666666666963e-01,0.000000000000000000e+00,0.000000000000000000e+00,1.211748311004819385e+02,5.287956619262695312e+01,2.115104103811356495e+00,channels
0.000000000000000000e+00,0.000000000000000000e+00,2.235294117647058654e-01,1.380059132491648244e+00,1.187026143074035645e+00,6.510775006253759045e+00,channels
0.000000000000000000e+00,6.078431372549019107e-01,0.000000000000000000e+00,1.182298511008938746e+01,4.568093872070312500e+01,1.846557334443497567e+01,channels
0.000000000000000000e+00,0.000000000000000000e+00,3.490196078431372362e-01,3.230617541146767469e+00,2.699316740036010742e+00,1.729991303561318361e+01,channels
0.000000000000000000e+00,0.000000000000000000e+00,8.000000000000000444e-01,1.989925650594079443e+01,1.686550903320312500e+01,1.145720851812946677e+02,channels
3.921568627450980338e-03,0.000000000000000000e+00,0.000000000000000000e+00,3.540283305162282845e-01,3.718320727348327637e-01,4.768229253573101900e-01,channels
0.000000000000000000e+00,0.000000000000000000e+00,7.294117647058823151e-01,1.565338512005909344e+01,1.316032981872558594e+01,9.020492517648018804e+01,channels
0.000000000000000000e+00,0.000000000000000000e+00,5.529411764705882693e-01,8.386507009541110946e+00,6.962800025939941406e+00,4.786520277045654126e+01,channels
0.000000000000000000e+00,8.823529411764705621e-01,0.000000000000000000e+00,2.786657103344976605e+01,1.081077728271484375e+02,3.973444347048740610e+01,channels
0.000000000000000000e+00,0.000000000000000000e+00,4.470588235294117307e-01,5.296297301177625982e+00,4.403592586517333984e+00,2.935261617114371546e+01,channels
8.862745098039215286e-01,0.000000000000000000e+00,0.000000000000000000e+00,1.284985100091184904e+02,5.602708816528320312e+01,2.114787338122010141e+00,channels
7.137254901960784492e-01,0.000000000000000000e+00,0.000000000000000000e+00,7.508072143718072766e+01,3.285950851440429688e+01,1.673357899620817157e+00,channels
0.000000000000000000e+00,0.000000000000000000e+00,3.098039215686274606e-01,2.633457972632127664e+00,2.203578472137451172e+00,1.374244615661796765e+01,channels
0.000000000000000000e+00,0.000000000000000000e+00,9.686274509803921573e-01,3.561623247550983962e+01,3.199339485168457031e+01,2.046958228710477101e+02,channels
3.490196078431372362e-01,0.000000000000000000e+00,0.000000000000000000e+00,1.537600714527691359e+01,6.922172546386718750e+00,8.268558267923256100e-01,channels
8.352941176470588536e-01,0.000000000000000000e+00,0.000000000000000000e+00,1.109457623528431185e+02,4.843309783935546875e+01,2.037083974988370905e+00,channels
0.000000000000000000e+00,0.000000000000000000e+00,8.901960784313724950e-01,2.664980765541896091e+01,2.300919342041015625e+01,1.539185458142068796e+02,channels
1.254901960784313708e-01,0.000000000000000000e+00,0.000000000000000000e+00,1.805722851316776678e+00,9.871946573257446289e-01,5.015121937765377735e-01,channels
0.000000000000000000e+00,0.000000000000000000e+00,3.921568627450980338e-03,3.061266130326543711e-01,3.151347935199737549e-01,4.430647797509991159e-01,channels
5.686274509803921351e-01,0.000000000000000000e+00,0.000000000000000000e+00,4.510509492038414692e+01,1.984862136840820312e+01,1.297728937638229496e+00,channels
0.000000000000000000e+00,6.588235294117646967e-01,0.000000000000000000e+00,1.402115284262120909e+01,5.440739059448242188e+01,2.168836648049529003e+01,channels
2.352941176470588203e-01,0.000000000000000000e+00,0.000000000000000000e+00,6.639370541967227979e+00,3.079796075820922852e+00,5.928526481942069104e-01,channels
8.274509803921568096e-01,0.000000000000000000e+00,0.000000000000000000e+00,1.076831860929473805e+02,4.701408767700195312e+01,1.994055246370276979e+00,channels
0.000000000000000000e+00,0.000000000000000000e+00,1.137254901960784298e-01,5.464062246227980868e-01,5.075097680091857910e-01,1.672621497134015200e+00,channels
0.000000000000000000e+00,0.000000000000000000e+00,4.352941176470588314e-01,5.018582838579129124e+00,4.164243698120117188e+00,2.792177223610096704e+01,channels
0.000000000000000000e+00,6.627450980392156632e-01,0.000000000000000000e+00,1.419732226786844720e+01,5.510918045043945312e+01,2.195165259450329032e+01,channels
0.000000000000000000e+00,2.705882352941176294e-01,0.000000000000000000e+00,2.306513872193288073e+00,8.119806289672851562e+00,3.670248364237313154e+00,channels
1.960784313725490169e-02,0.000000000000000000e+00,0.000000000000000000e+00,4.314258217177393551e-01,4.238776266574859619e-01,5.205651652577305555e-01,channels
0.000000000000000000e+00,0.000000000000000000e+00,7.647058823529411242e-01,1.752073995270096418e+01,1.478112411499023438e+01,1.012005433833446943e+02,channels
8.627450980392157298e-01,0.000000000000000000e+00,0.000000000000000000e+00,1.200477783601999420e+02,5.238624191284179688e+01,2.102062758044076052e+00,channels
6.588235294117646967e-01,0.000000000000000000e+00,0.000000000000000000e+00,6.256284469938101012e+01,2.741530799865722656e+01,1.537308494457633179e+00,channels
0.000000000000000000e+00,2.156862745098039325e-01,0.000000000000000000e+00,1.487015358486453387e+00,4.882877826690673828e+00,2.360144766322150645e+00,channels
0.000000000000000000e+00,0.000000000000000000e+00,1.000000000000000000e+00,3.951420283496543817e+01,3.775516510009765625e+01,2.245238585347235869e+02,channels
0.000000000000000000e+00,2.352941176470588203e-02,0.000000000000000000e+00,3.612570050413979050e-01,3.943853974342346191e-01,5.302744456925641003e-01,channels
0.000000000000000000e+00,0.000000000000000000e+00,9.882352941176471006e-01,3.875729131473357825e+01,3.593575668334960938e+01,2.217513161906783523e+02,channels
4.549019607843137192e-01,0.000000000000000000e+00,0.000000000000000000e+00,2.753097585883148213e+01,1.218941402435302734e+01,1.001600739809614726e+00,channels
0.000000000000000000e+00,0.000000000000000000e+00,4.901960784313725283e-01,6.508644607839947582e+00,5.385904312133789062e+00,3.647473543615072344e+01,channels
0.000000000000000000e+00,9.294117647058823817e-01,0.000000000000000000e+00,3.164812149209168268e+01,1.223989486694335938e+02,4.353352409846693405e+01,channels
0.000000000000000000e+00,0.000000000000000000e+00,2.980392156862745057e-01,2.417035266533138937e+00,2.049347162246704102e+00,1.244481113532089367e+01,channels
0.000000000000000000e+00,0.000000000000000000e+00,9.803921568627450567e-01,3.770729989269166538e+01,3.445520019531250000e+01,2.162057273800609778e+02,channels
3.921568627450980338e-03,0.000000000000000000e+00,0.000000000000000000e+00,3.591802735280825165e-01,3.645153343677520752e-01,4.953369842768294284e-01,channels
0.000000000000000000e+00,7.254901960784313486e-01,0.000000000000000000e+00,1.736915331749687397e+01,6.746026611328125000e+01,2.643745964460396536e+01,channels
0.000000000000000000e+00,2.705882352941176294e-01,0.000000000000000000e+00,2.311975557785523883e+00,8.121088027954101562e+00,3.707872454946640861e+00,channels
4.392156862745097978e-01,0.000000000000000000e+00,0.000000000000000000e+00,2.543016353467245594e+01,1.130014514923095703e+01,1.009738530726076666e+00,channels
0.000000000000000000e+00,7.803921568627451011e-01,0.000000000000000000e+00,2.060673560518486269e+01,8.015859985351562500e+01,3.084191299049573942e+01,channels
0.000000000000000000e+00,6.549019607843137303e-01,0.000000000000000000e+00,1.380632360539286374e+01,5.366156768798828125e+01,2.138623736755516802e+01,channels
0.000000000000000000e+00,9.019607843137255054e-01,0.000000000000000000e+00,2.943560271584318144e+01,1.140277481079101562e+02,4.145269274412341076e+01,channels
0.000000000000000000e+00,3.921568627450980338e-01,0.000000000000000000e+00,4.622058215804483616e+00,1.736945152282714844e+01,7.388959885442663911e+00,channels
0.000000000000000000e+00,5.058823529411764497e-01,0.000000000000000000e+00,7.973836831160181937e+00,3.053313255310058594e+01,1.264713744120375516e+01,channels
0.000000000000000000e+00,0.000000000000000000e+00,9.058823529411764719e-01,2.804262754019950421e+01,2.434603500366210938e+01,1.619143143389817681e+02,channels
0.000000000000000000e+00,0.000000000000000000e+00,6.470588235294117974e-01,1.194822790957271152e+01,9.976480484008789062e+00,6.837439311379691276e+01,channels
0.000000000000000000e+00,5.803921568627450345e-01,0.000000000000000000e+00,1.051388345557762527e+01,4.059304428100585938e+01,1.653426079036758267e+01,channels
8.313725490196077761e-01,0.000000000000000000e+00,0.000000000000000000e+00,1.076238597356467608e+02,4.699085235595703125e+01,1.993794690405302328e+00,channels
0.000000000000000000e+00,6.274509803921568540e-01,0.000000000000000000e+00,1.261123878632066386e+01,4.882766723632812500e+01,1.960817028450232868e+01,channels
0.000000000000000000e+00,3.529411764705882026e-01,0.000000000000000000e+00,3.679406863912377812e+00,1.361211872100830078e+01,5.890499638917435554e+00,channels
0.000000000000000000e+00,7.529411764705882248e-01,0.000000000000000000e+00,1.890898293659255813e+01,7.346125030517578125e+01,2.856709984664357904e+01,channels
4.117647058823529216e-01,0.000000000000000000e+00,0.000000000000000000e+00,2.202424710963670762e+01,9.800079345703125000e+00,9.141110910482178609e-01,channels
9.294117647058823817e-01,0.000000000000000000e+00,0.000000000000000000e+00,1.473305504577671456e+02,6.421544647216796875e+01,2.254478316112083380e+00,channels
0.000000000000000000e+00,2.470588235294117752e-01,0.000000000000000000e+00,1.931972566246699552e+00,6.636580467224121094e+00,3.058195077161038000e+00,channels
0.000000000000000000e+00,0.000000000000000000e+00,5.686274509803921351e-01,9.023510596249170845e+00,7.497745513916015625e+00,5.124046254935279165e+01,channels
0.000000000000000000e+00,0.000000000000000000e+00,9.215686274509803377e-01,2.977508870873985813e+01,2.600253295898437500e+01,1.718859696494886862e+02,channels
6.666666666666666574e-02,0.000000000000000000e+00,0.000000000000000000e+00,6.809365597675066661e-01,5.160449147224426270e-01,5.104365710227422026e-01,channels
0.000000000000000000e+00,8.901960784313724950e-01,0.000000000000000000e+00,2.848397061692757504e+01,1.104135971069335938e+02,4.041902665696108699e+01,channels
4.705882352941176405e-02,0.000000000000000000e+00,0.000000000000000000e+00,5.289949567560762178e-01,4.693216383457183838e-01,4.993917842191332168e-01,channels
0.000000000000000000e+00,0.000000000000000000e+00,7.137254901960784492e-01,1.486121401286558097e+01,1.246924400329589844e+01,8.558287291217708059e+01,channels
0.000000000000000000e+00,0.000000000000000000e+00,5.098039215686274439e-02,3.874998071676772349e-01,3.833622932434082031e-01,7.435799279175130394e-01,channels
9.411764705882352811e-01,0.000000000000000000e+00,0.000000000000000000e+00,1.516165964168385756e+02,6.603909301757812500e+01,2.188884450987134578e+00,channels
0.000000000000000000e+00,3.372549019607843368e-01,0.000000000000000000e+00,3.504708775035207946e+00,1.274293613433837891e+01,5.560730349216500557e+00,channels
0.000000000000000000e+00,0.000000000000000000e+00,9.294117647058823817e-01,3.080565717516566693e+01,2.699763679504394531e+01,1.776055195836508744e+02,channels
3.254901960784313819e-01,0.000000000000000000e+00,0.000000000000000000e+00,1.323531161567185777e+01,5.959974765777587891e+00,7.465671706959056131e-01,channels
0.000000000000000000e+00,4.705882352941176405e-01,0.000000000000000000e+00,6.779841445216661988e+00,2.590470123291015625e+01,1.082573133596137538e+01,channels
4.274509803921568429e-01,0.000000000000000000e+00,0.000000000000000000e+00,2.392470242599216235e+01,1.063018703460693359e+01,9.087859370537328951e-01,channels
0.000000000000000000e+00,4.980392156862745168e-01,0.000000000000000000e+00,7.649683581827387613e+00,2.934424018859863281e+01,1.216159655067787426e+01,channels
7.725490196078431682e-01,0.000000000000000000e+00,0.000000000000000000e+00,9.057248598283440799e+01,3.959081268310546875e+01,1.865132353595648107e+00,channels
0.000000000000000000e+00,5.960784313725490113e-01,0.000000000000000000e+00,1.127942608787842893e+01,4.367067337036132812e+01,1.768683282556079206e+01,channels
0.000000000000000000e+00,0.000000000000000000e+00,2.666666666666666630e-01,1.934670013680138023e+00,1.637980937957763672e+00,1.001775887591505132e+01,channels
0.000000000000000000e+00,5.882352941176470784e-01,0.000000000000000000e+00,1.096861989272223425e+01,4.243273925781250000e+01,1.721239567989928787e+01,channels
9.529411764705881804e-01,0.000000000000000000e+00,0.000000000000000000e+00,1.554152818506499898e+02,6.770839691162109375e+01,2.240142889458225373e+00,channels
0.000000000000000000e+00,1.372549019607843257e-01,0.000000000000000000e+00,7.727898992442225889e-01,1.970935702323913574e+00,1.155906568838740656e+00,channels
0.000000000000000000e+00,5.098039215686274161e-01,0.000000000000000000e+00,8.119552815467857343e+00,3.112427902221679688e+01,1.285253379910409954e+01,channels
4.313725490196078372e-02,0.000000000000000000e+00,0.000000000000000000e+00,4.392162051607635398e-01,3.889626860618591309e-01,4.774040735862968288e-01,channels
0.000000000000000000e+00,8.235294117647058432e-01,0.000000000000000000e+00,2.357467243818857128e+01,9.161977386474609375e+01,3.468933600819686802e+01,channels
0.000000000000000000e+00,8.000000000000000444e-01,0.000000000000000000e+00,2.195564756607051038e+01,8.537575531005859375e+01,3.261227525626625123e+01,channels
0.000000000000000000e+00,0.000000000000000000e+00,4.509803921568627527e-01,5.477049020605816665e+00,4.562032699584960938e+00,3.046870002857279758e+01,channels
0.000000000000000000e+00,0.000000000000000000e+00,0.000000000000000000e+00,3.527052684415229455e-01,3.722364902496337891e-01,5.146205165360450140e-01,channels
4.980392156862745168e-01,0.000000000000000000e+00,0.000000000000000000e+00,3.337487080360721592e+01,1.473946952819824219e+01,1.123982237432403331e+00,channels
0.000000000000000000e+00,4.000000000000000222e-01,0.000000000000000000e+00,4.851506264116857814e+00,1.822131156921386719e+01,7.790118703498800201e+00,channels
0.000000000000000000e+00,7.019607843137254388e-01,0.000000000000000000e+00,1.612054343617412044e+01,6.260257720947265625e+01,2.469852391391881952e+01,channels
0.000000000000000000e+00,3.803921568627450789e-01,0.000000000000000000e+00,4.322849024421565822e+00,1.626856040954589844e+01,6.979203168640308874e+00,channels
0.000000000000000000e+00,7.490196078431372584e-01,0.000000000000000000e+00,1.858529498614187858e+01,7.231020355224609375e+01,2.813743547525471200e+01,channels
0.000000000000000000e+00,0.000000000000000000e+00,0.000000000000000000e+00,3.524082238302756465e-01,3.714736402034759521e-01,4.729922561650061752e-01,channels
0.000000000000000000e+00,0.000000000000000000e+00,8.235294117647058709e-02,5.254002243079356482e-01,5.063867568969726562e-01,1.217835191545058482e+00,channels
0.000000000000000000e+00,0.000000000000000000e+00,9.529411764705881804e-01,3.329872037811357188e+01,2.953281784057617188e+01,1.918608926537905575e+02,channels
0.000000000000000000e+00,1.333333333333333315e-01,0.000000000000000000e+00,7.528417541377264710e-01,1.878986358642578125e+00,1.126136540787514573e+00,channels
0.000000000000000000e+00,7.372549019607843590e-01,0.000000000000000000e+00,1.791651663964946195e+01,6.983208465576171875e+01,2.725203604395952084e+01,channels
5.098039215686274439e-02,0.000000000000000000e+00,0.000000000000000000e+00,5.381708953901579440e-01,4.582427442073822021e-01,5.013233527964360281e-01,channels
5.921568627450980449e-01,0.000000000000000000e+00,0.000000000000000000e+00,4.931057052551292941e+01,2.167745780944824219e+01,1.350747667225177473e+00,channels
4.156862745098038880e-01,0.000000000000000000e+00,0.000000000000000000e+00,2.196682874269839303e+01,9.764421463012695312e+00,8.903929516861355253e-01,channels
3.803921568627450789e-01,0.000000000000000000e+00,0.000000000000000000e+00,1.847941441866334245e+01,8.226152420043945312e+00,7.877680484627516133e-01,channels
0.000000000000000000e+00,0.000000000000000000e+00,2.745098039215686236e-02,3.313538906320972477e-01,3.324447274208068848e-01,5.056821426939536179e-01,channels
0.000000000000000000e+00,3.529411764705882304e-02,0.000000000000000000e+00,3.943357659554164729e-01,4.320150613784790039e-01,5.206000465661797527e-01,channels
3.647058823529411575e-01,0.000000000000000000e+00,0.000000000000000000e+00,1.674218439677302328e+01,7.487847805023193359e+00,7.747254107570726855e-01,channels
0.000000000000000000e+00,4.431372549019607643e-01,0.000000000000000000e+00,6.040406372763936993e+00,2.282102394104003906e+01,9.634906497278112880e+00,channels
0.000000000000000000e+00,0.000000000000000000e+00,8.941176470588234615e-01,2.670254960808173905e+01,2.307565307617187500e+01,1.539264453407826636e+02,channels
0.000000000000000000e+00,9.372549019607843146e-01,0.000000000000000000e+00,3.230032008250589826e+01,1.247741851806640625e+02,4.410136255234814229e+01,channels
7.058823529411764608e-02,0.000000000000000000e+00,0.000000000000000000e+00,6.963896165945059336e-01,5.142954587936401367e-01,4.809407021426059248e-01,channels
0.000000000000000000e+00,0.000000000000000000e+00,5.411764705882352589e-01,8.112886806274064000e+00,6.744076251983642578e+00,4.591798031109176748e+01,channels
6.823529411764706065e-01,0.000000000000000000e+00,0.000000000000000000e+00,6.764738451717484224e+01,2.963249778747558594e+01,1.609769834686390011e+00,channels
1.176470588235294101e-01,0.000000000000000000e+00,0.000000000000000000e+00,1.600364410238193758e+00,8.957452178001403809e-01,5.443006422330843863e-01,channels
8.588235294117646523e-01,0.000000000000000000e+00,0.000000000000000000e+00,1.182153625091466154e+02,5.159363555908203125e+01,2.072385175711946470e+00,channels
0.000000000000000000e+00,0.000000000000000000e+00,6.431372549019607199e-01,1.162450986554556209e+01,9.685631752014160156e+00,6.638106646492016694e+01,channels
0.000000000000000000e+00,1.607843137254901800e-01,0.000000000000000000e+00,9.066161311229490316e-01,2.533596277236938477e+00,1.385450993190393776e+00,channels
0.000000000000000000e+00,3.137254901960784270e-02,0.000000000000000000e+00,3.605593776169879194e-01,4.112372398376464844e-01,5.141046855532128701e-01,channels
0.000000000000000000e+00,0.000000000000000000e+00,6.117647058823529882e-01,1.056756871829103162e+01,8.809711456298828125e+00,6.029653799353139476e+01,channels
0.000000000000000000e+00,0.000000000000000000e+00,9.843137254901960231e-01,3.821884139432193450e+01,3.515354919433593750e+01,2.189676387281882342e+02,channels
0.000000000000000000e+00,0.000000000000000000e+00,1.058823529411764691e-01,5.083823701527449002e-01,4.880226850509643555e-01,1.533119941840087597e+00,channels
1.568627450980392135e-02,0.000000000000000000e+00,0.000000000000000000e+00,3.499304105964380907e-01,3.456171751022338867e-01,4.741241867346260297e-01,channels
9.568627450980391469e-01,0.000000000000000000e+00,0.000000000000000000e+00,1.554293163491886105e+02,6.769913482666015625e+01,2.217059935800228310e+00,channels
0.000000000000000000e+00,0.000000000000000000e+00,9.411764705882352811e-01,3.200430140979769789e+01,2.819153213500976562e+01,1.844383654683422264e+02,channels
0.000000000000000000e+00,0.000000000000000000e+00,3.333333333333333148e-01,2.972295359001716708e+00,2.482255697250366211e+00,1.571500460592558923e+01,channels
0.000000000000000000e+00,0.000000000000000000e+00,4.784313725490195734e-01,6.013455261596939216e+00,4.971366882324218750e+00,3.359263970242844977e+01,channels
0.000000000000000000e+00,8.784313725490195957e-01,0.000000000000000000e+00,2.757828716482757869e+01,1.069374160766601562e+02,3.941043569994411655e+01,channels
0.000000000000000000e+00,0.000000000000000000e+00,9.882352941176471006e-01,3.870070795345197467e+01,3.590899658203125000e+01,2.214700009343711145e+02,channels
3.529411764705882026e-01,0.000000000000000000e+00,0.000000000000000000e+00,1.533399642990217338e+01,6.891294002532958984e+00,8.003023161101930905e-01,channels
3.607843137254901911e-01,0.000000000000000000e+00,0.000000000000000000e+00,1.652762782724100887e+01,7.416216373443603516e+00,8.125830739627138977e-01,channels
2.784313725490196179e-01,0.000000000000000000e+00,0.000000000000000000e+00,9.572153543904496686e+00,4.369156837463378906e+00,6.465971779672825548e-01,channels
0.000000000000000000e+00,0.000000000000000000e+00,9.568627450980391469e-01,3.332108174069125539e+01,2.955074119567871094e+01,1.919222668566242476e+02,channels
0.000000000000000000e+00,0.000000000000000000e+00,2.039215686274509776e-01,1.171902306565372198e+00,1.026107430458068848e+00,5.384323064878217657e+00,channels
9.568627450980391469e-01,0.000000000000000000e+00,0.000000000000000000e+00,1.554273575232549547e+02,6.772287750244140625e+01,2.229792106361064619e+00,channels
0.000000000000000000e+00,8.627450980392157298e-01,0.000000000000000000e+00,2.643666297088972428e+01,1.023685226440429688e+02,3.806887454822790318e+01,channels
9.647058823529411908e-01,0.000000000000000000e+00,0.000000000000000000e+00,1.584928531521215120e+02,6.903173065185546875e+01,2.201954677282516037e+00,channels
1.568627450980392135e-02,0.000000000000000000e+00,0.000000000000000000e+00,3.347534801585989594e-01,3.339151144027709961e-01,4.282659636393973401e-01,channels
0.000000000000000000e+00,9.215686274509803377e-01,0.000000000000000000e+00,3.100219383603696599e+01,1.199547042846679688e+02,4.292203546644446988e+01,channels
0.000000000000000000e+00,5.764705882352940680e-01,0.000000000000000000e+00,1.051277149083312423e+01,4.054945373535156250e+01,1.649310930684022836e+01,channels
0.000000000000000000e+00,0.000000000000000000e+00,4.235294117647058765e-01,4.777627333979993729e+00,3.973362207412719727e+00,2.644760846978116575e+01,channels
0.000000000000000000e+00,0.000000000000000000e+00,7.450980392156862642e-02,4.437245610456338474e-01,4.480566978454589844e-01,1.036242531497211683e+00,channels
0.000000000000000000e+00,0.000000000000000000e+00,5.450980392156862253e-01,8.240606635106908939e+00,6.846050739288330078e+00,4.656873682036012241e+01,channels
2.588235294117646745e-01,0.000000000000000000e+00,0.000000000000000000e+00,8.063020447383328460e+00,3.718148231506347656e+00,6.397833252575327867e-01,channels
0.000000000000000000e+00,2.117647058823529382e-01,0.000000000000000000e+00,1.445747708135390441e+00,4.711176395416259766e+00,2.298927739250371083e+00,channels
0.000000000000000000e+00,7.529411764705882248e-01,0.000000000000000000e+00,1.884221603203648954e+01,7.342327880859375000e+01,2.850372653185889860e+01,channels
0.000000000000000000e+00,0.000000000000000000e+00,2.823529411764705843e-01,2.190898029454970697e+00,1.838783264160156250e+00,1.132565628732792007e+01,channels
0.000000000000000000e+00,9.333333333333333481e-01,0.000000000000000000e+00,3.203953739554983571e+01,1.236813049316406250e+02,4.386141292382004053e+01,channels
0.000000000000000000e+00,4.627450980392157076e-01,0.000000000000000000e+00,6.574447574056649479e+00,2.497055816650390625e+01,1.044009520482878628e+01,channels
0.000000000000000000e+00,4.470588235294117307e-01,0.000000000000000000e+00,6.018954043174437274e+00,2.278068542480468750e+01,9.579758939954055919e+00,channels
0.000000000000000000e+00,5.058823529411764497e-01,0.000000000000000000e+00,7.987692247588290329e+00,3.053564262390136719e+01,1.264528344227127299e+01,channels
7.607843137254901578e-01,0.000000000000000000e+00,0.000000000000000000e+00,8.704411479989366285e+01,3.805025482177734375e+01,1.830276434583223644e+00,channels
0.000000000000000000e+00,3.529411764705882026e-01,0.000000000000000000e+00,3.707637774920973239e+00,1.364447879791259766e+01,5.908389992378880962e+00,channels
0.000000000000000000e+00,5.882352941176470507e-02,0.000000000000000000e+00,3.746527729288753883e-01,5.543132424354553223e-01,5.544181487149405507e-01,channels
0.000000000000000000e+00,2.745098039215686514e-01,0.000000000000000000e+00,2.352378393711238580e+00,8.317759513854980469e+00,3.784826504753055154e+00,channels
0.000000000000000000e+00,0.000000000000000000e+00,7.843137254901960675e-02,4.501391394737104812e-01,4.428752064704895020e-01,1.040295027702985653e+00,channels
0.000000000000000000e+00,2.039215686274509776e-01,0.000000000000000000e+00,1.333325604367985751e+00,4.322432994842529297e+00,2.108384375963269441e+00,channels
0.000000000000000000e+00,8.235294117647058432e-01,0.000000000000000000e+00,2.356676227802078216e+01,9.160163879394531250e+01,3.463918822675988451e+01,channels
0.000000000000000000e+00,0.000000000000000000e+00,9.686274509803921573e-01,3.556863140037896898e+01,3.196651840209960938e+01,2.046407561530436396e+02,channels
0.000000000000000000e+00,1.176470588235294101e-02,0.000000000000000000e+00,3.588538415209504007e-01,3.800268471240997314e-01,4.909663123286747144e-01,channels
9.529411764705881804e-01,0.000000000000000000e+00,0.000000000000000000e+00,1.554398440721151360e+02,6.773320770263671875e+01,2.242382425443879779e+00,channels
0.000000000000000000e+00,5.254901960784313930e-01,0.000000000000000000e+00,8.662509081388453325e+00,3.323735046386718750e+01,1.369033689303734924e+01,channels
9.411764705882352811e-02,0.000000000000000000e+00,0.000000000000000000e+00,1.086349881186038591e+00,6.948998570442199707e-01,5.355394185823989517e-01,channels
2.235294117647058654e-01,0.000000000000000000e+00,0.000000000000000000e+00,5.685021677237650728e+00,2.673941135406494141e+00,5.850709942747421843e-01,channels
3.294117647058823484e-01,0.000000000000000000e+00,0.000000000000000000e+00,1.351813679366768817e+01,6.082114696502685547e+00,7.654804319184550510e-01,channels
6.509803921568627638e-01,0.000000000000000000e+00,0.000000000000000000e+00,6.082698727989408383e+01,2.667562866210937500e+01,1.525385511749473677e+00,channels
3.803921568627450789e-01,0.000000000000000000e+00,0.000000000000000000e+00,1.850584345005276532e+01,8.269145965576171875e+00,8.173472821550358258e-01,channels
0.000000000000000000e+00,0.000000000000000000e+00,9.882352941176471006e-01,3.875935298904090587e+01,3.593275833129882812e+01,2.216316108316473503e+02,channels
0.000000000000000000e+00,8.352941176470588536e-01,0.000000000000000000e+00,2.441613031375533893e+01,9.478128051757812500e+01,3.572230782485977585e+01,channels
0.000000000000000000e+00,1.254901960784313708e-01,0.000000000000000000e+00,7.102535378554222234e-01,1.695030808448791504e+00,1.052108915961305957e+00,channels
4.235294117647058765e-01,0.000000000000000000e+00,0.000000000000000000e+00,2.348579589494367426e+01,1.044079303741455078e+01,9.328771271262239484e-01,channels
1.176470588235294101e-02,0.000000000000000000e+00,0.000000000000000000e+00,2.943384067775552948e-01,2.945668995380401611e-01,4.295517598615865573e-01,channels
1.137254901960784298e-01,0.000000000000000000e+00,0.000000000000000000e+00,1.534296451907418479e+00,8.874883055686950684e-01,5.765668077817448500e-01,channels
4.196078431372549100e-01,0.000000000000000000e+00,0.000000000000000000e+00,2.288846561256627510e+01,1.015498447418212891e+01,9.207214697048567986e-01,channels
0.000000000000000000e+00,0.000000000000000000e+00,0.000000000000000000e+00,3.868584180869544809e-01,3.851602971553802490e-01,5.318297853934559338e-01,channels
0.000000000000000000e+00,7.882352941176470340e-01,0.000000000000000000e+00,2.106951103834251171e+01,8.216806793212890625e+01,3.151098909226931966e+01,channels
9.647058823529411908e-01,0.000000000000000000e+00,0.000000000000000000e+00,1.584833557565231388e+02,6.903810119628906250e+01,2.221405627682154549e+00,channels
0.000000000000000000e+00,0.000000000000000000e+00,7.843137254901960675e-02,5.058839821888079236e-01,4.883042871952056885e-01,1.122697894567441512e+00,channels
4.196078431372549100e-01,0.000000000000000000e+00,0.000000000000000000e+00,2.293870097749825376e+01,1.018874454498291016e+01,9.086873165607572966e-01,channels
0.000000000000000000e+00,0.000000000000000000e+00,5.529411764705882693e-01,8.440006130199178003e+00,7.003490924835205078e+00,4.789718542729561790e+01,channels
0.000000000000000000e+00,0.000000000000000000e+00,7.490196078431372584e-01,1.662783148829516833e+01,1.399235534667968750e+01,9.550349740259127884e+01,channels
4.392156862745097978e-01,0.000000000000000000e+00,0.000000000000000000e+00,2.536552604284180390e+01,1.125378036499023438e+01,9.814725840808107282e-01,channels
0.000000000000000000e+00,6.509803921568627638e-01,0.000000000000000000e+00,1.365587474119054079e+01,5.299111557006835938e+01,2.115698074309088383e+01,channels
5.921568627450980449e-01,0.000000000000000000e+00,0.000000000000000000e+00,4.928367225908321103e+01,2.166103172302246094e+01,1.333478024115540617e+00,channels
0.000000000000000000e+00,0.000000000000000000e+00,2.470588235294117752e-01,1.716454190782271017e+00,1.452155232429504395e+00,8.379051396818288922e+00,channels
0.000000000000000000e+00,4.117647058823529216e-01,0.000000000000000000e+00,5.120984999652098857e+00,1.940268516540527344e+01,8.248324176208740255e+00,channels
0.000000000000000000e+00,9.568627450980391469e-01,0.000000000000000000e+00,3.354784738891690665e+01,1.292268524169921875e+02,4.505508594333109329e+01,channels
0.000000000000000000e+00,0.000000000000000000e+00,3.019607843137254721e-01,2.540274892939933693e+00,2.136816978454589844e+00,1.307962540461878120e+01,channels
5.960784313725490113e-01,0.000000000000000000e+00,0.000000000000000000e+00,5.000650147406132362e+01,2.197963523864746094e+01,1.358161357562752913e+00,channels
7.019607843137254388e-01,0.000000000000000000e+00,0.000000000000000000e+00,7.192154669737018935e+01,3.149889373779296875e+01,1.666607637157603738e+00,channels
8.235294117647058432e-01,0.000000000000000000e+00,0.000000000000000000e+00,1.067130519057914455e+02,4.660063552856445312e+01,2.002841820609253087e+00,channels
0.000000000000000000e+00,0.000000000000000000e+00,2.705882352941176294e-01,2.078941481653736378e+00,1.723227977752685547e+00,1.036837500384458544e+01,channels
9.019607843137254777e-02,0.000000000000000000e+00,0.000000000000000000e+00,9.350433430482720798e-01,5.979439616203308105e-01,4.724006649246416667e-01,channels
1.372549019607843257e-01,0.000000000000000000e+00,0.000000000000000000e+00,2.098295644615757460e+00,1.106675624847412109e+00,5.300311364603911279e-01,channels
0.000000000000000000e+00,0.000000000000000000e+00,8.980392156862745390e-01,2.729347500248569247e+01,2.362728309631347656e+01,1.576809884276024718e+02,channels
8.000000000000000444e-01,0.000000000000000000e+00,0.000000000000000000e+00,9.947311295041136248e+01,4.346586608886718750e+01,1.969217176782506851e+00,channels
0.000000000000000000e+00,5.019607843137254832e-01,0.000000000000000000e+00,7.903142133936408520e+00,3.005426406860351562e+01,1.248045350566030187e+01,channels
0.000000000000000000e+00,5.019607843137254832e-01,0.000000000000000000e+00,7.822883465188254171e+00,2.998730468750000000e+01,1.240204093046036604e+01,channels
0.000000000000000000e+00,7.450980392156862642e-02,0.000000000000000000e+00,4.396147184586479684e-01,7.288746833801269531e-01,6.513553862395445870e-01,channels
1.686274509803921684e-01,0.000000000000000000e+00,0.000000000000000000e+00,3.262380879367410280e+00,1.641245722770690918e+00,5.502611610685285148e-01,channels
0.000000000000000000e+00,5.803921568627450345e-01,0.000000000000000000e+00,1.047395699937386482e+01,4.052844238281250000e+01,1.648281510516060067e+01,channels
0.000000000000000000e+00,0.000000000000000000e+00,5.882352941176470784e-01,9.615411641408314836e+00,8.004882812500000000e+00,5.492528375524429407e+01,channels
0.000000000000000000e+00,2.627450980392156965e-01,0.000000000000000000e+00,2.198342356994515079e+00,7.630440235137939453e+00,3.490111154827638451e+00,channels
0.000000000000000000e+00,6.666666666666666297e-01,0.000000000000000000e+00,1.432616014284621464e+01,5.573043441772460938e+01,2.219143957292163094e+01,channels
0.000000000000000000e+00,3.058823529411764941e-01,0.000000000000000000e+00,2.898106417783870459e+00,1.040126991271972656e+01,4.655804129479162334e+00,channels
0.000000000000000000e+00,0.000000000000000000e+00,4.627450980392157076e-01,5.754898765560356289e+00,4.772945404052734375e+00,3.215101126772577089e+01,channels
0.000000000000000000e+00,0.000000000000000000e+00,6.941176470588235059e-01,1.396319753312965517e+01,1.171753025054931641e+01,8.042439311150346271e+01,channels
0.000000000000000000e+00,4.901960784313725283e-01,0.000000000000000000e+00,7.444174766258485398e+00,2.837338256835937500e+01,1.179192094741126695e+01,channels
0.000000000000000000e+00,4.941176470588235503e-01,0.000000000000000000e+00,7.523674952064973276e+00,2.878362655639648438e+01,1.196037443234063957e+01,channels
0.000000000000000000e+00,3.215686274509803599e-01,0.000000000000000000e+00,3.056388392195975356e+00,1.119253444671630859e+01,4.933054355750297049e+00,channels
0.000000000000000000e+00,4.392156862745097978e-01,0.000000000000000000e+00,5.894139986247011187e+00,2.232787322998046875e+01,9.381712307567646292e+00,channels
0.000000000000000000e+00,0.000000000000000000e+00,8.862745098039215286e-01,2.622512278072113645e+01,2.264115524291992188e+01,1.514112524352275386e+02,channels
4.352941176470588314e-01,0.000000000000000000e+00,0.000000000000000000e+00,2.488157967889257449e+01,1.104193401336669922e+01,9.292174500569727602e-01,channels
0.000000000000000000e+00,5.333333333333333259e-01,0.000000000000000000e+00,8.943998205534716917e+00,3.431636047363281250e+01,1.407259504552319385e+01,channels
0.000000000000000000e+00,2.627450980392156965e-01,0.000000000000000000e+00,2.184560525287831290e+00,7.646523475646972656e+00,3.484877990345133458e+00,channels
0.000000000000000000e+00,0.000000000000000000e+00,7.529411764705882248e-01,1.698747155070959991e+01,1.432865715026855469e+01,9.775240065749113683e+01,channels
5.607843137254902022e-01,0.000000000000000000e+00,0.000000000000000000e+00,4.363017980801965479e+01,1.919685935974121094e+01,1.264092185387057476e+00,channels
0.000000000000000000e+00,0.000000000000000000e+00,2.941176470588235392e-01,2.390121797721316277e+00,2.003734588623046875e+00,1.226515321986599183e+01,channels
0.000000000000000000e+00,0.000000000000000000e+00,1.333333333333333315e-01,6.672908495232413584e-01,6.061949133872985840e-01,2.249938861830190096e+00,channels
0.000000000000000000e+00,4.039215686274509887e-01,0.000000000000000000e+00,5.028411452261161152e+00,1.867468070983886719e+01,7.992865380922967056e+00,channels
0.000000000000000000e+00,5.137254901960783826e-01,0.000000000000000000e+00,8.231481152206567842e+00,3.165332984924316406e+01,1.304626688313613414e+01,channels
6.117647058823529882e-01,0.000000000000000000e+00,0.000000000000000000e+00,5.303969340568457369e+01,2.329068565368652344e+01,1.394378655488049512e+00,channels
0.000000000000000000e+00,2.862745098039215508e-01,0.000000000000000000e+00,2.559469637548523746e+00,9.095855712890625000e+00,4.075673905188562429e+00,channels
3.843137254901960453e-01,0.000000000000000000e+00,0.000000000000000000e+00,1.848225754306703550e+01,8.226784706115722656e+00,7.886079324464126961e-01,channels
0.000000000000000000e+00,0.000000000000000000e+00,9.019607843137254777e-02,5.216319754782582363e-01,4.901474714279174805e-01,1.281660948656241583e+00,channels
0.000000000000000000e+00,0.000000000000000000e+00,2.156862745098039325e-01,1.316072311926391514e+00,1.125147819519042969e+00,6.154930467932219429e+00,channels
0.000000000000000000e+00,0.000000000000000000e+00,6.313725490196078205e-01,1.126866490278437993e+01,9.391241073608398438e+00,6.453192874778581256e+01,channels
0.000000000000000000e+00,2.862745098039215508e-01,0.000000000000000000e+00,2.527751054496781169e+00,9.086560249328613281e+00,4.066203088262387411e+00,channels
0.000000000000000000e+00,0.000000000000000000e+00,1.294117647058823373e-01,6.578813049965162030e-01,6.105323433876037598e-01,2.044172188764310061e+00,channels
7.137254901960784492e-01,0.000000000000000000e+00,0.000000000000000000e+00,7.507976582023830758e+01,3.287075805664062500e+01,1.707414937716104086e+00,channels
0.000000000000000000e+00,0.000000000000000000e+00,1.686274509803921684e-01,8.976158585832721970e-01,7.964460253715515137e-01,3.567817602728134752e+00,channels
0.000000000000000000e+00,0.000000000000000000e+00,7.803921568627451011e-01,1.858886884888862312e+01,1.571891021728515625e+01,1.071529735811910342e+02,channels
0.000000000000000000e+00,3.803921568627450789e-01,0.000000000000000000e+00,4.338649747832465486e+00,1.631027984619140625e+01,6.997906813817275307e+00,channels
0.000000000000000000e+00,7.294117647058823151e-01,0.000000000000000000e+00,1.749897911191279576e+01,6.817900848388671875e+01,2.666112814319161473e+01,channels
0.000000000000000000e+00,4.470588235294117307e-01,0.000000000000000000e+00,5.972404473570293248e+00,2.272096443176269531e+01,9.526196223565648324e+00,channels
0.000000000000000000e+00,1.529411764705882470e-01,0.000000000000000000e+00,8.329753272163318290e-01,2.380759716033935547e+00,1.335761126712013303e+00,channels
8.588235294117646523e-01,0.000000000000000000e+00,0.000000000000000000e+00,1.181363736334648848e+02,5.156031417846679688e+01,2.105328418365709719e+00,channels
0.000000000000000000e+00,7.607843137254901578e-01,0.000000000000000000e+00,1.942049457919219080e+01,7.534289550781250000e+01,2.918616733827613885e+01,channels
0.000000000000000000e+00,0.000000000000000000e+00,9.803921568627450844e-02,4.884455384080880758e-01,4.727994203567504883e-01,1.374772680362949862e+00,channels
0.000000000000000000e+00,0.000000000000000000e+00,7.137254901960784492e-01,1.481810001936129773e+01,1.244799232482910156e+01,8.544107949880329045e+01,channels
6.196078431372549211e-01,0.000000000000000000e+00,0.000000000000000000e+00,5.470932711525863823e+01,2.399789047241210938e+01,1.405769763453477150e+00,channels
0.000000000000000000e+00,0.000000000000000000e+00,2.470588235294117752e-01,1.678671591315406664e+00,1.422889113426208496e+00,8.345235058209899748e+00,channels
0.000000000000000000e+00,7.098039215686274828e-01,0.000000000000000000e+00,1.649177800615811407e+01,6.416172790527343750e+01,2.526061162635474844e+01,channels
6.274509803921568540e-02,0.000000000000000000e+00,0.000000000000000000e+00,5.574203312315302306e-01,4.291707575321197510e-01,4.364598449177370387e-01,channels
7.450980392156862919e-01,0.000000000000000000e+00,0.000000000000000000e+00,8.230181171728310119e+01,3.599504089355468750e+01,1.754220772909068193e+00,channels
9.372549019607843146e-01,0.000000000000000000e+00,0.000000000000000000e+00,1.505205474835910877e+02,6.560459136962890625e+01,2.256899915033084625e+00,channels
8.823529411764705621e-01,0.000000000000000000e+00,0.000000000000000000e+00,1.269250980201727685e+02,5.536878585815429688e+01,2.113802358612730803e+00,channels
0.000000000000000000e+00,8.274509803921568096e-01,0.000000000000000000e+00,2.383725945359203635e+01,9.261422729492187500e+01,3.500741990145708371e+01,channels
0.000000000000000000e+00,3.764705882352941124e-01,0.000000000000000000e+00,4.245404045098147172e+00,1.591861820220947266e+01,6.795201676186234607e+00,channels
5.921568627450980449e-01,0.000000000000000000e+00,0.000000000000000000e+00,4.927934799340430061e+01,2.166299438476562500e+01,1.323294401267167020e+00,channels
7.568627450980391913e-01,0.000000000000000000e+00,0.000000000000000000e+00,8.637445863290682269e+01,3.779561614990234375e+01,1.845163972967019284e+00,channels
4.509803921568627527e-01,0.000000000000000000e+00,0.000000000000000000e+00,2.674113269570210960e+01,1.182640743255615234e+01,9.540029501302197401e-01,channels
0.000000000000000000e+00,0.000000000000000000e+00,8.235294117647058432e-01,2.146039865285111503e+01,1.825197601318359375e+01,1.235946364582919728e+02,channels
0.000000000000000000e+00,0.000000000000000000e+00,7.882352941176470340e-01,1.904928476044789676e+01,1.611944770812988281e+01,1.099352230493835947e+02,channels
0.000000000000000000e+00,0.000000000000000000e+00,4.274509803921568429e-01,4.877430169536203231e+00,4.060205459594726562e+00,2.698787473976127416e+01,channels
0.000000000000000000e+00,0.000000000000000000e+00,1.372549019607843257e-01,6.814089917807480967e-01,6.257073879241943359e-01,2.397190223399103370e+00,channels
0.000000000000000000e+00,0.000000000000000000e+00,3.529411764705882026e-01,3.242978343270288111e+00,2.708627223968505859e+00,1.725029446412290568e+01,channels
0.000000000000000000e+00,5.058823529411764497e-01,0.000000000000000000e+00,8.018283385746057590e+00,3.061013984680175781e+01,1.266688995773878190e+01,channels
1.254901960784313708e-01,0.000000000000000000e+00,0.000000000000000000e+00,1.778989058501196707e+00,9.676446914672851562e-01,4.949563407525612857e-01,channels
0.000000000000000000e+00,0.000000000000000000e+00,8.509803921568627194e-01,2.341334406653480826e+01,2.003386688232421875e+01,1.352706488661302160e+02,channels
0.000000000000000000e+00,7.411764705882353255e-01,0.000000000000000000e+00,1.815417122510620374e+01,7.065423583984375000e+01,2.757099732507896306e+01,channels
0.000000000000000000e+00,0.000000000000000000e+00,4.980392156862745168e-01,6.774081577193492798e+00,5.634295940399169922e+00,3.801649714576525696e+01,channels
0.000000000000000000e+00,4.705882352941176405e-01,0.000000000000000000e+00,6.775333471204396218e+00,2.587954139709472656e+01,1.080894529446797669e+01,channels
0.000000000000000000e+00,0.000000000000000000e+00,4.039215686274509887e-01,4.361252384740308408e+00,3.621917009353637695e+00,2.390898056214111023e+01,channels
3.882352941176470673e-01,0.000000000000000000e+00,0.000000000000000000e+00,1.928713081171767740e+01,8.577973365783691406e+00,8.089914990444097009e-01,channels
0.000000000000000000e+00,0.000000000000000000e+00,9.176470588235293713e-01,2.934846709620430261e+01,2.557913208007812500e+01,1.694187589862298466e+02,channels
0.000000000000000000e+00,4.196078431372549100e-01,0.000000000000000000e+00,5.370313882988565268e+00,2.027727508544921875e+01,8.578540204540296088e+00,channels
2.588235294117646745e-01,0.000000000000000000e+00,0.000000000000000000e+00,8.056030931170026221e+00,3.722795009613037109e+00,6.502531615423938760e-01,channels
0.000000000000000000e+00,2.862745098039215508e-01,0.000000000000000000e+00,2.550800911431563289e+00,9.094696998596191406e+00,4.099841987798217069e+00,channels
0.000000000000000000e+00,1.450980392156862586e-01,0.000000000000000000e+00,7.396946343854945427e-01,2.013302087783813477e+00,1.189223825119277711e+00,channels
0.000000000000000000e+00,0.000000000000000000e+00,2.431372549019607809e-01,1.721444429761334272e+00,1.464885115623474121e+00,8.231569629319423598e+00,channels
0.000000000000000000e+00,9.529411764705881804e-01,0.000000000000000000e+00,3.359093841628212829e+01,1.292420501708984375e+02,4.508599487823396856e+01,channels
0.000000000000000000e+00,9.725490196078431238e-01,0.000000000000000000e+00,3.431564986267856909e+01,1.319790649414062500e+02,4.549930839621605827e+01,channels
0.000000000000000000e+00,0.000000000000000000e+00,7.215686274509803821e-01,1.517942534506686769e+01,1.277534580230712891e+01,8.756914962619282505e+01,channels
5.176470588235293491e-01,0.000000000000000000e+00,0.000000000000000000e+00,3.594928011436207527e+01,1.585767364501953125e+01,1.153006221201890558e+00,channels
0.000000000000000000e+00,0.000000000000000000e+00,5.490196078431372473e-02,4.178487257399263743e-01,3.927129507064819336e-01,7.340103682068662705e-01,channels
7.098039215686274828e-01,0.000000000000000000e+00,0.000000000000000000e+00,7.403057041530281879e+01,3.241810989379882812e+01,1.720481317973384661e+00,channels
4.117647058823529216e-01,0.000000000000000000e+00,0.000000000000000000e+00,2.192050904771508257e+01,9.729623794555664062e+00,8.776543979915276683e-01,channels
0.000000000000000000e+00,0.000000000000000000e+00,7.960784313725489669e-01,1.976535569105325862e+01,1.675062751770019531e+01,1.136563778318046189e+02,channels
0.000000000000000000e+00,1.098039215686274495e-01,0.000000000000000000e+00,6.908251637467041073e-01,1.401139974594116211e+00,9.609029805161164450e-01,channels
7.607843137254901578e-01,0.000000000000000000e+00,0.000000000000000000e+00,8.703068278936237334e+01,3.803731536865234375e+01,1.786069729040766552e+00,channels
1.490196078431372528e-01,0.000000000000000000e+00,0.000000000000000000e+00,2.505671722923444200e+00,1.284132480621337891e+00,5.078143311271379190e-01,channels
1.882352941176470562e-01,0.000000000000000000e+00,0.000000000000000000e+00,4.056030875025530946e+00,2.004613637924194336e+00,6.214026726821340052e-01,channels
3.254901960784313819e-01,0.000000000000000000e+00,0.000000000000000000e+00,1.319609741067347208e+01,5.940500736236572266e+00,7.361406363602966962e-01,channels
0.000000000000000000e+00,0.000000000000000000e+00,4.666666666666666741e-01,5.815133663676459008e+00,4.807772159576416016e+00,3.263278143451455549e+01,channels
0.000000000000000000e+00,9.254901960784314152e-01,0.000000000000000000e+00,3.134334927797146264e+01,1.211843032836914062e+02,4.328570974716694764e+01,channels
0.000000000000000000e+00,0.000000000000000000e+00,9.411764705882352811e-01,3.203644953459855316e+01,2.824347686767578125e+01,1.845384636421779021e+02,channels
6.352941176470587870e-01,0.000000000000000000e+00,0.000000000000000000e+00,5.769535906530845892e+01,2.531351661682128906e+01,1.493076940385448026e+00,channels
0.000000000000000000e+00,0.000000000000000000e+00,5.568627450980392357e-01,8.594363187434456819e+00,7.132914543151855469e+00,4.876519783860804580e+01,channels
8.156862745098039102e-01,0.000000000000000000e+00,0.000000000000000000e+00,1.039819848229384434e+02,4.543936920166015625e+01,2.044061626258473208e+00,channels
0.000000000000000000e+00,0.000000000000000000e+00,6.823529411764706065e-01,1.340702519422180217e+01,1.121981811523437500e+01,7.696353757828367748e+01,channels
6.274509803921568540e-01,0.000000000000000000e+00,0.000000000000000000e+00,5.625432286176107510e+01,2.466267967224121094e+01,1.425530304564726958e+00,channels
0.000000000000000000e+00,0.000000000000000000e+00,3.686274509803921795e-01,3.599283818824920989e+00,2.990157604217529297e+00,1.940695163165105441e+01,channels
6.705882352941175961e-01,0.000000000000000000e+00,0.000000000000000000e+00,6.514015611860943977e+01,2.852690887451171875e+01,1.570199715558764586e+00,channels
0.000000000000000000e+00,5.215686274509804266e-01,0.000000000000000000e+00,8.568130683955336835e+00,3.276562881469726562e+01,1.349999165095727882e+01,channels
0.000000000000000000e+00,3.529411764705882304e-02,0.000000000000000000e+00,3.868251685910358839e-01,4.557292759418487549e-01,5.277525742175784851e-01,channels
0.000000000000000000e+00,4.862745098039215619e-01,0.000000000000000000e+00,7.297325526257111505e+00,2.786126327514648438e+01,1.160402239292495885e+01,channels
9.568627450980391469e-01,0.000000000000000000e+00,0.000000000000000000e+00,1.554043702821251998e+02,6.768542480468750000e+01,2.208918213855238122e+00,channels
4.862745098039215619e-01,0.000000000000000000e+00,0.000000000000000000e+00,3.166308576526605378e+01,1.399400806427001953e+01,1.068838102360595066e+00,channels
0.000000000000000000e+00,8.235294117647058709e-02,0.000000000000000000e+00,4.953180185748141118e-01,8.506294488906860352e-01,6.705592333258383331e-01,channels
5.568627450980392357e-01,0.000000000000000000e+00,0.000000000000000000e+00,4.280165280342079370e+01,1.884546661376953125e+01,1.288339058474161414e+00,channels
9.764705882352940902e-01,0.000000000000000000e+00,0.000000000000000000e+00,1.616627498811509724e+02,7.038322448730468750e+01,2.180186507756225911e+00,channels
0.000000000000000000e+00,0.000000000000000000e+00,3.529411764705882304e-02,4.358957247563857162e-01,4.224929213523864746e-01,6.056454426820727655e-01,channels
0.000000000000000000e+00,0.000000000000000000e+00,8.352941176470588536e-01,2.228469867824486528e+01,1.899371528625488281e+01,1.284583985398488721e+02,channels
0.000000000000000000e+00,0.000000000000000000e+00,2.392156862745097867e-01,1.513277051614235980e+00,1.307215809822082520e+00,7.436999573400381536e+00,channels
0.000000000000000000e+00,6.235294117647058876e-01,0.000000000000000000e+00,1.245331932402731034e+01,4.816440582275390625e+01,1.939116225823315531e+01,channels
0.000000000000000000e+00,9.215686274509803377e-01,0.000000000000000000e+00,3.102205594315899617e+01,1.200020599365234375e+02,4.300853861419199120e+01,channels
7.058823529411764608e-02,0.000000000000000000e+00,0.000000000000000000e+00,6.858888812265101498e-01,5.112946033477783203e-01,5.063166232088666119e-01,channels
7.960784313725489669e-01,0.000000000000000000e+00,0.000000000000000000e+00,9.754436549393622613e+01,4.260707473754882812e+01,1.943633499303270895e+00,channels
0.000000000000000000e+00,0.000000000000000000e+00,9.019607843137255054e-01,2.780077593717668094e+01,2.407846450805664062e+01,1.605432995189426606e+02,channels
6.901960784313725394e-01,0.000000000000000000e+00,0.000000000000000000e+00,6.938908308971868166e+01,3.041245651245117188e+01,1.649825767919318675e+00,channels
0.000000000000000000e+00,2.431372549019607809e-01,0.000000000000000000e+00,1.894903406862651574e+00,6.413573741912841797e+00,3.005255386091685743e+00,channels
0.000000000000000000e+00,2.313725490196078538e-01,0.000000000000000000e+00,1.696457407171060527e+00,5.710472106933593750e+00,2.693741486027658283e+00,channels
0.000000000000000000e+00,0.000000000000000000e+00,2.117647058823529382e-01,1.258483413023240072e+00,1.088007450103759766e+00,5.855305726545052991e+00,channels
0.000000000000000000e+00,9.137254901960784048e-01,0.000000000000000000e+00,3.036742395992603960e+01,1.175817871093750000e+02,4.238774514305444541e+01,channels
7.058823529411764053e-01,0.000000000000000000e+00,0.000000000000000000e+00,7.195874188855538023e+01,3.153488731384277344e+01,1.669408030795929587e+00,channels
6.274509803921568540e-02,0.000000000000000000e+00,0.000000000000000000e+00,6.092987702211337675e-01,4.704088270664215088e-01,4.909615125071272734e-01,channels
0.000000000000000000e+00,3.843137254901960453e-01,0.000000000000000000e+00,4.376456975724132725e+00,1.632906913757324219e+01,7.005871722764989151e+00,channels
0.000000000000000000e+00,9.921568627450980671e-01,0.000000000000000000e+00,3.536955231065270766e+01,1.356285400390625000e+02,4.600931012962899302e+01,channels
0.000000000000000000e+00,0.000000000000000000e+00,3.333333333333333148e-01,2.983182752221361866e+00,2.506925821304321289e+00,1.579614986208556893e+01,channels
0.000000000000000000e+00,0.000000000000000000e+00,1.529411764705882470e-01,7.671371714031937072e-01,6.958817243576049805e-01,2.908239090355025258e+00,channels
5.019607843137254832e-01,0.000000000000000000e+00,0.000000000000000000e+00,3.426659543327023272e+01,1.512391662597656250e+01,1.142288019140246469e+00,channels
0.000000000000000000e+00,4.509803921568627527e-01,0.000000000000000000e+00,6.237011505836029812e+00,2.366164779663085938e+01,9.929974760649669108e+00,channels
0.000000000000000000e+00,0.000000000000000000e+00,2.274509803921568596e-01,1.422334084959965939e+00,1.224450349807739258e+00,6.935831935317808394e+00,channels
0.000000000000000000e+00,8.431372549019607865e-01,0.000000000000000000e+00,2.498608203677188655e+01,9.694168090820312500e+01,3.635263740116845810e+01,channels
0.000000000000000000e+00,5.843137254901961120e-01,0.000000000000000000e+00,1.080501720260977727e+01,4.173646926879882812e+01,1.694883837832150064e+01,channels
0.000000000000000000e+00,8.274509803921568096e-01,0.000000000000000000e+00,2.381416387475249863e+01,9.263800811767578125e+01,3.499969779821215354e+01,channels
0.000000000000000000e+00,9.607843137254902244e-01,0.000000000000000000e+00,3.389689814605736018e+01,1.305964660644531250e+02,4.525709532116879075e+01,channels
9.960784313725490335e-01,0.000000000000000000e+00,0.000000000000000000e+00,1.635937057965145414e+02,7.126280975341796875e+01,2.238802756152648676e+00,channels
5.999999999999999778e-01,0.000000000000000000e+00,0.000000000000000000e+00,5.065574309321782920e+01,2.227575874328613281e+01,1.369296887922689443e+00,channels
0.000000000000000000e+00,7.568627450980391913e-01,0.000000000000000000e+00,1.914039613512284888e+01,7.439078521728515625e+01,2.889094049194220659e+01,channels
9.529411764705881804e-01,0.000000000000000000e+00,0.000000000000000000e+00,1.554428551971226682e+02,6.773839569091796875e+01,2.233250268623665935e+00,channels
9.725490196078431238e-01,0.000000000000000000e+00,0.000000000000000000e+00,1.604987064895658477e+02,6.988103485107421875e+01,2.210122867941636038e+00,channels
0.000000000000000000e+00,6.431372549019607199e-01,0.000000000000000000e+00,1.317084141555334398e+01,5.096800231933593750e+01,2.041332397065718851e+01,channels
1.098039215686274495e-01,0.000000000000000000e+00,0.000000000000000000e+00,1.395626641957361525e+00,8.075885772705078125e-01,4.827046770866616487e-01,channels
9.058823529411764719e-01,0.000000000000000000e+00,0.000000000000000000e+00,1.361398877167326020e+02,5.937077331542968750e+01,2.205394802863049897e+00,channels
0.000000000000000000e+00,5.843137254901961120e-01,0.000000000000000000e+00,1.079699090127044059e+01,4.176654052734375000e+01,1.691051434044418045e+01,channels
0.000000000000000000e+00,4.117647058823529216e-01,0.000000000000000000e+00,5.139914841306450377e+00,1.939091110229492188e+01,8.212064786448467046e+00,channels
0.000000000000000000e+00,0.000000000000000000e+00,7.843137254901960675e-02,4.864893419714185208e-01,4.679025113582611084e-01,1.073498380845344213e+00,channels
0.000000000000000000e+00,0.000000000000000000e+00,6.156862745098039547e-01,1.068632859779167887e+01,8.911944389343261719e+00,6.103581159519971067e+01,channels
0.000000000000000000e+00,0.000000000000000000e+00,4.549019607843137192e-01,5.479272249737018541e+00,4.549560546875000000e+00,3.063938339122889687e+01,channels
0.000000000000000000e+00,3.568627450980392246e-01,0.000000000000000000e+00,3.872456273216976275e+00,1.430403709411621094e+01,6.226497891975348864e+00,channels
7.450980392156862642e-02,0.000000000000000000e+00,0.000000000000000000e+00,7.407772727701822379e-01,5.406236648559570312e-01,4.776407797268308886e-01,channels
0.000000000000000000e+00,2.235294117647058654e-01,0.000000000000000000e+00,1.523371112306534103e+00,5.071693897247314453e+00,2.462648559478229249e+00,channels
0.000000000000000000e+00,2.352941176470588203e-02,0.000000000000000000e+00,3.649027500902300436e-01,3.901602029800415039e-01,5.496274471495353753e-01,channels
0.000000000000000000e+00,0.000000000000000000e+00,3.921568627450980338e-02,3.504394231316571018e-01,3.530433475971221924e-01,5.834802495476063555e-01,channels
5.058823529411764497e-01,0.000000000000000000e+00,0.000000000000000000e+00,3.482723677587566158e+01,1.538168430328369141e+01,1.129765516468019371e+00,channels
0.000000000000000000e+00,0.000000000000000000e+00,8.588235294117646523e-01,2.405454162226927295e+01,2.059872055053710938e+01,1.387607732082102530e+02,channels
8.901960784313724950e-01,0.000000000000000000e+00,0.000000000000000000e+00,1.301518683690482874e+02,5.676217269897460938e+01,2.195579857346298791e+00,channels
2.392156862745097867e-01,0.000000000000000000e+00,0.000000000000000000e+00,6.704018281118972133e+00,3.149938821792602539e+00,6.377579246497425691e-01,channels
0.000000000000000000e+00,0.000000000000000000e+00,6.078431372549019107e-01,1.040355531270186518e+01,8.651169776916503906e+00,5.943269302565671808e+01,channels
0.000000000000000000e+00,5.764705882352940680e-01,0.000000000000000000e+00,1.050276972381971063e+01,4.056048583984375000e+01,1.651731691454365958e+01,channels
0.000000000000000000e+00,2.352941176470588203e-02,0.000000000000000000e+00,3.497542773747300271e-01,3.762887418270111084e-01,4.812080667228650355e-01,channels
0.000000000000000000e+00,0.000000000000000000e+00,1.843137254901960898e-01,9.711269918234589626e-01,8.585870862007141113e-01,4.332271435769036394e+00,channels
4.901960784313725283e-01,0.000000000000000000e+00,0.000000000000000000e+00,3.219877881179468204e+01,1.425057983398437500e+01,1.139729376049201548e+00,channels
0.000000000000000000e+00,0.000000000000000000e+00,3.450980392156862697e-01,3.165000414643815763e+00,2.616946220397949219e+00,1.703983983151291071e+01,channels
0.000000000000000000e+00,0.000000000000000000e+00,4.784313725490195734e-01,6.028427371857878470e+00,4.994899272918701172e+00,3.361751299216187050e+01,channels
9.843137254901960231e-01,0.000000000000000000e+00,0.000000000000000000e+00,1.625861074087270026e+02,7.080332183837890625e+01,2.238499706037384129e+00,channels
0.000000000000000000e+00,0.000000000000000000e+00,9.098039215686274384e-01,2.857159203507118406e+01,2.481880950927734375e+01,1.644900573807317699e+02,channels
0.000000000000000000e+00,0.000000000000000000e+00,4.352941176470588314e-01,5.043347327841236627e+00,4.186230182647705078e+00,2.789762763183492922e+01,channels
0.000000000000000000e+00,0.000000000000000000e+00,8.588235294117646523e-01,2.403569102025592130e+01,2.060860061645507812e+01,1.386458351901588344e+02,channels
0.000000000000000000e+00,9.490196078431372140e-01,0.000000000000000000e+00,3.322168291891544101e+01,1.281920776367187500e+02,4.479590403126787379e+01,channels
0.000000000000000000e+00,0.000000000000000000e+00,0.000000000000000000e+00,2.931886014715117672e-01,3.324786424636840820e-01,4.647159074400771250e-01,channels
0.000000000000000000e+00,0.000000000000000000e+00,0.000000000000000000e+00,3.669339810117459577e-01,3.796874284744262695e-01,5.194013577048656183e-01,channels
0.000000000000000000e+00,7.843137254901960675e-02,0.000000000000000000e+00,4.665534488551558723e-01,7.875661849975585938e-01,6.580522571147868760e-01,channels
0.000000000000000000e+00,3.490196078431372362e-01,0.000000000000000000e+00,3.742230289266156085e+00,1.367390346527099609e+01,5.953370335507496947e+00,channels
0.000000000000000000e+00,0.000000000000000000e+00,3.411764705882353033e-01,3.059105158693433246e+00,2.552064418792724609e+00,1.653132700222461793e+01,channels
0.000000000000000000e+00,9.725490196078431238e-01,0.000000000000000000e+00,3.426499881249534951e+01,1.319018707275390625e+02,4.548505566898293040e+01,channels
5.294117647058823595e-01,0.000000000000000000e+00,0.000000000000000000e+00,3.860331260449025592e+01,1.700926399230957031e+01,1.178490009513782244e+00,channels
0.000000000000000000e+00,0.000000000000000000e+00,6.235294117647058876e-01,1.093354168998879494e+01,9.119201660156250000e+00,6.257698891505029337e+01,channels
0.000000000000000000e+00,4.235294117647058765e-01,0.000000000000000000e+00,5.480849910324698371e+00,2.068700981140136719e+01,8.764549919071539463e+00,channels
4.156862745098038880e-01,0.000000000000000000e+00,0.000000000000000000e+00,2.197418232088208256e+01,9.782964706420898438e+00,8.756793498471299175e-01,channels
0.000000000000000000e+00,0.000000000000000000e+00,3.372549019607843368e-01,3.019700020302689136e+00,2.518783092498779297e+00,1.620895112164511076e+01,channels
0.000000000000000000e+00,0.000000000000000000e+00,6.196078431372549211e-01,1.083828191008195674e+01,9.031949043273925781e+00,6.178153506540752460e+01,channels
0.000000000000000000e+00,7.960784313725489669e-01,0.000000000000000000e+00,2.161133160854117463e+01,8.419850158691406250e+01,3.223997243666889290e+01,channels
0.000000000000000000e+00,0.000000000000000000e+00,4.823529411764705954e-01,6.281861417331520592e+00,5.226246833801269531e+00,3.509999140769927095e+01,channels
0.000000000000000000e+00,0.000000000000000000e+00,7.960784313725489669e-01,1.967857691470685566e+01,1.669027519226074219e+01,1.135895412871082755e+02,channels
0.000000000000000000e+00,2.980392156862745057e-01,0.000000000000000000e+00,2.772214089309076535e+00,9.914135932922363281e+00,4.438777207807677705e+00,channels
0.000000000000000000e+00,0.000000000000000000e+00,1.960784313725490169e-01,1.106051315930233869e+00,9.687834978103637695e-01,4.872955312299450448e+00,channels
0.000000000000000000e+00,1.921568627450980227e-01,0.000000000000000000e+00,1.168588618399708068e+00,3.628655433654785156e+00,1.859650219223517142e+00,channels
0.000000000000000000e+00,0.000000000000000000e+00,9.647058823529411908e-01,3.495384747008390036e+01,3.126428222656250000e+01,2.010557607897575565e+02,channels
5.882352941176470784e-01,0.000000000000000000e+00,0.000000000000000000e+00,4.855070489639250297e+01,2.134636497497558594e+01,1.357609907672963523e+00,channels
0.000000000000000000e+00,3.607843137254901911e-01,0.000000000000000000e+00,3.896052512796131850e+00,1.456292533874511719e+01,6.300912004219738627e+00,channels
0.000000000000000000e+00,4.784313725490195734e-01,0.000000000000000000e+00,6.890520004615597216e+00,2.632772064208984375e+01,1.099478061109779858e+01,channels
0.000000000000000000e+00,3.529411764705882026e-01,0.000000000000000000e+00,3.683607709287256782e+00,1.360478210449218750e+01,5.925167654861708932e+00,channels
3.921568627450980338e-02,0.000000000000000000e+00,0.000000000000000000e+00,4.591993487322018619e-01,4.219433367252349854e-01,5.057601878312163457e-01,channels
0.000000000000000000e+00,0.000000000000000000e+00,1.960784313725490169e-02,3.518081776444174635e-01,3.671022653579711914e-01,5.036733231713105274e-01,channels
0.000000000000000000e+00,3.254901960784313819e-01,0.000000000000000000e+00,3.226675353107032684e+00,1.178653812408447266e+01,5.154865940526128121e+00,channels
0.000000000000000000e+00,3.607843137254901911e-01,0.000000000000000000e+00,3.956410609748882923e+00,1.460670757293701172e+01,6.336625199258826058e+00,channels
0.000000000000000000e+00,0.000000000000000000e+00,3.019607843137254721e-01,2.485332569916510526e+00,2.074596166610717773e+00,1.304111531248254430e+01,channels
1.960784313725490169e-02,0.000000000000000000e+00,0.000000000000000000e+00,3.439826268827453348e-01,3.293895721435546875e-01,4.400595241389646528e-01,channels
0.000000000000000000e+00,0.000000000000000000e+00,2.745098039215686236e-02,3.727910646417522678e-01,3.700320422649383545e-01,5.704250486969826284e-01,channels
0.000000000000000000e+00,0.000000000000000000e+00,9.529411764705881804e-01,3.329040260319920463e+01,2.949705505371093750e+01,1.920142046757772789e+02,channels
0.000000000000000000e+00,1.372549019607843257e-01,0.000000000000000000e+00,7.643783989458590167e-01,1.964263200759887695e+00,1.170179130959018154e+00,channels
0.000000000000000000e+00,3.882352941176470673e-01,0.000000000000000000e+00,4.577222457444279691e+00,1.705849647521972656e+01,7.326383140112117331e+00,channels
7.490196078431372584e-01,0.000000000000000000e+00,0.000000000000000000e+00,8.416892390854877704e+01,3.683552551269531250e+01,1.861627419661808114e+00,channels
5.568627450980392357e-01,0.000000000000000000e+00,0.000000000000000000e+00,4.268230467787296334e+01,1.876558876037597656e+01,1.241622803992140422e+00,channels
0.000000000000000000e+00,6.156862745098039547e-01,0.000000000000000000e+00,1.208530532834510041e+01,4.681731414794921875e+01,1.887717869895100975e+01,channels
0.000000000000000000e+00,7.843137254901960675e-02,0.000000000000000000e+00,4.212413936675749038e-01,7.551099658012390137e-01,6.354941449210558257e-01,channels
0.000000000000000000e+00,0.000000000000000000e+00,4.862745098039215619e-01,6.399508011950254094e+00,5.306444644927978516e+00,3.589637887297936913e+01,channels
0.000000000000000000e+00,0.000000000000000000e+00,8.705882352941176627e-01,2.487605425453964259e+01,2.137789916992187500e+01,1.435823062688357084e+02,channels
0.000000000000000000e+00,0.000000000000000000e+00,9.411764705882352811e-02,5.475506114574124616e-01,5.155966877937316895e-01,1.379009010545802605e+00,channels
0.000000000000000000e+00,8.235294117647058709e-02,0.000000000000000000e+00,4.391914356227099026e-01,8.274922966957092285e-01,6.664298940481991895e-01,channels
0.000000000000000000e+00,2.823529411764705843e-01,0.000000000000000000e+00,2.451080506189417196e+00,8.793148040771484375e+00,3.960466706304601292e+00,channels
0.000000000000000000e+00,7.529411764705882248e-01,0.000000000000000000e+00,1.884123063257024810e+01,7.338554382324218750e+01,2.850713008615424116e+01,channels
0.000000000000000000e+00,0.000000000000000000e+00,5.843137254901961120e-01,9.532584396678974059e+00,7.949342250823974609e+00,5.428987921271424710e+01,channels
0.000000000000000000e+00,7.843137254901960675e-03,0.000000000000000000e+00,3.479832036855601274e-01,3.703684806823730469e-01,4.809943815080162111e-01,channels
3.372549019607843368e-01,0.000000000000000000e+00,0.000000000000000000e+00,1.432304765194695584e+01,6.444805145263671875e+00,7.785940858785651564e-01,channels
2.980392156862745057e-01,0.000000000000000000e+00,0.000000000000000000e+00,1.104696380914296405e+01,5.020300388336181641e+00,7.198274667011475003e-01,channels
0.000000000000000000e+00,0.000000000000000000e+00,8.431372549019607865e-01,2.285066354713787362e+01,1.951000976562500000e+01,1.318848916448493469e+02,channels
0.000000000000000000e+00,3.764705882352941124e-01,0.000000000000000000e+00,4.298376355983949182e+00,1.596804046630859375e+01,6.877072526923541318e+00,channels
0.000000000000000000e+00,0.000000000000000000e+00,5.176470588235293491e-01,7.225195149497995573e+00,6.001340866088867188e+00,4.069582758462708938e+01,channels
0.000000000000000000e+00,2.509803921568627416e-01,0.000000000000000000e+00,1.987932503840097231e+00,6.932095050811767578e+00,3.212269596417179240e+00,channels
0.000000000000000000e+00,3.333333333333333148e-01,0.000000000000000000e+00,3.361462315963890113e+00,1.234991359710693359e+01,5.386176961357310056e+00,channels
0.000000000000000000e+00,8.941176470588234615e-01,0.000000000000000000e+00,2.846030557482213297e+01,1.104050064086914062e+02,4.041178544218008994e+01,channels
8.862745098039215286e-01,0.000000000000000000e+00,0.000000000000000000e+00,1.284288149721116383e+02,5.603059768676757812e+01,2.157777276105150577e+00,channels
0.000000000000000000e+00,1.176470588235294101e-01,0.000000000000000000e+00,6.455473267437562557e-01,1.478228330612182617e+00,9.432303675681203980e-01,channels
0.000000000000000000e+00,0.000000000000000000e+00,5.999999999999999778e-01,1.005341466624584257e+01,8.363512992858886719e+00,5.752995689487875097e+01,channels
7.882352941176470340e-01,0.000000000000000000e+00,0.000000000000000000e+00,9.487157693206772535e+01,4.146221160888671875e+01,1.904778844090437628e+00,channels
3.529411764705882026e-01,0.000000000000000000e+00,0.000000000000000000e+00,1.524840309695605001e+01,6.836325168609619141e+00,7.708251876564650162e-01,channels
0.000000000000000000e+00,0.000000000000000000e+00,9.568627450980391469e-01,3.332940574169781200e+01,2.955567359924316406e+01,1.918979354388547449e+02,channels
0.000000000000000000e+00,0.000000000000000000e+00,2.862745098039215508e-01,2.209055939470811580e+00,1.851195096969604492e+00,1.149915163196966361e+01,channels
0.000000000000000000e+00,0.000000000000000000e+00,8.470588235294117530e-01,2.314784633921271251e+01,1.979481124877929688e+01,1.336089480539198746e+02,channels
8.235294117647058709e-02,0.000000000000000000e+00,0.000000000000000000e+00,8.756514315144562355e-01,6.054065227508544922e-01,5.469371439818883074e-01,channels
0.000000000000000000e+00,0.000000000000000000e+00,5.725490196078431016e-01,9.067437021101893535e+00,7.548634529113769531e+00,5.173536131536572924e+01,channels
0.000000000000000000e+00,7.490196078431372584e-01,0.000000000000000000e+00,1.862081359558325744e+01,7.230001831054687500e+01,2.811031999134823067e+01,channels
0.000000000000000000e+00,6.941176470588235059e-01,0.000000000000000000e+00,1.566770374496718965e+01,6.095128250122070312e+01,2.407654569059976168e+01,channels
9.764705882352940902e-01,0.000000000000000000e+00,0.000000000000000000e+00,1.616423551017714146e+02,7.039746093750000000e+01,2.220966650547621324e+00,channels
0.000000000000000000e+00,0.000000000000000000e+00,5.215686274509804266e-01,7.405659578331095005e+00,6.136912822723388672e+00,4.194886915737394872e+01,channels
0.000000000000000000e+00,0.000000000000000000e+00,3.529411764705882304e-02,3.629754933278462881e-01,3.789632022380828857e-01,5.697470707826988168e-01,channels
0.000000000000000000e+00,0.000000000000000000e+00,3.137254901960784270e-02,4.172583433371885309e-01,4.104255139827728271e-01,6.062142748197405506e-01,channels
0.000000000000000000e+00,3.529411764705882304e-02,0.000000000000000000e+00,3.405410504471443334e-01,3.962704241275787354e-01,4.782697518097149825e-01,channels
0.000000000000000000e+00,0.000000000000000000e+00,2.392156862745097867e-01,1.546840225718788542e+00,1.301225543022155762e+00,7.440064618613071445e+00,channels
0.000000000000000000e+00,0.000000000000000000e+00,3.529411764705882304e-02,3.440550836636870891e-01,3.534157872200012207e-01,5.773248405479253220e-01,channels
0.000000000000000000e+00,0.000000000000000000e+00,6.549019607843137303e-01,1.222746504639171405e+01,1.020105171203613281e+01,7.005989967797395934e+01,channels
0.000000000000000000e+00,0.000000000000000000e+00,2.666666666666666630e-01,1.965375827400139830e+00,1.652383446693420410e+00,9.946440251897687546e+00,channels
0.000000000000000000e+00,0.000000000000000000e+00,8.549019607843136859e-01,2.363911318830298214e+01,2.023930931091308594e+01,1.365512154816876205e+02,channels
0.000000000000000000e+00,5.568627450980392357e-01,0.000000000000000000e+00,9.754246414159759127e+00,3.760954666137695312e+01,1.534543243830479753e+01,channels
0.000000000000000000e+00,0.000000000000000000e+00,8.274509803921568096e-01,2.176907937701281170e+01,1.854453086853027344e+01,1.254221435487096556e+02,channels
5.725490196078431016e-01,0.000000000000000000e+00,0.000000000000000000e+00,4.571939057466594392e+01,2.012985229492187500e+01,1.389055955434320033e+00,channels
0.000000000000000000e+00,8.627450980392157298e-01,0.000000000000000000e+00,2.633739566545732202e+01,1.022872848510742188e+02,3.802522226188958854e+01,channels
0.000000000000000000e+00,0.000000000000000000e+00,1.960784313725490169e-02,3.828582028416865346e-01,3.936297297477722168e-01,5.267791991333503621e-01,channels
0.000000000000000000e+00,0.000000000000000000e+00,4.980392156862745168e-01,6.724897934977410507e+00,5.580098152160644531e+00,3.793988896116847087e+01,channels
2.862745098039215508e-01,0.000000000000000000e+00,0.000000000000000000e+00,1.011923936580802952e+01,4.590633392333984375e+00,6.521242643235316550e-01,channels
9.215686274509803377e-01,0.000000000000000000e+00,0.000000000000000000e+00,1.431991414519761463e+02,6.242156219482421875e+01,2.207581923694484693e+00,channels
0.000000000000000000e+00,0.000000000000000000e+00,4.588235294117646856e-01,5.766011396788909948e+00,4.791570663452148438e+00,3.172526197133515424e+01,channels
0.000000000000000000e+00,1.333333333333333315e-01,0.000000000000000000e+00,7.800255907476097983e-01,1.896462321281433105e+00,1.165276915734033691e+00,channels
1.098039215686274495e-01,0.000000000000000000e+00,0.000000000000000000e+00,1.448001912262348423e+00,8.373398780822753906e-01,5.345866326713770711e-01,channels
0.000000000000000000e+00,4.156862745098038880e-01,0.000000000000000000e+00,5.097221838786122561e+00,1.935869789123535156e+01,8.205450348775695346e+00,channels
8.117647058823529438e-01,0.000000000000000000e+00,0.000000000000000000e+00,1.026496426711950960e+02,4.486641693115234375e+01,2.012870382815548087e+00,channels
0.000000000000000000e+00,0.000000000000000000e+00,4.117647058823529216e-01,4.525251986355532274e+00,3.740886688232421875e+00,2.480689362668747222e+01,channels
0.000000000000000000e+00,0.000000000000000000e+00,3.058823529411764941e-01,2.561904380622371136e+00,2.149580717086791992e+00,1.326158356662519111e+01,channels
1.960784313725490169e-01,0.000000000000000000e+00,0.000000000000000000e+00,4.419702416441138482e+00,2.123127698898315430e+00,5.787900554226574901e-01,channels
5.450980392156862253e-01,0.000000000000000000e+00,0.000000000000000000e+00,4.110640337689482493e+01,1.810541725158691406e+01,1.245385474868232256e+00,channels
0.000000000000000000e+00,0.000000000000000000e+00,4.705882352941176405e-01,5.907988447136905741e+00,4.895877838134765625e+00,3.321398619842327093e+01,channels
7.843137254901960675e-02,0.000000000000000000e+00,0.000000000000000000e+00,8.363802689502366494e-01,5.811872482299804688e-01,5.197093767884520821e-01,channels
0.000000000000000000e+00,0.000000000000000000e+00,1.176470588235294101e-01,6.076288884147540426e-01,5.719109773635864258e-01,1.850357841622005228e+00,channels
1.490196078431372528e-01,0.000000000000000000e+00,0.000000000000000000e+00,2.507765178708259768e+00,1.301376938819885254e+00,5.093538218935932393e-01,channels
9.098039215686274384e-01,0.000000000000000000e+00,0.000000000000000000e+00,1.388080287664792252e+02,6.051992034912109375e+01,2.194266034314401370e+00,channels
0.000000000000000000e+00,9.764705882352940902e-01,0.000000000000000000e+00,3.448623667770826984e+01,1.326066589355468750e+02,4.561977660975267668e+01,channels
0.000000000000000000e+00,5.294117647058823595e-01,0.000000000000000000e+00,8.823331532635130259e+00,3.372922515869140625e+01,1.387831848398455747e+01,channels
0.000000000000000000e+00,0.000000000000000000e+00,7.058823529411764608e-02,4.167562619892851150e-01,4.076490998268127441e-01,9.785023970316172326e-01,channels
5.803921568627450345e-01,0.000000000000000000e+00,0.000000000000000000e+00,4.632091100957170937e+01,2.036281585693359375e+01,1.265839532336157980e+00,channels
1.294117647058823373e-01,0.000000000000000000e+00,0.000000000000000000e+00,1.818790513741439518e+00,9.865517616271972656e-01,5.280975298080294866e-01,channels
0.000000000000000000e+00,5.529411764705882693e-01,0.000000000000000000e+00,9.603953497863653155e+00,3.702258682250976562e+01,1.514826173272676435e+01,channels
0.000000000000000000e+00,0.000000000000000000e+00,1.333333333333333315e-01,6.752181553121028301e-01,6.143791675567626953e-01,2.245726038629956900e+00,channels
0.000000000000000000e+00,9.372549019607843146e-01,0.000000000000000000e+00,3.229206489161806104e+01,1.247294387817382812e+02,4.408909908487714802e+01,channels
0.000000000000000000e+00,0.000000000000000000e+00,6.627450980392156632e-01,1.259252000610949374e+01,1.053701496124267578e+01,7.203759146771234612e+01,channels
3.294117647058823484e-01,0.000000000000000000e+00,0.000000000000000000e+00,1.349953299999456924e+01,6.093324661254882812e+00,7.650214588309212083e-01,channels
0.000000000000000000e+00,7.803921568627451011e-01,0.000000000000000000e+00,2.059350216777363585e+01,8.010069274902343750e+01,3.082818621906424994e+01,channels
0.000000000000000000e+00,0.000000000000000000e+00,7.411764705882353255e-01,1.626802886384803770e+01,1.370992755889892578e+01,9.380341685896918591e+01,channels
0.000000000000000000e+00,4.078431372549019551e-01,0.000000000000000000e+00,5.019177152216675708e+00,1.897319793701171875e+01,8.063219539180712658e+00,channels
0.000000000000000000e+00,6.274509803921568540e-02,0.000000000000000000e+00,3.522849748547940418e-01,5.565848350524902344e-01,5.632855477148662748e-01,channels
0.000000000000000000e+00,0.000000000000000000e+00,9.725490196078431238e-01,3.625605872008965491e+01,3.272338485717773438e+01,2.080742411688464415e+02,channels
0.000000000000000000e+00,0.000000000000000000e+00,3.921568627450980338e-01,4.022251594636614414e+00,3.330753564834594727e+00,2.230501192456847548e+01,channels
0.000000000000000000e+00,9.215686274509803377e-01,0.000000000000000000e+00,3.106220225303600557e+01,1.200035476684570312e+02,4.303644837164780768e+01,channels
0.000000000000000000e+00,5.725490196078431016e-01,0.000000000000000000e+00,1.038168800305845352e+01,3.992957305908203125e+01,1.628105759151402765e+01,channels
0.000000000000000000e+00,4.313725490196078372e-02,0.000000000000000000e+00,3.642721529479235332e-01,4.706565439701080322e-01,5.265676598498263417e-01,channels
4.431372549019607643e-01,0.000000000000000000e+00,0.000000000000000000e+00,2.578071960528124862e+01,1.142636871337890625e+01,9.387047929258858225e-01,channels
0.000000000000000000e+00,2.784313725490196179e-01,0.000000000000000000e+00,2.416016083187296992e+00,8.570168495178222656e+00,3.871658593334308396e+00,channels
0.000000000000000000e+00,3.725490196078431460e-01,0.000000000000000000e+00,4.177286823855737019e+00,1.554783344268798828e+01,6.688252821114764934e+00,channels
0.000000000000000000e+00,5.333333333333333259e-01,0.000000000000000000e+00,8.901998820742845098e+00,3.421606445312500000e+01,1.404503004994843351e+01,channels
0.000000000000000000e+00,3.882352941176470673e-01,0.000000000000000000e+00,4.572477658251629329e+00,1.700647163391113281e+01,7.269761257408230648e+00,channels
0.000000000000000000e+00,7.490196078431372584e-01,0.000000000000000000e+00,1.858894175669972171e+01,7.228588104248046875e+01,2.814471024608685923e+01,channels
0.000000000000000000e+00,0.000000000000000000e+00,9.215686274509803377e-01,2.982264080501047587e+01,2.603959846496582031e+01,1.718944153597165041e+02,channels
0.000000000000000000e+00,0.000000000000000000e+00,1.098039215686274495e-01,5.809909407448508034e-01,5.403282642364501953e-01,1.655928129982039199e+00,channels
0.000000000000000000e+00,3.921568627450980338e-02,0.000000000000000000e+00,4.003446057125603086e-01,4.728588461875915527e-01,5.439720632095297326e-01,channels
1.058823529411764691e-01,0.000000000000000000e+00,0.000000000000000000e+00,1.329069023387901671e+00,7.975578308105468750e-01,5.376064390410356664e-01,channels
8.627450980392157298e-01,0.000000000000000000e+00,0.000000000000000000e+00,1.200170070800380699e+02,5.239245605468750000e+01,2.176516034912103770e+00,channels
0.000000000000000000e+00,0.000000000000000000e+00,4.941176470588235503e-01,6.631710047755553283e+00,5.503579616546630859e+00,3.717287036884948037e+01,channels
0.000000000000000000e+00,0.000000000000000000e+00,6.980392156862744724e-01,1.409771087898916875e+01,1.181563663482666016e+01,8.094272827218415500e+01,channels
0.000000000000000000e+00,0.000000000000000000e+00,0.000000000000000000e+00,4.037451202222656077e-01,3.944387733936309814e-01,4.930436661649321706e-01,channels
0.000000000000000000e+00,0.000000000000000000e+00,8.823529411764705621e-01,2.590290685372165669e+01,2.231154251098632812e+01,1.494743357779586574e+02,channels
0.000000000000000000e+00,0.000000000000000000e+00,9.137254901960784048e-01,2.897107549755885714e+01,2.521182632446289062e+01,1.672508689879815904e+02,channels
0.000000000000000000e+00,2.823529411764705843e-01,0.000000000000000000e+00,2.504209884801284147e+00,8.850978851318359375e+00,4.038510821179325916e+00,channels
8.196078431372548767e-01,0.000000000000000000e+00,0.000000000000000000e+00,1.052448780464771545e+02,4.597492599487304688e+01,2.056620265759351529e+00,channels
0.000000000000000000e+00,2.823529411764705843e-01,0.000000000000000000e+00,2.506222885770329256e+00,8.831988334655761719e+00,3.984467933026259345e+00,channels
3.176470588235293935e-01,0.000000000000000000e+00,0.000000000000000000e+00,1.261000629680150276e+01,5.700621604919433594e+00,7.216565460843648028e-01,channels
0.000000000000000000e+00,0.000000000000000000e+00,5.333333333333333259e-01,7.779763119379521363e+00,6.470432758331298828e+00,4.418394003839240014e+01,channels
3.372549019607843368e-01,0.000000000000000000e+00,0.000000000000000000e+00,1.432959470808283697e+01,6.456343173980712891e+00,7.626698664817329609e-01,channels
0.000000000000000000e+00,0.000000000000000000e+00,1.803921568627450955e-01,9.628120759377173377e-01,8.400094509124755859e-01,4.098750953343574643e+00,channels
4.666666666666666741e-01,0.000000000000000000e+00,0.000000000000000000e+00,2.881034572982097330e+01,1.275904083251953125e+01,1.016091086276142974e+00,channels
0.000000000000000000e+00,9.764705882352940902e-01,0.000000000000000000e+00,3.449198545995673015e+01,1.326281585693359375e+02,4.563645411976719402e+01,channels
0.000000000000000000e+00,6.235294117647058876e-01,0.000000000000000000e+00,1.232973594372456994e+01,4.798178863525390625e+01,1.925711224463691806e+01,channels
0.000000000000000000e+00,0.000000000000000000e+00,4.000000000000000222e-01,4.209549555812992061e+00,3.509638547897338867e+00,2.329331365740709359e+01,channels
0.000000000000000000e+00,6.549019607843137303e-01,0.000000000000000000e+00,1.380771920419100418e+01,5.360714340209960938e+01,2.140835720825663202e+01,channels
0.000000000000000000e+00,0.000000000000000000e+00,3.607843137254901911e-01,3.434813943081919785e+00,2.868304252624511719e+00,1.864288542277914118e+01,channels
0.000000000000000000e+00,1.725490196078431349e-01,0.000000000000000000e+00,1.029530029214331233e+00,3.049836635589599609e+00,1.600481294674130917e+00,channels
1.921568627450980227e-01,0.000000000000000000e+00,0.000000000000000000e+00,3.990148997801762576e+00,1.938051342964172363e+00,5.721108794863417613e-01,channels
0.000000000000000000e+00,0.000000000000000000e+00,8.392156862745098200e-01,2.261113702936471270e+01,1.929468917846679688e+01,1.303987372837039231e+02,channels
9.019607843137254777e-02,0.000000000000000000e+00,0.000000000000000000e+00,9.788706768310102557e-01,6.411706805229187012e-01,5.117458491590742842e-01,channels
0.000000000000000000e+00,3.647058823529411575e-01,0.000000000000000000e+00,3.994824032662732005e+00,1.490139389038085938e+01,6.431685057608928169e+00,channels
0.000000000000000000e+00,0.000000000000000000e+00,9.098039215686274384e-01,2.849097073100660182e+01,2.476245498657226562e+01,1.643555257668197953e+02,channels
0.000000000000000000e+00,6.235294117647058876e-01,0.000000000000000000e+00,1.235961424130724851e+01,4.803445434570312500e+01,1.929865075539677122e+01,channels
0.000000000000000000e+00,1.803921568627450955e-01,0.000000000000000000e+00,1.119352999993779907e+00,3.346244812011718750e+00,1.739831951417257994e+00,channels
0.000000000000000000e+00,4.078431372549019551e-01,0.000000000000000000e+00,5.012187330122449325e+00,1.892761993408203125e+01,8.034989304155940815e+00,channels
7.450980392156862642e-02,0.000000000000000000e+00,0.000000000000000000e+00,8.274602585068731031e-01,5.998488068580627441e-01,5.474403478296597791e-01,channels
0.000000000000000000e+00,6.313725490196078205e-01,0.000000000000000000e+00,1.277102102566102459e+01,4.949457550048828125e+01,1.987857153607987115e+01,channels
5.254901960784313930e-01,0.000000000000000000e+00,0.000000000000000000e+00,3.789912060536274652e+01,1.672152900695800781e+01,1.221603881891902610e+00,channels
0.000000000000000000e+00,0.000000000000000000e+00,3.176470588235293935e-01,2.741613101990352241e+00,2.289537906646728516e+00,1.431085323683224253e+01,channels
0.000000000000000000e+00,7.254901960784313486e-01,0.000000000000000000e+00,1.733257468034672399e+01,6.736554718017578125e+01,2.638997870676866953e+01,channels
2.313725490196078538e-01,0.000000000000000000e+00,0.000000000000000000e+00,6.359719957818128044e+00,2.985684394836425781e+00,6.065750327110619455e-01,channels
0.000000000000000000e+00,5.921568627450980449e-01,0.000000000000000000e+00,1.111095823946799577e+01,4.296553802490234375e+01,1.741990725410253660e+01,channels
0.000000000000000000e+00,4.901960784313725283e-01,0.000000000000000000e+00,7.392352252604733387e+00,2.825617027282714844e+01,1.172451672576890758e+01,channels
3.607843137254901911e-01,0.000000000000000000e+00,0.000000000000000000e+00,1.648639112413622243e+01,7.401256084442138672e+00,8.084257027536242424e-01,channels
0.000000000000000000e+00,0.000000000000000000e+00,7.098039215686274828e-01,1.474521054317687074e+01,1.235980129241943359e+01,8.456333654959915691e+01,channels
4.666666666666666741e-01,0.000000000000000000e+00,0.000000000000000000e+00,2.885158353965073275e+01,1.279796886444091797e+01,1.060620175693679057e+00,channels
7.372549019607843590e-01,0.000000000000000000e+00,0.000000000000000000e+00,8.049426830357693063e+01,3.522332000732421875e+01,1.791402445755703399e+00,channels
0.000000000000000000e+00,3.333333333333333148e-01,0.000000000000000000e+00,3.425468717990230338e+00,1.240266227722167969e+01,5.441385179389310878e+00,channels
0.000000000000000000e+00,0.000000000000000000e+00,1.725490196078431349e-01,9.256574914301893831e-01,7.997205853462219238e-01,3.799384009850872879e+00,channels
0.000000000000000000e+00,0.000000000000000000e+00,3.176470588235293935e-01,2.725410797241257121e+00,2.288197278976440430e+00,1.430911161249134267e+01,channels
4.196078431372549100e-01,0.000000000000000000e+00,0.000000000000000000e+00,2.285618279012422960e+01,1.013280010223388672e+01,8.531415706848792802e-01,channels
8.784313725490195957e-01,0.000000000000000000e+00,0.000000000000000000e+00,1.253560474849649466e+02,5.471275329589843750e+01,2.180049253444986235e+00,channels
0.000000000000000000e+00,3.607843137254901911e-01,0.000000000000000000e+00,3.953268590452242215e+00,1.459732246398925781e+01,6.323595159444312941e+00,channels
7.725490196078431682e-01,0.000000000000000000e+00,0.000000000000000000e+00,9.053642711828652523e+01,3.960168457031250000e+01,1.873898036965907510e+00,channels
0.000000000000000000e+00,0.000000000000000000e+00,5.490196078431372473e-02,3.532347230796789028e-01,3.491809964179992676e-01,6.893830691641087416e-01,channels
0.000000000000000000e+00,0.000000000000000000e+00,7.529411764705882248e-01,1.697137655496839059e+01,1.428375339508056641e+01,9.770229552519380434e+01,channels
0.000000000000000000e+00,2.117647058823529382e-01,0.000000000000000000e+00,1.403245100937859924e+00,4.662690639495849609e+00,2.308442486323867282e+00,channels
3.411764705882353033e-01,0.000000000000000000e+00,0.000000000000000000e+00,1.456469706608218040e+01,6.542957305908203125e+00,7.477420774133453074e-01,channels
4.431372549019607643e-01,0.000000000000000000e+00,0.000000000000000000e+00,2.573425588188208835e+01,1.139389228820800781e+01,9.679595190212683109e-01,channels
0.000000000000000000e+00,3.098039215686274606e-01,0.000000000000000000e+00,2.948202516256300587e+00,1.066949844360351562e+01,4.709818565626981979e+00,channels
0.000000000000000000e+00,0.000000000000000000e+00,9.450980392156862475e-01,3.240649569528220297e+01,2.860273551940917969e+01,1.868337712706502600e+02,channels
0.000000000000000000e+00,0.000000000000000000e+00,3.098039215686274606e-01,2.607082343737197494e+00,2.188898086547851562e+00,1.373214178475534553e+01,channels
0.000000000000000000e+00,8.705882352941176627e-01,0.000000000000000000e+00,2.691492724354561972e+01,1.045474166870117188e+02,3.871694262831125144e+01,channels
0.000000000000000000e+00,0.000000000000000000e+00,6.666666666666666297e-01,1.273099308770296112e+01,1.065360546112060547e+01,7.306812277666459465e+01,channels
0.000000000000000000e+00,9.921568627450980671e-01,0.000000000000000000e+00,3.532461417253227864e+01,1.355480194091796875e+02,4.596757408966464453e+01,channels
9.803921568627450844e-02,0.000000000000000000e+00,0.000000000000000000e+00,1.133947208554943131e+00,7.188282608985900879e-01,5.262761026767379668e-01,channels
3.960784313725490002e-01,0.000000000000000000e+00,0.000000000000000000e+00,2.007998608390212070e+01,8.958691596984863281e+00,9.134053724171840027e-01,channels
0.000000000000000000e+00,0.000000000000000000e+00,5.176470588235293491e-01,7.172384344410124513e+00,5.949983119964599609e+00,4.062649372784383672e+01,channels
9.803921568627450844e-02,0.000000000000000000e+00,0.000000000000000000e+00,1.182172508406233113e+00,7.362064123153686523e-01,5.409294759843589206e-01,channels
0.000000000000000000e+00,0.000000000000000000e+00,1.960784313725490169e-01,1.117057218661452689e+00,9.633446931838989258e-01,4.865123137942449105e+00,channels
1.607843137254901800e-01,0.000000000000000000e+00,0.000000000000000000e+00,2.844647291189051685e+00,1.456002235412597656e+00,5.696946181485328387e-01,channels
0.000000000000000000e+00,1.000000000000000000e+00,0.000000000000000000e+00,3.544620271004496459e+01,1.359837493896484375e+02,4.597594017949288059e+01,channels
0.000000000000000000e+00,4.392156862745097978e-01,0.000000000000000000e+00,5.866734092576547432e+00,2.226242065429687500e+01,9.366754600715328394e+00,channels
0.000000000000000000e+00,0.000000000000000000e+00,4.705882352941176405e-02,3.981999525248504646e-01,4.093658030033111572e-01,6.770743245228624252e-01,channels
0.000000000000000000e+00,5.098039215686274439e-02,0.000000000000000000e+00,3.993612394524423959e-01,5.306247472763061523e-01,5.490512939604361708e-01,channels
0.000000000000000000e+00,3.921568627450980338e-01,0.000000000000000000e+00,4.628778195024211506e+00,1.737178230285644531e+01,7.411595693155668130e+00,channels
1.921568627450980227e-01,0.000000000000000000e+00,0.000000000000000000e+00,3.994886049580741449e+00,1.953666687011718750e+00,5.654591979468343022e-01,channels
4.156862745098038880e-01,0.000000000000000000e+00,0.000000000000000000e+00,2.194666389527436934e+01,9.766483306884765625e+00,9.002589661571512858e-01,channels
0.000000000000000000e+00,3.137254901960784270e-01,0.000000000000000000e+00,2.983125547596102933e+00,1.091222572326660156e+01,4.804953385644386898e+00,channels
0.000000000000000000e+00,1.411764705882352922e-01,0.000000000000000000e+00,7.658264548451451104e-01,2.032675981521606445e+00,1.187126104037434571e+00,channels
0.000000000000000000e+00,1.568627450980392135e-01,0.000000000000000000e+00,8.852713144405741641e-01,2.491131067276000977e+00,1.367463822832374776e+00,channels
0.000000000000000000e+00,0.000000000000000000e+00,7.764705882352941346e-01,1.831888801441503389e+01,1.549562263488769531e+01,1.056451007670900282e+02,channels
0.000000000000000000e+00,0.000000000000000000e+00,2.117647058823529382e-01,1.268566396224165782e+00,1.098595142364501953e+00,5.829009003812583245e+00,channels
1.647058823529411742e-01,0.000000000000000000e+00,0.000000000000000000e+00,3.093779716934073498e+00,1.552922964096069336e+00,5.350986494582810060e-01,channels
1.921568627450980227e-01,0.000000000000000000e+00,0.000000000000000000e+00,3.975633632679598239e+00,1.927489399909973145e+00,5.568096071649590861e-01,channels
8.156862745098039102e-01,0.000000000000000000e+00,0.000000000000000000e+00,1.038940960207547732e+02,4.539092254638671875e+01,1.987544591108713510e+00,channels
0.000000000000000000e+00,2.000000000000000111e-01,0.000000000000000000e+00,1.324648892678350398e+00,4.155045032501220703e+00,2.084616248256788484e+00,channels
7.058823529411764053e-01,0.000000000000000000e+00,0.000000000000000000e+00,7.184452085452328163e+01,3.144022560119628906e+01,1.658252553997731304e+00,channels
0.000000000000000000e+00,0.000000000000000000e+00,9.294117647058823817e-01,3.077578099603386974e+01,2.696151161193847656e+01,1.773993571884613800e+02,channels
0.000000000000000000e+00,5.450980392156862253e-01,0.000000000000000000e+00,9.377592537691304742e+00,3.593843841552734375e+01,1.476912847032363274e+01,channels
0.000000000000000000e+00,9.450980392156862475e-01,0.000000000000000000e+00,3.293496457348375372e+01,1.270884323120117188e+02,4.460895129937970438e+01,channels
0.000000000000000000e+00,9.568627450980391469e-01,0.000000000000000000e+00,3.354390078960955179e+01,1.292244415283203125e+02,4.505533485683746164e+01,channels
0.000000000000000000e+00,7.333333333333332815e-01,0.000000000000000000e+00,1.769488194350417487e+01,6.890689849853515625e+01,2.692907024934474691e+01,channels
0.000000000000000000e+00,7.333333333333332815e-01,0.000000000000000000e+00,1.768407876767043163e+01,6.889257049560546875e+01,2.693441816501179176e+01,channels
0.000000000000000000e+00,0.000000000000000000e+00,4.313725490196078372e-02,3.642478457448361517e-01,3.640965819358825684e-01,6.603207410179950942e-01,channels
0.000000000000000000e+00,1.176470588235294101e-02,0.000000000000000000e+00,3.815425441712810284e-01,3.906708359718322754e-01,5.007153067506640021e-01,channels
0.000000000000000000e+00,0.000000000000000000e+00,7.843137254901960675e-02,4.258629218696893814e-01,4.146805703639984131e-01,1.026832464915243159e+00,channels
4.901960784313725283e-01,0.000000000000000000e+00,0.000000000000000000e+00,3.212064771315880307e+01,1.418696689605712891e+01,1.102834748460380654e+00,channels
0.000000000000000000e+00,4.470588235294117307e-01,0.000000000000000000e+00,6.007177066520875464e+00,2.275417709350585938e+01,9.572776546360369565e+00,channels
0.000000000000000000e+00,0.000000000000000000e+00,1.568627450980392135e-01,8.118608662352532201e-01,7.336848378181457520e-01,3.136790132839942569e+00,channels
7.647058823529411242e-01,0.000000000000000000e+00,0.000000000000000000e+00,8.801424122385409987e+01,3.848134994506835938e+01,1.844774337072928594e+00,channels
3.019607843137254721e-01,0.000000000000000000e+00,0.000000000000000000e+00,1.119784087573712483e+01,5.073016643524169922e+00,7.177141157583847297e-01,channels
0.000000000000000000e+00,1.764705882352941013e-01,0.000000000000000000e+00,1.023904064492187738e+00,3.037675380706787109e+00,1.592451197045608335e+00,channels
0.000000000000000000e+00,0.000000000000000000e+00,9.647058823529411908e-01,3.494155853545376544e+01,3.125766181945800781e+01,2.009993353713811359e+02,channels
0.000000000000000000e+00,7.372549019607843590e-01,0.000000000000000000e+00,1.791376361093372793e+01,6.976403045654296875e+01,2.723901559316587750e+01,channels
3.176470588235293935e-01,0.000000000000000000e+00,0.000000000000000000e+00,1.265178479620317020e+01,5.752435684204101562e+00,7.678732053373878985e-01,channels
0.000000000000000000e+00,9.921568627450980671e-01,0.000000000000000000e+00,3.537822331184754177e+01,1.356064910888671875e+02,4.598140889207488868e+01,channels
0.000000000000000000e+00,0.000000000000000000e+00,1.372549019607843257e-01,6.249622049559290238e-01,5.986664295196533203e-01,2.360576101448662367e+00,channels
1.647058823529411742e-01,0.000000000000000000e+00,0.000000000000000000e+00,3.032419182553684589e+00,1.512837052345275879e+00,4.862509567154300605e-01,channels
0.000000000000000000e+00,0.000000000000000000e+00,9.490196078431372140e-01,3.272272534291315793e+01,2.893026733398437500e+01,1.887773004673336743e+02,channels
4.784313725490195734e-01,0.000000000000000000e+00,0.000000000000000000e+00,2.991923794228166145e+01,1.324036979675292969e+01,1.068792675779865586e+00,channels
0.000000000000000000e+00,9.411764705882352811e-02,0.000000000000000000e+00,5.139937418846892703e-01,1.010721802711486816e+00,7.627252142410817504e-01,channels
1.607843137254901800e-01,0.000000000000000000e+00,0.000000000000000000e+00,2.855072177326135385e+00,1.472352862358093262e+00,5.804308037172662971e-01,channels
0.000000000000000000e+00,0.000000000000000000e+00,1.000000000000000000e+00,3.946820462052652800e+01,3.771536254882812500e+01,2.244481455029579706e+02,channels
0.000000000000000000e+00,0.000000000000000000e+00,7.098039215686274828e-01,1.468095352883142013e+01,1.230663681030273438e+01,8.435417824613473670e+01,channels
6.941176470588235059e-01,0.000000000000000000e+00,0.000000000000000000e+00,7.094566360264236948e+01,3.108597183227539062e+01,1.684272232289954596e+00,channels
0.000000000000000000e+00,2.627450980392156965e-01,0.000000000000000000e+00,2.192127128060654684e+00,7.630482673645019531e+00,3.504384673377233028e+00,channels
5.098039215686274439e-02,0.000000000000000000e+00,0.000000000000000000e+00,4.966138564593938209e-01,4.290009140968322754e-01,4.757592784705581557e-01,channels
0.000000000000000000e+00,4.627450980392157076e-01,0.000000000000000000e+00,6.515528647951072116e+00,2.491975212097167969e+01,1.041699099711523324e+01,channels
8.235294117647058709e-02,0.000000000000000000e+00,0.000000000000000000e+00,8.692266331940102786e-01,6.033561229705810547e-01,5.162490887657827932e-01,channels
0.000000000000000000e+00,5.450980392156862253e-01,0.000000000000000000e+00,9.355028880230328525e+00,3.591828155517578125e+01,1.472100561893285686e+01,channels
8.274509803921568096e-01,0.000000000000000000e+00,0.000000000000000000e+00,1.075145452036584288e+02,4.696192169189453125e+01,2.034206761175517464e+00,channels
0.000000000000000000e+00,0.000000000000000000e+00,7.098039215686274828e-01,1.466626275411817204e+01,1.228929328918457031e+01,8.451614153435329513e+01,channels
0.000000000000000000e+00,5.960784313725490113e-01,0.000000000000000000e+00,1.129066394559433029e+01,4.361869812011718750e+01,1.764486793426964439e+01,channels
0.000000000000000000e+00,0.000000000000000000e+00,2.196078431372548989e-01,1.312517491301911754e+00,1.106142163276672363e+00,6.416227846674073199e+00,channels
0.000000000000000000e+00,0.000000000000000000e+00,6.274509803921568540e-01,1.110402611442255782e+01,9.255646705627441406e+00,6.347861300958213349e+01,channels
0.000000000000000000e+00,4.666666666666666741e-01,0.000000000000000000e+00,6.691108615722805020e+00,2.540513610839843750e+01,1.064013262962463280e+01,channels
0.000000000000000000e+00,3.137254901960784270e-02,0.000000000000000000e+00,3.358711591567521970e-01,3.687357902526855469e-01,4.781765790036291430e-01,channels
5.725490196078431016e-01,0.000000000000000000e+00,0.000000000000000000e+00,4.568698389142712557e+01,2.011604881286621094e+01,1.361512735235816729e+00,channels
8.274509803921568096e-01,0.000000000000000000e+00,0.000000000000000000e+00,1.075206300400553232e+02,4.695135498046875000e+01,2.041869862713889372e+00,channels
0.000000000000000000e+00,3.372549019607843368e-01,0.000000000000000000e+00,3.462836133897412960e+00,1.267341613769531250e+01,5.544602356769011031e+00,channels
0.000000000000000000e+00,2.745098039215686236e-02,0.000000000000000000e+00,3.404959008760173322e-01,3.762276172637939453e-01,4.555047799833203404e-01,channels
0.000000000000000000e+00,5.803921568627450345e-01,0.000000000000000000e+00,1.049379530610362110e+01,4.048648834228515625e+01,1.645968341253867706e+01,channels
0.000000000000000000e+00,0.000000000000000000e+00,1.450980392156862586e-01,6.886202672685132198e-01,6.422008275985717773e-01,2.475511474915818688e+00,channels
0.000000000000000000e+00,0.000000000000000000e+00,3.215686274509803599e-01,2.707562627761638918e+00,2.273781538009643555e+00,1.427936963014675520e+01,channels
0.000000000000000000e+00,0.000000000000000000e+00,6.039215686274509443e-01,1.016269848027761746e+01,8.450970649719238281e+00,5.821178652477134108e+01,channels
7.333333333333332815e-01,0.000000000000000000e+00,0.000000000000000000e+00,7.938416720005415073e+01,3.474692916870117188e+01,1.763089357011335290e+00,channels
5.333333333333333259e-01,0.000000000000000000e+00,0.000000000000000000e+00,3.916146256420046967e+01,1.726360321044921875e+01,1.190212194730198680e+00,channels
0.000000000000000000e+00,6.627450980392156632e-01,0.000000000000000000e+00,1.412778912316133351e+01,5.496342086791992188e+01,2.187477374335379920e+01,channels
0.000000000000000000e+00,9.176470588235293713e-01,0.000000000000000000e+00,3.074460670691909314e+01,1.188282928466796875e+02,4.268859973294570409e+01,channels
6.313725490196078205e-01,0.000000000000000000e+00,0.000000000000000000e+00,5.700342528558966393e+01,2.502425765991210938e+01,1.480115228668691163e+00,channels
0.000000000000000000e+00,3.058823529411764941e-01,0.000000000000000000e+00,2.878593675058917167e+00,1.037984752655029297e+01,4.605482728588673247e+00,channels
2.901960784313725172e-01,0.000000000000000000e+00,0.000000000000000000e+00,1.016826535462816850e+01,4.644361495971679688e+00,6.924474054344528229e-01,channels
0.000000000000000000e+00,6.470588235294117974e-01,0.000000000000000000e+00,1.346069689709853279e+01,5.222177124023437500e+01,2.087100980942737749e+01,channels
9.294117647058823817e-01,0.000000000000000000e+00,0.000000000000000000e+00,1.472555153574160727e+02,6.419901275634765625e+01,2.269983179351255043e+00,channels
0.000000000000000000e+00,3.333333333333333148e-01,0.000000000000000000e+00,3.392568983667481497e+00,1.236153221130371094e+01,5.414062184568130931e+00,channels
4.235294117647058765e-01,0.000000000000000000e+00,0.000000000000000000e+00,2.343277332501502030e+01,1.042045021057128906e+01,9.393436703972765089e-01,channels
0.000000000000000000e+00,0.000000000000000000e+00,2.980392156862745057e-01,2.408794273553487297e+00,2.011895895004272461e+00,1.238043773753634191e+01,channels
0.000000000000000000e+00,0.000000000000000000e+00,6.862745098039215730e-01,1.357493849983338130e+01,1.135567188262939453e+01,7.799946639305333917e+01,channels
0.000000000000000000e+00,0.000000000000000000e+00,7.019607843137254388e-01,1.434455409882211718e+01,1.203216838836669922e+01,8.262823154617191790e+01,channels
4.156862745098038880e-01,0.000000000000000000e+00,0.000000000000000000e+00,2.197132387457224567e+01,9.777261734008789062e+00,9.100371485745217814e-01,channels
0.000000000000000000e+00,0.000000000000000000e+00,8.431372549019607865e-01,2.284370940651313120e+01,1.950725746154785156e+01,1.317445786947969282e+02,channels
0.000000000000000000e+00,0.000000000000000000e+00,4.156862745098038880e-01,4.483983040408890730e+00,3.730246543884277344e+00,2.473493225636027404e+01,channels
3.019607843137254721e-01,0.000000000000000000e+00,0.000000000000000000e+00,1.122379886282539552e+01,5.095797061920166016e+00,7.192722867004747167e-01,channels
0.000000000000000000e+00,0.000000000000000000e+00,7.450980392156862642e-02,4.345418787045451925e-01,4.226184785366058350e-01,1.023317373793033225e+00,channels
0.000000000000000000e+00,0.000000000000000000e+00,9.254901960784314152e-01,3.025705650552299275e+01,2.645727539062500000e+01,1.746040238043595423e+02,channels
0.000000000000000000e+00,7.058823529411764608e-02,0.000000000000000000e+00,4.157399799331870649e-01,6.866018772125244141e-01,6.245957640624301144e-01,channels
0.000000000000000000e+00,0.000000000000000000e+00,2.941176470588235392e-01,2.350424837742175921e+00,1.980490207672119141e+00,1.222093256322925470e+01,channels
0.000000000000000000e+00,5.411764705882352589e-01,0.000000000000000000e+00,9.156917361411723633e+00,3.530159759521484375e+01,1.448119067649687608e+01,channels
0.000000000000000000e+00,0.000000000000000000e+00,6.235294117647058876e-01,1.089928832235991152e+01,9.095613479614257812e+00,6.246253496113568104e+01,channels
0.000000000000000000e+00,4.431372549019607643e-01,0.000000000000000000e+00,5.992215843304816936e+00,2.272665596008300781e+01,9.588150189216204211e+00,channels
0.000000000000000000e+00,0.000000000000000000e+00,6.392156862745097534e-01,1.156204075388373909e+01,9.651949882507324219e+00,6.620722823328725326e+01,channels
3.529411764705882304e-02,0.000000000000000000e+00,0.000000000000000000e+00,4.372757324081216757e-01,4.006311893463134766e-01,5.232161145682292513e-01,channels
0.000000000000000000e+00,4.235294117647058765e-01,0.000000000000000000e+00,5.448040616573460504e+00,2.062808799743652344e+01,8.715988714245840541e+00,channels
0.000000000000000000e+00,9.450980392156862475e-01,0.000000000000000000e+00,3.291767876667320536e+01,1.270697708129882812e+02,4.462382482574385989e+01,channels
0.000000000000000000e+00,9.411764705882352811e-02,0.000000000000000000e+00,5.309872027727033927e-01,1.036884188652038574e+00,7.596763313494958592e-01,channels
0.000000000000000000e+00,4.666666666666666741e-01,0.000000000000000000e+00,6.621950246083360803e+00,2.530281448364257812e+01,1.055606724498915128e+01,channels
0.000000000000000000e+00,9.098039215686274384e-01,0.000000000000000000e+00,3.012731120028888299e+01,1.164385757446289062e+02,4.211534874292212294e+01,channels
5.843137254901961120e-01,0.000000000000000000e+00,0.000000000000000000e+00,4.773797929922178440e+01,2.098477172851562500e+01,1.302880705744114964e+00,channels
0.000000000000000000e+00,5.921568627450980449e-01,0.000000000000000000e+00,1.111345188655072747e+01,4.293539047241210938e+01,1.740544542114482951e+01,channels
1.000000000000000000e+00,0.000000000000000000e+00,0.000000000000000000e+00,1.636298895395908062e+02,7.125617218017578125e+01,2.226835541410097541e+00,channels
6.392156862745097534e-01,0.000000000000000000e+00,0.000000000000000000e+00,5.822149265049698386e+01,2.554705810546875000e+01,1.486677661746750756e+00,channels
